"","TestRMSE","TrainRMSE","SubSampRate","ColSampRate","Depth","eta","currentMinChild","nRounds"
"1",4121550.75,2980466.75,0.5,0.7,1,0.04,1,170
"2",4139768.25,2983623,0.6,0.7,1,0.04,1,170
"3",4149310,2985967,0.5,0.6,1,0.04,1,170
"4",4147101.75,2988784,0.6,0.6,1,0.04,1,170
"5",3546019.75,2523519,0.5,0.7,2,0.04,1,170
"6",3533164.5,2513985.5,0.6,0.7,2,0.04,1,170
"7",3566287.25,2525016.25,0.5,0.6,2,0.04,1,170
"8",3529182.75,2519600,0.6,0.6,2,0.04,1,170
"9",3476564.25,2334793,0.5,0.7,3,0.04,1,170
"10",3428783.5,2314964,0.6,0.7,3,0.04,1,170
"11",3480988.75,2341686.5,0.5,0.6,3,0.04,1,170
"12",3483638,2324324.25,0.6,0.6,3,0.04,1,170
"13",3347536.5,2157836.75,0.5,0.7,4,0.04,1,170
"14",3340385.25,2124663.75,0.6,0.7,4,0.04,1,170
"15",3398806.25,2163241.5,0.5,0.6,4,0.04,1,170
"16",3364949.75,2139907.5,0.6,0.6,4,0.04,1,170
"17",3390996.25,1982007.375,0.5,0.7,5,0.04,1,170
"18",3370386.25,1931274.75,0.6,0.7,5,0.04,1,170
"19",3344842.5,1990855.875,0.5,0.6,5,0.04,1,170
"20",3350402,1948003.25,0.6,0.6,5,0.04,1,170
"21",3320492.5,1814374.75,0.5,0.7,6,0.04,1,170
"22",3369559.5,1745201.25,0.6,0.7,6,0.04,1,170
"23",3382446.25,1818803.75,0.5,0.6,6,0.04,1,170
"24",3392338,1759197.375,0.6,0.6,6,0.04,1,170
"25",4067001.5,2915262.25,0.5,0.7,1,0.05,1,170
"26",4058278,2921519.25,0.6,0.7,1,0.05,1,170
"27",4061832.5,2922405.25,0.5,0.6,1,0.05,1,170
"28",4051633,2925355.25,0.6,0.6,1,0.05,1,170
"29",3514708.5,2471857.75,0.5,0.7,2,0.05,1,170
"30",3526649.25,2454218.75,0.6,0.7,2,0.05,1,170
"31",3553761.25,2473315.75,0.5,0.6,2,0.05,1,170
"32",3525073.25,2463391,0.6,0.6,2,0.05,1,170
"33",3380180,2273272.5,0.5,0.7,3,0.05,1,170
"34",3421354.75,2267473.5,0.6,0.7,3,0.05,1,170
"35",3459341.75,2280791.25,0.5,0.6,3,0.05,1,170
"36",3435854.25,2278915.5,0.6,0.6,3,0.05,1,170
"37",3334904,2094804,0.5,0.7,4,0.05,1,170
"38",3361066.5,2067509.625,0.6,0.7,4,0.05,1,170
"39",3386113.25,2101814.75,0.5,0.6,4,0.05,1,170
"40",3377606,2080372.625,0.6,0.6,4,0.05,1,170
"41",3321680.25,1925231.5,0.5,0.7,5,0.05,1,170
"42",3347601.75,1864930.25,0.6,0.7,5,0.05,1,170
"43",3318816,1924003.375,0.5,0.6,5,0.05,1,170
"44",3356756.75,1883365.75,0.6,0.6,5,0.05,1,170
"45",3324013.25,1742949,0.5,0.7,6,0.05,1,170
"46",3331258,1672216.625,0.6,0.7,6,0.05,1,170
"47",3347691,1744468.625,0.5,0.6,6,0.05,1,170
"48",3394528.75,1684611.75,0.6,0.6,6,0.05,1,170
"49",4006534,2866343.25,0.5,0.7,1,0.06,1,170
"50",4014332.75,2871509.5,0.6,0.7,1,0.06,1,170
"51",4014698.25,2869522.25,0.5,0.6,1,0.06,1,170
"52",4033475.75,2876327.75,0.6,0.6,1,0.06,1,170
"53",3537990.75,2427211,0.5,0.7,2,0.06,1,170
"54",3496998.5,2424397.5,0.6,0.7,2,0.06,1,170
"55",3532566.75,2437130.5,0.5,0.6,2,0.06,1,170
"56",3489233.75,2430983,0.6,0.6,2,0.06,1,170
"57",3388957.5,2233426.5,0.5,0.7,3,0.06,1,170
"58",3399012.75,2246068.5,0.6,0.7,3,0.06,1,170
"59",3418923.25,2236512.5,0.5,0.6,3,0.06,1,170
"60",3407424,2233160.25,0.6,0.6,3,0.06,1,170
"61",3303270.25,2044718.25,0.5,0.7,4,0.06,1,170
"62",3297734.25,2025289.5,0.6,0.7,4,0.06,1,170
"63",3360754.5,2055394.875,0.5,0.6,4,0.06,1,170
"64",3314879.75,2023047.875,0.6,0.6,4,0.06,1,170
"65",3315443,1869582.125,0.5,0.7,5,0.06,1,170
"66",3320552,1819094.75,0.6,0.7,5,0.06,1,170
"67",3367238.25,1862193.375,0.5,0.6,5,0.06,1,170
"68",3332247,1825132.25,0.6,0.6,5,0.06,1,170
"69",3360464.75,1684751.875,0.5,0.7,6,0.06,1,170
"70",3365435.75,1648032.75,0.6,0.7,6,0.06,1,170
"71",3362105.75,1687644.5,0.5,0.6,6,0.06,1,170
"72",3333468.75,1622347.625,0.6,0.6,6,0.06,1,170
"73",3999587.5,2827309.5,0.5,0.7,1,0.07,1,170
"74",3982942.25,2831291.5,0.6,0.7,1,0.07,1,170
"75",3978645.75,2829265.75,0.5,0.6,1,0.07,1,170
"76",4001926.25,2835409.75,0.6,0.6,1,0.07,1,170
"77",3490488,2392420.25,0.5,0.7,2,0.07,1,170
"78",3479943.5,2384376.5,0.6,0.7,2,0.07,1,170
"79",3546767,2402060,0.5,0.6,2,0.07,1,170
"80",3508635.5,2421058.75,0.6,0.6,2,0.07,1,170
"81",3386075.75,2205643.25,0.5,0.7,3,0.07,1,170
"82",3363807.5,2202947.75,0.6,0.7,3,0.07,1,170
"83",3391185.25,2209988.75,0.5,0.6,3,0.07,1,170
"84",3407372.25,2210550.5,0.6,0.6,3,0.07,1,170
"85",3307279.75,2002056.25,0.5,0.7,4,0.07,1,170
"86",3322910,1979952.25,0.6,0.7,4,0.07,1,170
"87",3366206.75,2009831,0.5,0.6,4,0.07,1,170
"88",3331174,1988562.75,0.6,0.6,4,0.07,1,170
"89",3320705.25,1813163.375,0.5,0.7,5,0.07,1,170
"90",3339594.75,1777604.375,0.6,0.7,5,0.07,1,170
"91",3313491,1792919.125,0.5,0.6,5,0.07,1,170
"92",3376649,1761023.375,0.6,0.6,5,0.07,1,170
"93",3371188,1652309.25,0.5,0.7,6,0.07,1,170
"94",3355999,1595908.25,0.6,0.7,6,0.07,1,170
"95",3302937.25,1619920.875,0.5,0.6,6,0.07,1,170
"96",3409754.5,1574659,0.6,0.6,6,0.07,1,170
"97",3961572.25,2796804.75,0.5,0.7,1,0.08,1,170
"98",3988025.25,2807221.75,0.6,0.7,1,0.08,1,170
"99",3974236,2806666,0.5,0.6,1,0.08,1,170
"100",3964484.25,2806314.25,0.6,0.6,1,0.08,1,170
"101",3533612.25,2410657,0.5,0.7,2,0.08,1,170
"102",3506840.5,2380369,0.6,0.7,2,0.08,1,170
"103",3498145.25,2367196.25,0.5,0.6,2,0.08,1,170
"104",3555087.5,2395966.25,0.6,0.6,2,0.08,1,170
"105",3388435.25,2181394.25,0.5,0.7,3,0.08,1,170
"106",3397863.25,2226284.75,0.6,0.7,3,0.08,1,170
"107",3458554.25,2294698.75,0.5,0.6,3,0.08,1,170
"108",3473238.75,2271072.5,0.6,0.6,3,0.08,1,170
"109",3301022.25,2035338.75,0.5,0.7,4,0.08,1,170
"110",3410244.5,2014131,0.6,0.7,4,0.08,1,170
"111",3299139.5,1986100.5,0.5,0.6,4,0.08,1,170
"112",3275528,1944747.625,0.6,0.6,4,0.08,1,170
"113",3383544.5,1858885.875,0.5,0.7,5,0.08,1,170
"114",3310369,1848464.5,0.6,0.7,5,0.08,1,170
"115",3318011,1767735.25,0.5,0.6,5,0.08,1,170
"116",3335287.5,1810449.625,0.6,0.6,5,0.08,1,170
"117",3366240.75,1665771.875,0.5,0.7,6,0.08,1,170
"118",3341282.75,1578170,0.6,0.7,6,0.08,1,170
"119",3382080,1651082.25,0.5,0.6,6,0.08,1,170
"120",3444446.75,1521388.75,0.6,0.6,6,0.08,1,170
"121",3957720,2772464.75,0.5,0.7,1,0.09,1,170
"122",3981407.5,2777712.5,0.6,0.7,1,0.09,1,170
"123",3970241.75,2781255,0.5,0.6,1,0.09,1,170
"124",3991111.25,2784091.25,0.6,0.6,1,0.09,1,170
"125",3511703.5,2391872.5,0.5,0.7,2,0.09,1,170
"126",3522891.5,2450740.25,0.6,0.7,2,0.09,1,170
"127",3501788,2393699.25,0.5,0.6,2,0.09,1,170
"128",3505427.75,2404699.5,0.6,0.6,2,0.09,1,170
"129",3387082.5,2172187,0.5,0.7,3,0.09,1,170
"130",3478606.5,2203599.5,0.6,0.7,3,0.09,1,170
"131",3459018,2209786.25,0.5,0.6,3,0.09,1,170
"132",3514865,2170194.25,0.6,0.6,3,0.09,1,170
"133",3300477.25,2013363.875,0.5,0.7,4,0.09,1,170
"134",3387670,1925327.625,0.6,0.7,4,0.09,1,170
"135",3401315.5,2102515.75,0.5,0.6,4,0.09,1,170
"136",3392058,2027286.875,0.6,0.6,4,0.09,1,170
"137",3465065.5,1895215.75,0.5,0.7,5,0.09,1,170
"138",3377585.5,1737864.875,0.6,0.7,5,0.09,1,170
"139",3291606.25,1739206.875,0.5,0.6,5,0.09,1,170
"140",3374507.25,1696822.25,0.6,0.6,5,0.09,1,170
"141",3433605.5,1735320.375,0.5,0.7,6,0.09,1,170
"142",3331923.5,1527645.375,0.6,0.7,6,0.09,1,170
"143",3402515.25,1531348.875,0.5,0.6,6,0.09,1,170
"144",3425320,1568280.625,0.6,0.6,6,0.09,1,170
"145",3959197.25,2752563.75,0.5,0.7,1,0.1,1,170
"146",4008520,2755663.5,0.6,0.7,1,0.1,1,170
"147",3966479.25,2752063.75,0.5,0.6,1,0.1,1,170
"148",3992058.25,2761128,0.6,0.6,1,0.1,1,170
"149",3507726.5,2364912.75,0.5,0.7,2,0.1,1,170
"150",3505003.25,2389858.5,0.6,0.7,2,0.1,1,170
"151",3481611.25,2336999.75,0.5,0.6,2,0.1,1,170
"152",3479301.5,2351819,0.6,0.6,2,0.1,1,170
"153",3385527.75,2201519,0.5,0.7,3,0.1,1,170
"154",3496655.25,2239156.25,0.6,0.7,3,0.1,1,170
"155",3425093.75,2145160,0.5,0.6,3,0.1,1,170
"156",3425961.5,2128991,0.6,0.6,3,0.1,1,170
"157",3407275.75,2112018.25,0.5,0.7,4,0.1,1,170
"158",3331282,1874883.25,0.6,0.7,4,0.1,1,170
"159",3321061.5,1982232.375,0.5,0.6,4,0.1,1,170
"160",3395768,1890157.125,0.6,0.6,4,0.1,1,170
"161",3468201.75,1870402.25,0.5,0.7,5,0.1,1,170
"162",3345016.25,1751516.5,0.6,0.7,5,0.1,1,170
"163",3375011.5,1709681.875,0.5,0.6,5,0.1,1,170
"164",3389569.5,1653140.125,0.6,0.6,5,0.1,1,170
"165",3401120,1584176.125,0.5,0.7,6,0.1,1,170
"166",3466202.25,1627987.125,0.6,0.7,6,0.1,1,170
"167",3332339.5,1714036.625,0.5,0.6,6,0.1,1,170
"168",3459409.75,1553079.125,0.6,0.6,6,0.1,1,170
"169",4089606,2963037.5,0.5,0.7,1,0.04,1,180
"170",4109599.75,2967316.5,0.6,0.7,1,0.04,1,180
"171",4116497.75,2968177.5,0.5,0.6,1,0.04,1,180
"172",4115679,2972114,0.6,0.6,1,0.04,1,180
"173",3519393.25,2510367.5,0.5,0.7,2,0.04,1,180
"174",3508116,2500866,0.6,0.7,2,0.04,1,180
"175",3549771.5,2509158.5,0.5,0.6,2,0.04,1,180
"176",3510355.25,2506771,0.6,0.6,2,0.04,1,180
"177",3456526.25,2320543.5,0.5,0.7,3,0.04,1,180
"178",3411483.5,2300029.5,0.6,0.7,3,0.04,1,180
"179",3471839.25,2326923,0.5,0.6,3,0.04,1,180
"180",3474032.75,2309147.5,0.6,0.6,3,0.04,1,180
"181",3329317.5,2142433.5,0.5,0.7,4,0.04,1,180
"182",3322302.25,2109347,0.6,0.7,4,0.04,1,180
"183",3382909,2146873.5,0.5,0.6,4,0.04,1,180
"184",3355794.25,2124461.75,0.6,0.6,4,0.04,1,180
"185",3379487,1963596.75,0.5,0.7,5,0.04,1,180
"186",3360960.75,1913279.5,0.6,0.7,5,0.04,1,180
"187",3336986.5,1973911.125,0.5,0.6,5,0.04,1,180
"188",3340441.25,1931019.625,0.6,0.6,5,0.04,1,180
"189",3308687.5,1796758,0.5,0.7,6,0.04,1,180
"190",3356181.5,1726572.375,0.6,0.7,6,0.04,1,180
"191",3376958.5,1802652.625,0.5,0.6,6,0.04,1,180
"192",3385471.5,1739953.125,0.6,0.6,6,0.04,1,180
"193",4048324,2898881.25,0.5,0.7,1,0.05,1,180
"194",4036413.75,2903869,0.6,0.7,1,0.05,1,180
"195",4047025.75,2906137.75,0.5,0.6,1,0.05,1,180
"196",4030609,2908626,0.6,0.6,1,0.05,1,180
"197",3488004.75,2460323.25,0.5,0.7,2,0.05,1,180
"198",3509875.5,2441626,0.6,0.7,2,0.05,1,180
"199",3538039.5,2459687.75,0.5,0.6,2,0.05,1,180
"200",3510635.5,2450861,0.6,0.6,2,0.05,1,180
"201",3359956,2260143.5,0.5,0.7,3,0.05,1,180
"202",3400945.5,2252525,0.6,0.7,3,0.05,1,180
"203",3445364.75,2266952.25,0.5,0.6,3,0.05,1,180
"204",3417052.25,2264714.25,0.6,0.6,3,0.05,1,180
"205",3327599.25,2080698.25,0.5,0.7,4,0.05,1,180
"206",3349528,2050488.25,0.6,0.7,4,0.05,1,180
"207",3378597.75,2088358.5,0.5,0.6,4,0.05,1,180
"208",3364546,2063034.375,0.6,0.6,4,0.05,1,180
"209",3315272.75,1906498.375,0.5,0.7,5,0.05,1,180
"210",3349470.75,1843666.25,0.6,0.7,5,0.05,1,180
"211",3311172.25,1904913.5,0.5,0.6,5,0.05,1,180
"212",3349560.25,1863432.25,0.6,0.6,5,0.05,1,180
"213",3328933.5,1719384.75,0.5,0.7,6,0.05,1,180
"214",3330293.75,1649451.625,0.6,0.7,6,0.05,1,180
"215",3345820.5,1722443.375,0.5,0.6,6,0.05,1,180
"216",3392769.5,1661166.625,0.6,0.6,6,0.05,1,180
"217",3999308.5,2850419,0.5,0.7,1,0.06,1,180
"218",4005785.75,2854665.25,0.6,0.7,1,0.06,1,180
"219",4006393.75,2854634.75,0.5,0.6,1,0.06,1,180
"220",4011757.5,2859328,0.6,0.6,1,0.06,1,180
"221",3516612.75,2417387.25,0.5,0.7,2,0.06,1,180
"222",3482396.25,2413313.75,0.6,0.7,2,0.06,1,180
"223",3504842.75,2427073.25,0.5,0.6,2,0.06,1,180
"224",3476872,2417783.25,0.6,0.6,2,0.06,1,180
"225",3378192.75,2220606.5,0.5,0.7,3,0.06,1,180
"226",3381475,2230579.25,0.6,0.7,3,0.06,1,180
"227",3402865.75,2223898.75,0.5,0.6,3,0.06,1,180
"228",3393301.25,2218710.5,0.6,0.6,3,0.06,1,180
"229",3289609.25,2028775.75,0.5,0.7,4,0.06,1,180
"230",3285292.75,2009466.625,0.6,0.7,4,0.06,1,180
"231",3360754.5,2055394.875,0.5,0.6,4,0.06,1,180
"232",3318299.5,2004106.125,0.6,0.6,4,0.06,1,180
"233",3302209.75,1846600.125,0.5,0.7,5,0.06,1,180
"234",3315593.5,1795964.25,0.6,0.7,5,0.06,1,180
"235",3360906,1838333.75,0.5,0.6,5,0.06,1,180
"236",3326414.25,1804811.5,0.6,0.6,5,0.06,1,180
"237",3361085.75,1656207.125,0.5,0.7,6,0.06,1,180
"238",3365435.75,1648032.75,0.6,0.7,6,0.06,1,180
"239",3366124.25,1663181.25,0.5,0.6,6,0.06,1,180
"240",3332303.25,1595690,0.6,0.6,6,0.06,1,180
"241",4002561.5,2820650.25,0.5,0.7,1,0.07,1,180
"242",3977384,2815322.25,0.6,0.7,1,0.07,1,180
"243",3974892.25,2824760.5,0.5,0.6,1,0.07,1,180
"244",4001926.25,2835409.75,0.6,0.6,1,0.07,1,180
"245",3468465.75,2383600.25,0.5,0.7,2,0.07,1,180
"246",3472478.75,2372871,0.6,0.7,2,0.07,1,180
"247",3526482.75,2387228,0.5,0.6,2,0.07,1,180
"248",3508635.5,2421058.75,0.6,0.6,2,0.07,1,180
"249",3386075.75,2205643.25,0.5,0.7,3,0.07,1,180
"250",3356741,2189110.5,0.6,0.7,3,0.07,1,180
"251",3378326.75,2195859.75,0.5,0.6,3,0.07,1,180
"252",3402755.75,2196443.25,0.6,0.6,3,0.07,1,180
"253",3298476.75,1982410.375,0.5,0.7,4,0.07,1,180
"254",3313445,1961623,0.6,0.7,4,0.07,1,180
"255",3350984.25,1989217.625,0.5,0.6,4,0.07,1,180
"256",3335592.75,1980162.625,0.6,0.6,4,0.07,1,180
"257",3320185.5,1798043.75,0.5,0.7,5,0.07,1,180
"258",3341544,1761174.5,0.6,0.7,5,0.07,1,180
"259",3307556.5,1771590.125,0.5,0.6,5,0.07,1,180
"260",3375938,1745953.75,0.6,0.6,5,0.07,1,180
"261",3371188,1652309.25,0.5,0.7,6,0.07,1,180
"262",3355999,1595908.25,0.6,0.7,6,0.07,1,180
"263",3308216,1593795.5,0.5,0.6,6,0.07,1,180
"264",3409754.5,1574659,0.6,0.6,6,0.07,1,180
"265",3967318.75,2784600.75,0.5,0.7,1,0.08,1,180
"266",3988025.25,2807221.75,0.6,0.7,1,0.08,1,180
"267",3974236,2806666,0.5,0.6,1,0.08,1,180
"268",3964484.25,2806314.25,0.6,0.6,1,0.08,1,180
"269",3533612.25,2410657,0.5,0.7,2,0.08,1,180
"270",3506840.5,2380369,0.6,0.7,2,0.08,1,180
"271",3473552.75,2357539.75,0.5,0.6,2,0.08,1,180
"272",3555087.5,2395966.25,0.6,0.6,2,0.08,1,180
"273",3388435.25,2181394.25,0.5,0.7,3,0.08,1,180
"274",3397863.25,2226284.75,0.6,0.7,3,0.08,1,180
"275",3458554.25,2294698.75,0.5,0.6,3,0.08,1,180
"276",3473238.75,2271072.5,0.6,0.6,3,0.08,1,180
"277",3301022.25,2035338.75,0.5,0.7,4,0.08,1,180
"278",3410244.5,2014131,0.6,0.7,4,0.08,1,180
"279",3299139.5,1986100.5,0.5,0.6,4,0.08,1,180
"280",3273750,1922883.125,0.6,0.6,4,0.08,1,180
"281",3383544.5,1858885.875,0.5,0.7,5,0.08,1,180
"282",3310369,1848464.5,0.6,0.7,5,0.08,1,180
"283",3323008.5,1744100.625,0.5,0.6,5,0.08,1,180
"284",3335287.5,1810449.625,0.6,0.6,5,0.08,1,180
"285",3366240.75,1665771.875,0.5,0.7,6,0.08,1,180
"286",3341282.75,1578170,0.6,0.7,6,0.08,1,180
"287",3382080,1651082.25,0.5,0.6,6,0.08,1,180
"288",3444446.75,1521388.75,0.6,0.6,6,0.08,1,180
"289",3957720,2772464.75,0.5,0.7,1,0.09,1,180
"290",3981407.5,2777712.5,0.6,0.7,1,0.09,1,180
"291",3970241.75,2781255,0.5,0.6,1,0.09,1,180
"292",3991111.25,2784091.25,0.6,0.6,1,0.09,1,180
"293",3511703.5,2391872.5,0.5,0.7,2,0.09,1,180
"294",3522891.5,2450740.25,0.6,0.7,2,0.09,1,180
"295",3501788,2393699.25,0.5,0.6,2,0.09,1,180
"296",3505427.75,2404699.5,0.6,0.6,2,0.09,1,180
"297",3376539.75,2155060.75,0.5,0.7,3,0.09,1,180
"298",3478606.5,2203599.5,0.6,0.7,3,0.09,1,180
"299",3459018,2209786.25,0.5,0.6,3,0.09,1,180
"300",3514865,2170194.25,0.6,0.6,3,0.09,1,180
"301",3300477.25,2013363.875,0.5,0.7,4,0.09,1,180
"302",3387670,1925327.625,0.6,0.7,4,0.09,1,180
"303",3401315.5,2102515.75,0.5,0.6,4,0.09,1,180
"304",3392058,2027286.875,0.6,0.6,4,0.09,1,180
"305",3465065.5,1895215.75,0.5,0.7,5,0.09,1,180
"306",3377585.5,1737864.875,0.6,0.7,5,0.09,1,180
"307",3297666.5,1723405.375,0.5,0.6,5,0.09,1,180
"308",3362463.5,1674680.25,0.6,0.6,5,0.09,1,180
"309",3433605.5,1735320.375,0.5,0.7,6,0.09,1,180
"310",3331923.5,1527645.375,0.6,0.7,6,0.09,1,180
"311",3402515.25,1531348.875,0.5,0.6,6,0.09,1,180
"312",3425320,1568280.625,0.6,0.6,6,0.09,1,180
"313",3959197.25,2752563.75,0.5,0.7,1,0.1,1,180
"314",4008520,2755663.5,0.6,0.7,1,0.1,1,180
"315",3966479.25,2752063.75,0.5,0.6,1,0.1,1,180
"316",3992058.25,2761128,0.6,0.6,1,0.1,1,180
"317",3507726.5,2364912.75,0.5,0.7,2,0.1,1,180
"318",3505003.25,2389858.5,0.6,0.7,2,0.1,1,180
"319",3481611.25,2336999.75,0.5,0.6,2,0.1,1,180
"320",3479301.5,2351819,0.6,0.6,2,0.1,1,180
"321",3385527.75,2201519,0.5,0.7,3,0.1,1,180
"322",3496655.25,2239156.25,0.6,0.7,3,0.1,1,180
"323",3425093.75,2145160,0.5,0.6,3,0.1,1,180
"324",3425961.5,2128991,0.6,0.6,3,0.1,1,180
"325",3407275.75,2112018.25,0.5,0.7,4,0.1,1,180
"326",3330589.25,1864147,0.6,0.7,4,0.1,1,180
"327",3321061.5,1982232.375,0.5,0.6,4,0.1,1,180
"328",3389744.75,1865984.125,0.6,0.6,4,0.1,1,180
"329",3468201.75,1870402.25,0.5,0.7,5,0.1,1,180
"330",3345016.25,1751516.5,0.6,0.7,5,0.1,1,180
"331",3373062,1705718.5,0.5,0.6,5,0.1,1,180
"332",3389569.5,1653140.125,0.6,0.6,5,0.1,1,180
"333",3401120,1584176.125,0.5,0.7,6,0.1,1,180
"334",3466202.25,1627987.125,0.6,0.7,6,0.1,1,180
"335",3332339.5,1714036.625,0.5,0.6,6,0.1,1,180
"336",3459409.75,1553079.125,0.6,0.6,6,0.1,1,180
"337",4061342,2946364.25,0.5,0.7,1,0.04,1,190
"338",4078331,2950507.75,0.6,0.7,1,0.04,1,190
"339",4088902.75,2951072.25,0.5,0.6,1,0.04,1,190
"340",4080218,2955141.25,0.6,0.6,1,0.04,1,190
"341",3504054.25,2497198.5,0.5,0.7,2,0.04,1,190
"342",3493948,2486326.25,0.6,0.7,2,0.04,1,190
"343",3536856,2495897.25,0.5,0.6,2,0.04,1,190
"344",3490631.25,2491344.75,0.6,0.6,2,0.04,1,190
"345",3436338.25,2308146.75,0.5,0.7,3,0.04,1,190
"346",3392035,2283466.75,0.6,0.7,3,0.04,1,190
"347",3458748.25,2313578.25,0.5,0.6,3,0.04,1,190
"348",3458698.25,2294244.5,0.6,0.6,3,0.04,1,190
"349",3324068.25,2130002.75,0.5,0.7,4,0.04,1,190
"350",3311715,2094231.875,0.6,0.7,4,0.04,1,190
"351",3376983.5,2134149,0.5,0.6,4,0.04,1,190
"352",3337692.25,2106021.25,0.6,0.6,4,0.04,1,190
"353",3374577,1948520,0.5,0.7,5,0.04,1,190
"354",3357820.75,1893832,0.6,0.7,5,0.04,1,190
"355",3326016.5,1960235.125,0.5,0.6,5,0.04,1,190
"356",3331485,1912489.25,0.6,0.6,5,0.04,1,190
"357",3300161.75,1780470.5,0.5,0.7,6,0.04,1,190
"358",3348344.25,1704894.375,0.6,0.7,6,0.04,1,190
"359",3366108.75,1785079.375,0.5,0.6,6,0.04,1,190
"360",3381321.25,1719880.5,0.6,0.6,6,0.04,1,190
"361",4028776,2881947.75,0.5,0.7,1,0.05,1,190
"362",4017589.25,2888498.25,0.6,0.7,1,0.05,1,190
"363",4026263.25,2890393.25,0.5,0.6,1,0.05,1,190
"364",3995700,2892259.75,0.6,0.6,1,0.05,1,190
"365",3472295.25,2448195.75,0.5,0.7,2,0.05,1,190
"366",3495786.75,2427763,0.6,0.7,2,0.05,1,190
"367",3529720.75,2447776,0.5,0.6,2,0.05,1,190
"368",3494502.5,2437985.75,0.6,0.6,2,0.05,1,190
"369",3349487,2249180.5,0.5,0.7,3,0.05,1,190
"370",3386466.5,2238035.5,0.6,0.7,3,0.05,1,190
"371",3434732.25,2253674,0.5,0.6,3,0.05,1,190
"372",3403998.5,2250365.5,0.6,0.6,3,0.05,1,190
"373",3320521,2067595.875,0.5,0.7,4,0.05,1,190
"374",3335861.75,2034440.625,0.6,0.7,4,0.05,1,190
"375",3374994.5,2074487.125,0.5,0.6,4,0.05,1,190
"376",3360511.25,2045501,0.6,0.6,4,0.05,1,190
"377",3315452.5,1905917.25,0.5,0.7,5,0.05,1,190
"378",3348296.75,1833725.75,0.6,0.7,5,0.05,1,190
"379",3306671.25,1892760.25,0.5,0.6,5,0.05,1,190
"380",3346175.25,1842245.5,0.6,0.6,5,0.05,1,190
"381",3324524.5,1707831.5,0.5,0.7,6,0.05,1,190
"382",3329561.25,1642620.375,0.6,0.7,6,0.05,1,190
"383",3342232.75,1707291.25,0.5,0.6,6,0.05,1,190
"384",3385522,1636165.875,0.6,0.6,6,0.05,1,190
"385",3984247,2834653,0.5,0.7,1,0.06,1,190
"386",3980011.75,2840143.25,0.6,0.7,1,0.06,1,190
"387",3988826.75,2840305.5,0.5,0.6,1,0.06,1,190
"388",3979255.5,2844610.5,0.6,0.6,1,0.06,1,190
"389",3505135.5,2408412.25,0.5,0.7,2,0.06,1,190
"390",3464902.25,2401917.25,0.6,0.7,2,0.06,1,190
"391",3498680.5,2416464.5,0.5,0.6,2,0.06,1,190
"392",3468184,2406558.5,0.6,0.6,2,0.06,1,190
"393",3376309.75,2207022.75,0.5,0.7,3,0.06,1,190
"394",3369501.75,2215785.75,0.6,0.7,3,0.06,1,190
"395",3393256,2212296.5,0.5,0.6,3,0.06,1,190
"396",3387158.25,2201224,0.6,0.6,3,0.06,1,190
"397",3290669,2016606.25,0.5,0.7,4,0.06,1,190
"398",3279555.5,1992394.625,0.6,0.7,4,0.06,1,190
"399",3360754.5,2055394.875,0.5,0.6,4,0.06,1,190
"400",3314568,1997104.5,0.6,0.6,4,0.06,1,190
"401",3305418.75,1826757.5,0.5,0.7,5,0.06,1,190
"402",3314647.75,1784456,0.6,0.7,5,0.06,1,190
"403",3357665.75,1824499.5,0.5,0.6,5,0.06,1,190
"404",3320174.75,1784078.375,0.6,0.6,5,0.06,1,190
"405",3362639.75,1637515,0.5,0.7,6,0.06,1,190
"406",3365435.75,1648032.75,0.6,0.7,6,0.06,1,190
"407",3359844.75,1646435.625,0.5,0.6,6,0.06,1,190
"408",3327958.5,1570569.5,0.6,0.6,6,0.06,1,190
"409",4002561.5,2820650.25,0.5,0.7,1,0.07,1,190
"410",3955489.75,2801924.5,0.6,0.7,1,0.07,1,190
"411",3974892.25,2824760.5,0.5,0.6,1,0.07,1,190
"412",4001926.25,2835409.75,0.6,0.6,1,0.07,1,190
"413",3456974.75,2374746.5,0.5,0.7,2,0.07,1,190
"414",3454229,2362203.75,0.6,0.7,2,0.07,1,190
"415",3520933,2375471.75,0.5,0.6,2,0.07,1,190
"416",3508635.5,2421058.75,0.6,0.6,2,0.07,1,190
"417",3386075.75,2205643.25,0.5,0.7,3,0.07,1,190
"418",3333554.25,2172020.25,0.6,0.7,3,0.07,1,190
"419",3380631,2185146.75,0.5,0.6,3,0.07,1,190
"420",3398880,2182362.75,0.6,0.6,3,0.07,1,190
"421",3289207.5,1964896.875,0.5,0.7,4,0.07,1,190
"422",3309340.75,1944201.5,0.6,0.7,4,0.07,1,190
"423",3352145.5,1973559.25,0.5,0.6,4,0.07,1,190
"424",3335592.75,1980162.625,0.6,0.6,4,0.07,1,190
"425",3320185.5,1798043.75,0.5,0.7,5,0.07,1,190
"426",3341544,1761174.5,0.6,0.7,5,0.07,1,190
"427",3306518,1753926.375,0.5,0.6,5,0.07,1,190
"428",3375938,1745953.75,0.6,0.6,5,0.07,1,190
"429",3371188,1652309.25,0.5,0.7,6,0.07,1,190
"430",3355999,1595908.25,0.6,0.7,6,0.07,1,190
"431",3307031.5,1575176,0.5,0.6,6,0.07,1,190
"432",3409754.5,1574659,0.6,0.6,6,0.07,1,190
"433",3958456.75,2773499.75,0.5,0.7,1,0.08,1,190
"434",3988025.25,2807221.75,0.6,0.7,1,0.08,1,190
"435",3974236,2806666,0.5,0.6,1,0.08,1,190
"436",3964484.25,2806314.25,0.6,0.6,1,0.08,1,190
"437",3533612.25,2410657,0.5,0.7,2,0.08,1,190
"438",3506840.5,2380369,0.6,0.7,2,0.08,1,190
"439",3466788,2346634,0.5,0.6,2,0.08,1,190
"440",3555087.5,2395966.25,0.6,0.6,2,0.08,1,190
"441",3388435.25,2181394.25,0.5,0.7,3,0.08,1,190
"442",3397863.25,2226284.75,0.6,0.7,3,0.08,1,190
"443",3458554.25,2294698.75,0.5,0.6,3,0.08,1,190
"444",3473238.75,2271072.5,0.6,0.6,3,0.08,1,190
"445",3301022.25,2035338.75,0.5,0.7,4,0.08,1,190
"446",3410244.5,2014131,0.6,0.7,4,0.08,1,190
"447",3299139.5,1986100.5,0.5,0.6,4,0.08,1,190
"448",3266921,1903921.25,0.6,0.6,4,0.08,1,190
"449",3383544.5,1858885.875,0.5,0.7,5,0.08,1,190
"450",3310369,1848464.5,0.6,0.7,5,0.08,1,190
"451",3329433.75,1725469,0.5,0.6,5,0.08,1,190
"452",3335287.5,1810449.625,0.6,0.6,5,0.08,1,190
"453",3366240.75,1665771.875,0.5,0.7,6,0.08,1,190
"454",3341282.75,1578170,0.6,0.7,6,0.08,1,190
"455",3382080,1651082.25,0.5,0.6,6,0.08,1,190
"456",3444446.75,1521388.75,0.6,0.6,6,0.08,1,190
"457",3957720,2772464.75,0.5,0.7,1,0.09,1,190
"458",3981407.5,2777712.5,0.6,0.7,1,0.09,1,190
"459",3970241.75,2781255,0.5,0.6,1,0.09,1,190
"460",3991111.25,2784091.25,0.6,0.6,1,0.09,1,190
"461",3511703.5,2391872.5,0.5,0.7,2,0.09,1,190
"462",3522891.5,2450740.25,0.6,0.7,2,0.09,1,190
"463",3501788,2393699.25,0.5,0.6,2,0.09,1,190
"464",3505427.75,2404699.5,0.6,0.6,2,0.09,1,190
"465",3376932.75,2140573,0.5,0.7,3,0.09,1,190
"466",3478606.5,2203599.5,0.6,0.7,3,0.09,1,190
"467",3459018,2209786.25,0.5,0.6,3,0.09,1,190
"468",3514865,2170194.25,0.6,0.6,3,0.09,1,190
"469",3300477.25,2013363.875,0.5,0.7,4,0.09,1,190
"470",3387670,1925327.625,0.6,0.7,4,0.09,1,190
"471",3401315.5,2102515.75,0.5,0.6,4,0.09,1,190
"472",3392058,2027286.875,0.6,0.6,4,0.09,1,190
"473",3465065.5,1895215.75,0.5,0.7,5,0.09,1,190
"474",3377585.5,1737864.875,0.6,0.7,5,0.09,1,190
"475",3297666.5,1723405.375,0.5,0.6,5,0.09,1,190
"476",3359414.75,1653352.375,0.6,0.6,5,0.09,1,190
"477",3433605.5,1735320.375,0.5,0.7,6,0.09,1,190
"478",3331923.5,1527645.375,0.6,0.7,6,0.09,1,190
"479",3402515.25,1531348.875,0.5,0.6,6,0.09,1,190
"480",3425320,1568280.625,0.6,0.6,6,0.09,1,190
"481",3959197.25,2752563.75,0.5,0.7,1,0.1,1,190
"482",4008520,2755663.5,0.6,0.7,1,0.1,1,190
"483",3966479.25,2752063.75,0.5,0.6,1,0.1,1,190
"484",3992058.25,2761128,0.6,0.6,1,0.1,1,190
"485",3507726.5,2364912.75,0.5,0.7,2,0.1,1,190
"486",3505003.25,2389858.5,0.6,0.7,2,0.1,1,190
"487",3481611.25,2336999.75,0.5,0.6,2,0.1,1,190
"488",3479301.5,2351819,0.6,0.6,2,0.1,1,190
"489",3385527.75,2201519,0.5,0.7,3,0.1,1,190
"490",3496655.25,2239156.25,0.6,0.7,3,0.1,1,190
"491",3425093.75,2145160,0.5,0.6,3,0.1,1,190
"492",3425961.5,2128991,0.6,0.6,3,0.1,1,190
"493",3407275.75,2112018.25,0.5,0.7,4,0.1,1,190
"494",3330589.25,1864147,0.6,0.7,4,0.1,1,190
"495",3321061.5,1982232.375,0.5,0.6,4,0.1,1,190
"496",3399068.75,1844478.125,0.6,0.6,4,0.1,1,190
"497",3468201.75,1870402.25,0.5,0.7,5,0.1,1,190
"498",3345016.25,1751516.5,0.6,0.7,5,0.1,1,190
"499",3373062,1705718.5,0.5,0.6,5,0.1,1,190
"500",3389569.5,1653140.125,0.6,0.6,5,0.1,1,190
"501",3401120,1584176.125,0.5,0.7,6,0.1,1,190
"502",3466202.25,1627987.125,0.6,0.7,6,0.1,1,190
"503",3332339.5,1714036.625,0.5,0.6,6,0.1,1,190
"504",3459409.75,1553079.125,0.6,0.6,6,0.1,1,190
"505",4056242.25,2930689.25,0.5,0.7,1,0.04,1,200
"506",4065032.75,2937153.25,0.6,0.7,1,0.04,1,200
"507",4075084,2936196.25,0.5,0.6,1,0.04,1,200
"508",4067200.75,2941098.5,0.6,0.6,1,0.04,1,200
"509",3504095,2484705.25,0.5,0.7,2,0.04,1,200
"510",3495953,2470874,0.6,0.7,2,0.04,1,200
"511",3532920.75,2483518.5,0.5,0.6,2,0.04,1,200
"512",3483122.5,2476924.5,0.6,0.6,2,0.04,1,200
"513",3439977,2295482.5,0.5,0.7,3,0.04,1,200
"514",3396714,2272700.5,0.6,0.7,3,0.04,1,200
"515",3458205.5,2302521.5,0.5,0.6,3,0.04,1,200
"516",3457304.75,2282085.25,0.6,0.6,3,0.04,1,200
"517",3327516.75,2119078.75,0.5,0.7,4,0.04,1,200
"518",3308195.75,2083095,0.6,0.7,4,0.04,1,200
"519",3376324.75,2121782.25,0.5,0.6,4,0.04,1,200
"520",3335827.75,2095247,0.6,0.6,4,0.04,1,200
"521",3372799.25,1932683.375,0.5,0.7,5,0.04,1,200
"522",3355924.25,1883427.5,0.6,0.7,5,0.04,1,200
"523",3324051.25,1944742.625,0.5,0.6,5,0.04,1,200
"524",3330786.25,1900079.5,0.6,0.6,5,0.04,1,200
"525",3303768,1764667.875,0.5,0.7,6,0.04,1,200
"526",3350063.5,1689682.125,0.6,0.7,6,0.04,1,200
"527",3361365,1769577,0.5,0.6,6,0.04,1,200
"528",3374266.25,1703334.625,0.6,0.6,6,0.04,1,200
"529",4028702.25,2868211.75,0.5,0.7,1,0.05,1,200
"530",4011475.75,2874994.5,0.6,0.7,1,0.05,1,200
"531",4025437.75,2876863.5,0.5,0.6,1,0.05,1,200
"532",3984366,2879099.5,0.6,0.6,1,0.05,1,200
"533",3475617.5,2436135.25,0.5,0.7,2,0.05,1,200
"534",3490730.5,2414898,0.6,0.7,2,0.05,1,200
"535",3523420,2437073.5,0.5,0.6,2,0.05,1,200
"536",3492850.75,2424396.5,0.6,0.6,2,0.05,1,200
"537",3357986.5,2238626.25,0.5,0.7,3,0.05,1,200
"538",3398900.25,2227133,0.6,0.7,3,0.05,1,200
"539",3432976.75,2244058,0.5,0.6,3,0.05,1,200
"540",3405336.5,2236794.25,0.6,0.6,3,0.05,1,200
"541",3319738.75,2052504.875,0.5,0.7,4,0.05,1,200
"542",3339984,2023973.5,0.6,0.7,4,0.05,1,200
"543",3365604.5,2062272.5,0.5,0.6,4,0.05,1,200
"544",3352319.25,2032008.25,0.6,0.6,4,0.05,1,200
"545",3315452.5,1905917.25,0.5,0.7,5,0.05,1,200
"546",3348296.75,1833725.75,0.6,0.7,5,0.05,1,200
"547",3305572.75,1878722.125,0.5,0.6,5,0.05,1,200
"548",3341060.5,1826892.875,0.6,0.6,5,0.05,1,200
"549",3324524.5,1707831.5,0.5,0.7,6,0.05,1,200
"550",3329561.25,1642620.375,0.6,0.7,6,0.05,1,200
"551",3338914,1690222.5,0.5,0.6,6,0.05,1,200
"552",3386062.25,1618419.625,0.6,0.6,6,0.05,1,200
"553",3985609,2822021.75,0.5,0.7,1,0.06,1,200
"554",3981727.75,2826798.25,0.6,0.7,1,0.06,1,200
"555",3989206.5,2828426.75,0.5,0.6,1,0.06,1,200
"556",3975658.5,2829641.5,0.6,0.6,1,0.06,1,200
"557",3515611.75,2397416.25,0.5,0.7,2,0.06,1,200
"558",3488268.75,2390266.5,0.6,0.7,2,0.06,1,200
"559",3497554.25,2404835.25,0.5,0.6,2,0.06,1,200
"560",3475435.75,2394098.5,0.6,0.6,2,0.06,1,200
"561",3376134.25,2196605,0.5,0.7,3,0.06,1,200
"562",3380695.25,2202409.25,0.6,0.7,3,0.06,1,200
"563",3391212,2201935.5,0.5,0.6,3,0.06,1,200
"564",3385350.5,2189512.25,0.6,0.6,3,0.06,1,200
"565",3285825.75,2002143.5,0.5,0.7,4,0.06,1,200
"566",3283829.5,1979457.375,0.6,0.7,4,0.06,1,200
"567",3360754.5,2055394.875,0.5,0.6,4,0.06,1,200
"568",3314568,1997104.5,0.6,0.6,4,0.06,1,200
"569",3306142,1808579.75,0.5,0.7,5,0.06,1,200
"570",3314647.75,1784456,0.6,0.7,5,0.06,1,200
"571",3347183.25,1810747.75,0.5,0.6,5,0.06,1,200
"572",3317799,1770706,0.6,0.6,5,0.06,1,200
"573",3363176,1633012.5,0.5,0.7,6,0.06,1,200
"574",3365435.75,1648032.75,0.6,0.7,6,0.06,1,200
"575",3359929.25,1627380.75,0.5,0.6,6,0.06,1,200
"576",3325816,1550532,0.6,0.6,6,0.06,1,200
"577",4002561.5,2820650.25,0.5,0.7,1,0.07,1,200
"578",3963861.25,2789360.75,0.6,0.7,1,0.07,1,200
"579",3974892.25,2824760.5,0.5,0.6,1,0.07,1,200
"580",4001926.25,2835409.75,0.6,0.6,1,0.07,1,200
"581",3467658,2366275.25,0.5,0.7,2,0.07,1,200
"582",3469357,2351346.5,0.6,0.7,2,0.07,1,200
"583",3519765.75,2365364,0.5,0.6,2,0.07,1,200
"584",3508635.5,2421058.75,0.6,0.6,2,0.07,1,200
"585",3386075.75,2205643.25,0.5,0.7,3,0.07,1,200
"586",3348018.5,2159148.5,0.6,0.7,3,0.07,1,200
"587",3379150,2172827.5,0.5,0.6,3,0.07,1,200
"588",3389010.75,2170047.5,0.6,0.6,3,0.07,1,200
"589",3294906.5,1948821.5,0.5,0.7,4,0.07,1,200
"590",3311593,1931350.5,0.6,0.7,4,0.07,1,200
"591",3345226,1958587.625,0.5,0.6,4,0.07,1,200
"592",3335592.75,1980162.625,0.6,0.6,4,0.07,1,200
"593",3320185.5,1798043.75,0.5,0.7,5,0.07,1,200
"594",3341544,1761174.5,0.6,0.7,5,0.07,1,200
"595",3309148.25,1736688.625,0.5,0.6,5,0.07,1,200
"596",3375938,1745953.75,0.6,0.6,5,0.07,1,200
"597",3371188,1652309.25,0.5,0.7,6,0.07,1,200
"598",3355999,1595908.25,0.6,0.7,6,0.07,1,200
"599",3307031.5,1575176,0.5,0.6,6,0.07,1,200
"600",3409754.5,1574659,0.6,0.6,6,0.07,1,200
"601",3960608.5,2762928.5,0.5,0.7,1,0.08,1,200
"602",3988025.25,2807221.75,0.6,0.7,1,0.08,1,200
"603",3974236,2806666,0.5,0.6,1,0.08,1,200
"604",3964484.25,2806314.25,0.6,0.6,1,0.08,1,200
"605",3533612.25,2410657,0.5,0.7,2,0.08,1,200
"606",3506840.5,2380369,0.6,0.7,2,0.08,1,200
"607",3477002.25,2338819.5,0.5,0.6,2,0.08,1,200
"608",3555087.5,2395966.25,0.6,0.6,2,0.08,1,200
"609",3388435.25,2181394.25,0.5,0.7,3,0.08,1,200
"610",3397863.25,2226284.75,0.6,0.7,3,0.08,1,200
"611",3458554.25,2294698.75,0.5,0.6,3,0.08,1,200
"612",3473238.75,2271072.5,0.6,0.6,3,0.08,1,200
"613",3301022.25,2035338.75,0.5,0.7,4,0.08,1,200
"614",3410244.5,2014131,0.6,0.7,4,0.08,1,200
"615",3299139.5,1986100.5,0.5,0.6,4,0.08,1,200
"616",3261335,1889273.5,0.6,0.6,4,0.08,1,200
"617",3383544.5,1858885.875,0.5,0.7,5,0.08,1,200
"618",3310369,1848464.5,0.6,0.7,5,0.08,1,200
"619",3322361,1719679.875,0.5,0.6,5,0.08,1,200
"620",3335287.5,1810449.625,0.6,0.6,5,0.08,1,200
"621",3366240.75,1665771.875,0.5,0.7,6,0.08,1,200
"622",3341282.75,1578170,0.6,0.7,6,0.08,1,200
"623",3382080,1651082.25,0.5,0.6,6,0.08,1,200
"624",3444446.75,1521388.75,0.6,0.6,6,0.08,1,200
"625",3957720,2772464.75,0.5,0.7,1,0.09,1,200
"626",3981407.5,2777712.5,0.6,0.7,1,0.09,1,200
"627",3970241.75,2781255,0.5,0.6,1,0.09,1,200
"628",3991111.25,2784091.25,0.6,0.6,1,0.09,1,200
"629",3511703.5,2391872.5,0.5,0.7,2,0.09,1,200
"630",3522891.5,2450740.25,0.6,0.7,2,0.09,1,200
"631",3501788,2393699.25,0.5,0.6,2,0.09,1,200
"632",3505427.75,2404699.5,0.6,0.6,2,0.09,1,200
"633",3383394.75,2129989.5,0.5,0.7,3,0.09,1,200
"634",3478606.5,2203599.5,0.6,0.7,3,0.09,1,200
"635",3459018,2209786.25,0.5,0.6,3,0.09,1,200
"636",3514865,2170194.25,0.6,0.6,3,0.09,1,200
"637",3300477.25,2013363.875,0.5,0.7,4,0.09,1,200
"638",3387670,1925327.625,0.6,0.7,4,0.09,1,200
"639",3401315.5,2102515.75,0.5,0.6,4,0.09,1,200
"640",3392058,2027286.875,0.6,0.6,4,0.09,1,200
"641",3465065.5,1895215.75,0.5,0.7,5,0.09,1,200
"642",3377585.5,1737864.875,0.6,0.7,5,0.09,1,200
"643",3297666.5,1723405.375,0.5,0.6,5,0.09,1,200
"644",3360142.75,1631075.625,0.6,0.6,5,0.09,1,200
"645",3433605.5,1735320.375,0.5,0.7,6,0.09,1,200
"646",3331923.5,1527645.375,0.6,0.7,6,0.09,1,200
"647",3402515.25,1531348.875,0.5,0.6,6,0.09,1,200
"648",3425320,1568280.625,0.6,0.6,6,0.09,1,200
"649",3959197.25,2752563.75,0.5,0.7,1,0.1,1,200
"650",4008520,2755663.5,0.6,0.7,1,0.1,1,200
"651",3966479.25,2752063.75,0.5,0.6,1,0.1,1,200
"652",3992058.25,2761128,0.6,0.6,1,0.1,1,200
"653",3507726.5,2364912.75,0.5,0.7,2,0.1,1,200
"654",3505003.25,2389858.5,0.6,0.7,2,0.1,1,200
"655",3481611.25,2336999.75,0.5,0.6,2,0.1,1,200
"656",3479301.5,2351819,0.6,0.6,2,0.1,1,200
"657",3385527.75,2201519,0.5,0.7,3,0.1,1,200
"658",3496655.25,2239156.25,0.6,0.7,3,0.1,1,200
"659",3425093.75,2145160,0.5,0.6,3,0.1,1,200
"660",3425961.5,2128991,0.6,0.6,3,0.1,1,200
"661",3407275.75,2112018.25,0.5,0.7,4,0.1,1,200
"662",3330589.25,1864147,0.6,0.7,4,0.1,1,200
"663",3321061.5,1982232.375,0.5,0.6,4,0.1,1,200
"664",3397423.75,1830240.25,0.6,0.6,4,0.1,1,200
"665",3468201.75,1870402.25,0.5,0.7,5,0.1,1,200
"666",3345016.25,1751516.5,0.6,0.7,5,0.1,1,200
"667",3373062,1705718.5,0.5,0.6,5,0.1,1,200
"668",3389569.5,1653140.125,0.6,0.6,5,0.1,1,200
"669",3401120,1584176.125,0.5,0.7,6,0.1,1,200
"670",3466202.25,1627987.125,0.6,0.7,6,0.1,1,200
"671",3332339.5,1714036.625,0.5,0.6,6,0.1,1,200
"672",3459409.75,1553079.125,0.6,0.6,6,0.1,1,200
"673",4034899.5,2917038.75,0.5,0.7,1,0.04,1,210
"674",4039754.75,2924247,0.6,0.7,1,0.04,1,210
"675",4053243.75,2922906.25,0.5,0.6,1,0.04,1,210
"676",4042517.75,2928109.5,0.6,0.6,1,0.04,1,210
"677",3487865.5,2473756.25,0.5,0.7,2,0.04,1,210
"678",3486705.25,2460346,0.6,0.7,2,0.04,1,210
"679",3522274.25,2473587.75,0.5,0.6,2,0.04,1,210
"680",3471721.25,2465700.25,0.6,0.6,2,0.04,1,210
"681",3448717,2284678,0.5,0.7,3,0.04,1,210
"682",3391775.75,2263108.5,0.6,0.7,3,0.04,1,210
"683",3461419.5,2293247.25,0.5,0.6,3,0.04,1,210
"684",3449607.25,2270843,0.6,0.6,3,0.04,1,210
"685",3328694.25,2108108.5,0.5,0.7,4,0.04,1,210
"686",3300039.75,2068905.75,0.6,0.7,4,0.04,1,210
"687",3372014.75,2107275,0.5,0.6,4,0.04,1,210
"688",3333333.5,2081158.875,0.6,0.6,4,0.04,1,210
"689",3372711.5,1915936,0.5,0.7,5,0.04,1,210
"690",3350514,1866062.625,0.6,0.7,5,0.04,1,210
"691",3323297.5,1929049.375,0.5,0.6,5,0.04,1,210
"692",3322803.75,1883881.5,0.6,0.6,5,0.04,1,210
"693",3309568.75,1746831.125,0.5,0.7,6,0.04,1,210
"694",3350001,1678557.375,0.6,0.7,6,0.04,1,210
"695",3359803.5,1752798.75,0.5,0.6,6,0.04,1,210
"696",3371112.5,1685832.625,0.6,0.6,6,0.04,1,210
"697",4021034.25,2857572.25,0.5,0.7,1,0.05,1,210
"698",3999053,2863381.5,0.6,0.7,1,0.05,1,210
"699",4017227,2865567.75,0.5,0.6,1,0.05,1,210
"700",3974962.75,2868081.25,0.6,0.6,1,0.05,1,210
"701",3472098.5,2426765.25,0.5,0.7,2,0.05,1,210
"702",3485517.75,2405035,0.6,0.7,2,0.05,1,210
"703",3520125,2427163.75,0.5,0.6,2,0.05,1,210
"704",3493801,2415365.25,0.6,0.6,2,0.05,1,210
"705",3357314.75,2228017,0.5,0.7,3,0.05,1,210
"706",3396206.25,2217301.75,0.6,0.7,3,0.05,1,210
"707",3438070.25,2231546.25,0.5,0.6,3,0.05,1,210
"708",3401797.5,2225769.5,0.6,0.6,3,0.05,1,210
"709",3321683.25,2037259.625,0.5,0.7,4,0.05,1,210
"710",3339092,2008372.25,0.6,0.7,4,0.05,1,210
"711",3369338.25,2048484.375,0.5,0.6,4,0.05,1,210
"712",3351641.75,2014865.75,0.6,0.6,4,0.05,1,210
"713",3315452.5,1905917.25,0.5,0.7,5,0.05,1,210
"714",3348296.75,1833725.75,0.6,0.7,5,0.05,1,210
"715",3307473.5,1861820,0.5,0.6,5,0.05,1,210
"716",3332050.25,1808009.875,0.6,0.6,5,0.05,1,210
"717",3324524.5,1707831.5,0.5,0.7,6,0.05,1,210
"718",3329561.25,1642620.375,0.6,0.7,6,0.05,1,210
"719",3345940.25,1668728,0.5,0.6,6,0.05,1,210
"720",3380788.25,1603267.375,0.6,0.6,6,0.05,1,210
"721",3986260.75,2815285.5,0.5,0.7,1,0.06,1,210
"722",3976709.75,2820275,0.6,0.7,1,0.06,1,210
"723",3979582,2817941.25,0.5,0.6,1,0.06,1,210
"724",3977338.5,2819840.75,0.6,0.6,1,0.06,1,210
"725",3518936,2388674.75,0.5,0.7,2,0.06,1,210
"726",3489745.5,2381782.25,0.6,0.7,2,0.06,1,210
"727",3508164.25,2395074,0.5,0.6,2,0.06,1,210
"728",3484121.25,2386807.25,0.6,0.6,2,0.06,1,210
"729",3369742.5,2183956.5,0.5,0.7,3,0.06,1,210
"730",3374925.5,2192224.25,0.6,0.7,3,0.06,1,210
"731",3396406,2190405.75,0.5,0.6,3,0.06,1,210
"732",3389666.25,2178271.75,0.6,0.6,3,0.06,1,210
"733",3298695.5,1986725.625,0.5,0.7,4,0.06,1,210
"734",3284421.5,1965622.875,0.6,0.7,4,0.06,1,210
"735",3360754.5,2055394.875,0.5,0.6,4,0.06,1,210
"736",3314568,1997104.5,0.6,0.6,4,0.06,1,210
"737",3310890.5,1794155.75,0.5,0.7,5,0.06,1,210
"738",3314647.75,1784456,0.6,0.7,5,0.06,1,210
"739",3339152.25,1789593.125,0.5,0.6,5,0.06,1,210
"740",3312620.25,1753551.625,0.6,0.6,5,0.06,1,210
"741",3363176,1633012.5,0.5,0.7,6,0.06,1,210
"742",3365435.75,1648032.75,0.6,0.7,6,0.06,1,210
"743",3357241,1604275.375,0.5,0.6,6,0.06,1,210
"744",3327719.5,1530115.625,0.6,0.6,6,0.06,1,210
"745",4002561.5,2820650.25,0.5,0.7,1,0.07,1,210
"746",3968309.5,2784860,0.6,0.7,1,0.07,1,210
"747",3974892.25,2824760.5,0.5,0.6,1,0.07,1,210
"748",4001926.25,2835409.75,0.6,0.6,1,0.07,1,210
"749",3465706,2357901,0.5,0.7,2,0.07,1,210
"750",3468974.5,2343072.25,0.6,0.7,2,0.07,1,210
"751",3527473,2356172.25,0.5,0.6,2,0.07,1,210
"752",3508635.5,2421058.75,0.6,0.6,2,0.07,1,210
"753",3386075.75,2205643.25,0.5,0.7,3,0.07,1,210
"754",3344801.5,2145557.25,0.6,0.7,3,0.07,1,210
"755",3384872.5,2159380,0.5,0.6,3,0.07,1,210
"756",3402469.75,2159661.5,0.6,0.6,3,0.07,1,210
"757",3302814.25,1934642.125,0.5,0.7,4,0.07,1,210
"758",3318268.5,1919123,0.6,0.7,4,0.07,1,210
"759",3341502.75,1937529.25,0.5,0.6,4,0.07,1,210
"760",3335592.75,1980162.625,0.6,0.6,4,0.07,1,210
"761",3320185.5,1798043.75,0.5,0.7,5,0.07,1,210
"762",3341544,1761174.5,0.6,0.7,5,0.07,1,210
"763",3312567.25,1717453.125,0.5,0.6,5,0.07,1,210
"764",3375938,1745953.75,0.6,0.6,5,0.07,1,210
"765",3371188,1652309.25,0.5,0.7,6,0.07,1,210
"766",3355999,1595908.25,0.6,0.7,6,0.07,1,210
"767",3307031.5,1575176,0.5,0.6,6,0.07,1,210
"768",3409754.5,1574659,0.6,0.6,6,0.07,1,210
"769",3978187.25,2757206,0.5,0.7,1,0.08,1,210
"770",3988025.25,2807221.75,0.6,0.7,1,0.08,1,210
"771",3974236,2806666,0.5,0.6,1,0.08,1,210
"772",3964484.25,2806314.25,0.6,0.6,1,0.08,1,210
"773",3533612.25,2410657,0.5,0.7,2,0.08,1,210
"774",3506840.5,2380369,0.6,0.7,2,0.08,1,210
"775",3485709.75,2327627,0.5,0.6,2,0.08,1,210
"776",3555087.5,2395966.25,0.6,0.6,2,0.08,1,210
"777",3388435.25,2181394.25,0.5,0.7,3,0.08,1,210
"778",3397863.25,2226284.75,0.6,0.7,3,0.08,1,210
"779",3458554.25,2294698.75,0.5,0.6,3,0.08,1,210
"780",3473238.75,2271072.5,0.6,0.6,3,0.08,1,210
"781",3301022.25,2035338.75,0.5,0.7,4,0.08,1,210
"782",3410244.5,2014131,0.6,0.7,4,0.08,1,210
"783",3299139.5,1986100.5,0.5,0.6,4,0.08,1,210
"784",3268737.5,1874946.875,0.6,0.6,4,0.08,1,210
"785",3383544.5,1858885.875,0.5,0.7,5,0.08,1,210
"786",3310369,1848464.5,0.6,0.7,5,0.08,1,210
"787",3322361,1719679.875,0.5,0.6,5,0.08,1,210
"788",3335287.5,1810449.625,0.6,0.6,5,0.08,1,210
"789",3366240.75,1665771.875,0.5,0.7,6,0.08,1,210
"790",3341282.75,1578170,0.6,0.7,6,0.08,1,210
"791",3382080,1651082.25,0.5,0.6,6,0.08,1,210
"792",3444446.75,1521388.75,0.6,0.6,6,0.08,1,210
"793",3957720,2772464.75,0.5,0.7,1,0.09,1,210
"794",3981407.5,2777712.5,0.6,0.7,1,0.09,1,210
"795",3970241.75,2781255,0.5,0.6,1,0.09,1,210
"796",3991111.25,2784091.25,0.6,0.6,1,0.09,1,210
"797",3511703.5,2391872.5,0.5,0.7,2,0.09,1,210
"798",3522891.5,2450740.25,0.6,0.7,2,0.09,1,210
"799",3501788,2393699.25,0.5,0.6,2,0.09,1,210
"800",3505427.75,2404699.5,0.6,0.6,2,0.09,1,210
"801",3401323.75,2119418,0.5,0.7,3,0.09,1,210
"802",3478606.5,2203599.5,0.6,0.7,3,0.09,1,210
"803",3459018,2209786.25,0.5,0.6,3,0.09,1,210
"804",3514865,2170194.25,0.6,0.6,3,0.09,1,210
"805",3300477.25,2013363.875,0.5,0.7,4,0.09,1,210
"806",3387670,1925327.625,0.6,0.7,4,0.09,1,210
"807",3401315.5,2102515.75,0.5,0.6,4,0.09,1,210
"808",3392058,2027286.875,0.6,0.6,4,0.09,1,210
"809",3465065.5,1895215.75,0.5,0.7,5,0.09,1,210
"810",3377585.5,1737864.875,0.6,0.7,5,0.09,1,210
"811",3297666.5,1723405.375,0.5,0.6,5,0.09,1,210
"812",3358204.75,1612345.875,0.6,0.6,5,0.09,1,210
"813",3433605.5,1735320.375,0.5,0.7,6,0.09,1,210
"814",3331923.5,1527645.375,0.6,0.7,6,0.09,1,210
"815",3402515.25,1531348.875,0.5,0.6,6,0.09,1,210
"816",3425320,1568280.625,0.6,0.6,6,0.09,1,210
"817",3959197.25,2752563.75,0.5,0.7,1,0.1,1,210
"818",4008520,2755663.5,0.6,0.7,1,0.1,1,210
"819",3966479.25,2752063.75,0.5,0.6,1,0.1,1,210
"820",3992058.25,2761128,0.6,0.6,1,0.1,1,210
"821",3507726.5,2364912.75,0.5,0.7,2,0.1,1,210
"822",3505003.25,2389858.5,0.6,0.7,2,0.1,1,210
"823",3481611.25,2336999.75,0.5,0.6,2,0.1,1,210
"824",3479301.5,2351819,0.6,0.6,2,0.1,1,210
"825",3385527.75,2201519,0.5,0.7,3,0.1,1,210
"826",3496655.25,2239156.25,0.6,0.7,3,0.1,1,210
"827",3425093.75,2145160,0.5,0.6,3,0.1,1,210
"828",3425961.5,2128991,0.6,0.6,3,0.1,1,210
"829",3407275.75,2112018.25,0.5,0.7,4,0.1,1,210
"830",3330589.25,1864147,0.6,0.7,4,0.1,1,210
"831",3321061.5,1982232.375,0.5,0.6,4,0.1,1,210
"832",3399035,1827897.375,0.6,0.6,4,0.1,1,210
"833",3468201.75,1870402.25,0.5,0.7,5,0.1,1,210
"834",3345016.25,1751516.5,0.6,0.7,5,0.1,1,210
"835",3373062,1705718.5,0.5,0.6,5,0.1,1,210
"836",3389569.5,1653140.125,0.6,0.6,5,0.1,1,210
"837",3401120,1584176.125,0.5,0.7,6,0.1,1,210
"838",3466202.25,1627987.125,0.6,0.7,6,0.1,1,210
"839",3332339.5,1714036.625,0.5,0.6,6,0.1,1,210
"840",3459409.75,1553079.125,0.6,0.6,6,0.1,1,210
"841",4030506.75,2904331.75,0.5,0.7,1,0.04,1,220
"842",4039662.5,2909773.5,0.6,0.7,1,0.04,1,220
"843",4042102.5,2911066.75,0.5,0.6,1,0.04,1,220
"844",4041379.75,2913507.5,0.6,0.6,1,0.04,1,220
"845",3464167.75,2461860,0.5,0.7,2,0.04,1,220
"846",3477279.25,2449800.25,0.6,0.7,2,0.04,1,220
"847",3511947,2462313.25,0.5,0.6,2,0.04,1,220
"848",3462216,2456026,0.6,0.6,2,0.04,1,220
"849",3448717,2284678,0.5,0.7,3,0.04,1,220
"850",3391845,2253391.5,0.6,0.7,3,0.04,1,220
"851",3460561,2285565,0.5,0.6,3,0.04,1,220
"852",3450618.25,2261391.75,0.6,0.6,3,0.04,1,220
"853",3328694.25,2108108.5,0.5,0.7,4,0.04,1,220
"854",3295072.5,2056411,0.6,0.7,4,0.04,1,220
"855",3370312.75,2094067.625,0.5,0.6,4,0.04,1,220
"856",3326548,2069004.125,0.6,0.6,4,0.04,1,220
"857",3371178.5,1899801,0.5,0.7,5,0.04,1,220
"858",3341752,1854069,0.6,0.7,5,0.04,1,220
"859",3320192,1911345,0.5,0.6,5,0.04,1,220
"860",3319593.75,1871179.25,0.6,0.6,5,0.04,1,220
"861",3309568.75,1746831.125,0.5,0.7,6,0.04,1,220
"862",3350001,1678557.375,0.6,0.7,6,0.04,1,220
"863",3358647,1733759.375,0.5,0.6,6,0.04,1,220
"864",3365011,1670220,0.6,0.6,6,0.04,1,220
"865",4008807,2844240.25,0.5,0.7,1,0.05,1,220
"866",3989915.25,2848456.5,0.6,0.7,1,0.05,1,220
"867",4005472,2853291.5,0.5,0.6,1,0.05,1,220
"868",3976661.5,2852879.75,0.6,0.6,1,0.05,1,220
"869",3453362.25,2416817.5,0.5,0.7,2,0.05,1,220
"870",3481482,2396355,0.6,0.7,2,0.05,1,220
"871",3512778.75,2417712.75,0.5,0.6,2,0.05,1,220
"872",3483027,2406149.5,0.6,0.6,2,0.05,1,220
"873",3357314.75,2228017,0.5,0.7,3,0.05,1,220
"874",3396206.25,2217301.75,0.6,0.7,3,0.05,1,220
"875",3439381.5,2225393,0.5,0.6,3,0.05,1,220
"876",3395609.25,2214849.25,0.6,0.6,3,0.05,1,220
"877",3323203.75,2035252.375,0.5,0.7,4,0.05,1,220
"878",3340224,1998538.25,0.6,0.7,4,0.05,1,220
"879",3367403.5,2039505.625,0.5,0.6,4,0.05,1,220
"880",3348461,2002934.125,0.6,0.6,4,0.05,1,220
"881",3315452.5,1905917.25,0.5,0.7,5,0.05,1,220
"882",3348296.75,1833725.75,0.6,0.7,5,0.05,1,220
"883",3310581.75,1843468.625,0.5,0.6,5,0.05,1,220
"884",3329820.5,1789955.5,0.6,0.6,5,0.05,1,220
"885",3324524.5,1707831.5,0.5,0.7,6,0.05,1,220
"886",3329561.25,1642620.375,0.6,0.7,6,0.05,1,220
"887",3345897,1655606.625,0.5,0.6,6,0.05,1,220
"888",3375102.75,1587380.625,0.6,0.6,6,0.05,1,220
"889",3986260.75,2815285.5,0.5,0.7,1,0.06,1,220
"890",3976709.75,2820275,0.6,0.7,1,0.06,1,220
"891",3974708.25,2806657,0.5,0.6,1,0.06,1,220
"892",3975181.75,2818237,0.6,0.6,1,0.06,1,220
"893",3518936,2388674.75,0.5,0.7,2,0.06,1,220
"894",3489745.5,2381782.25,0.6,0.7,2,0.06,1,220
"895",3505037.5,2388764.25,0.5,0.6,2,0.06,1,220
"896",3475261.75,2384266.75,0.6,0.6,2,0.06,1,220
"897",3375261,2173441.5,0.5,0.7,3,0.06,1,220
"898",3374925.5,2192224.25,0.6,0.7,3,0.06,1,220
"899",3392790.5,2180766.5,0.5,0.6,3,0.06,1,220
"900",3388378.5,2172160.5,0.6,0.6,3,0.06,1,220
"901",3299171.25,1974767,0.5,0.7,4,0.06,1,220
"902",3284421.5,1965622.875,0.6,0.7,4,0.06,1,220
"903",3360754.5,2055394.875,0.5,0.6,4,0.06,1,220
"904",3314568,1997104.5,0.6,0.6,4,0.06,1,220
"905",3310890.5,1794155.75,0.5,0.7,5,0.06,1,220
"906",3314647.75,1784456,0.6,0.7,5,0.06,1,220
"907",3337682.75,1772098.625,0.5,0.6,5,0.06,1,220
"908",3304049.5,1735697.5,0.6,0.6,5,0.06,1,220
"909",3363176,1633012.5,0.5,0.7,6,0.06,1,220
"910",3365435.75,1648032.75,0.6,0.7,6,0.06,1,220
"911",3356552.25,1583340.875,0.5,0.6,6,0.06,1,220
"912",3331830.5,1513011.75,0.6,0.6,6,0.06,1,220
"913",4002561.5,2820650.25,0.5,0.7,1,0.07,1,220
"914",3968309.5,2784860,0.6,0.7,1,0.07,1,220
"915",3974892.25,2824760.5,0.5,0.6,1,0.07,1,220
"916",4001926.25,2835409.75,0.6,0.6,1,0.07,1,220
"917",3465706,2357901,0.5,0.7,2,0.07,1,220
"918",3468472.75,2342640,0.6,0.7,2,0.07,1,220
"919",3528247.5,2350290.5,0.5,0.6,2,0.07,1,220
"920",3508635.5,2421058.75,0.6,0.6,2,0.07,1,220
"921",3386075.75,2205643.25,0.5,0.7,3,0.07,1,220
"922",3344801.5,2145557.25,0.6,0.7,3,0.07,1,220
"923",3384787,2152336.5,0.5,0.6,3,0.07,1,220
"924",3397928.5,2150400,0.6,0.6,3,0.07,1,220
"925",3297796.75,1931584.125,0.5,0.7,4,0.07,1,220
"926",3318268.5,1919123,0.6,0.7,4,0.07,1,220
"927",3338538.75,1924380,0.5,0.6,4,0.07,1,220
"928",3335592.75,1980162.625,0.6,0.6,4,0.07,1,220
"929",3320185.5,1798043.75,0.5,0.7,5,0.07,1,220
"930",3341544,1761174.5,0.6,0.7,5,0.07,1,220
"931",3309597,1700566.75,0.5,0.6,5,0.07,1,220
"932",3375938,1745953.75,0.6,0.6,5,0.07,1,220
"933",3371188,1652309.25,0.5,0.7,6,0.07,1,220
"934",3355999,1595908.25,0.6,0.7,6,0.07,1,220
"935",3307031.5,1575176,0.5,0.6,6,0.07,1,220
"936",3409754.5,1574659,0.6,0.6,6,0.07,1,220
"937",3973615.25,2753528.25,0.5,0.7,1,0.08,1,220
"938",3988025.25,2807221.75,0.6,0.7,1,0.08,1,220
"939",3974236,2806666,0.5,0.6,1,0.08,1,220
"940",3964484.25,2806314.25,0.6,0.6,1,0.08,1,220
"941",3533612.25,2410657,0.5,0.7,2,0.08,1,220
"942",3506840.5,2380369,0.6,0.7,2,0.08,1,220
"943",3480378.25,2322488.5,0.5,0.6,2,0.08,1,220
"944",3555087.5,2395966.25,0.6,0.6,2,0.08,1,220
"945",3388435.25,2181394.25,0.5,0.7,3,0.08,1,220
"946",3397863.25,2226284.75,0.6,0.7,3,0.08,1,220
"947",3458554.25,2294698.75,0.5,0.6,3,0.08,1,220
"948",3473238.75,2271072.5,0.6,0.6,3,0.08,1,220
"949",3301022.25,2035338.75,0.5,0.7,4,0.08,1,220
"950",3410244.5,2014131,0.6,0.7,4,0.08,1,220
"951",3299139.5,1986100.5,0.5,0.6,4,0.08,1,220
"952",3268679,1868974.875,0.6,0.6,4,0.08,1,220
"953",3383544.5,1858885.875,0.5,0.7,5,0.08,1,220
"954",3310369,1848464.5,0.6,0.7,5,0.08,1,220
"955",3322361,1719679.875,0.5,0.6,5,0.08,1,220
"956",3335287.5,1810449.625,0.6,0.6,5,0.08,1,220
"957",3366240.75,1665771.875,0.5,0.7,6,0.08,1,220
"958",3341282.75,1578170,0.6,0.7,6,0.08,1,220
"959",3382080,1651082.25,0.5,0.6,6,0.08,1,220
"960",3444446.75,1521388.75,0.6,0.6,6,0.08,1,220
"961",3957720,2772464.75,0.5,0.7,1,0.09,1,220
"962",3981407.5,2777712.5,0.6,0.7,1,0.09,1,220
"963",3970241.75,2781255,0.5,0.6,1,0.09,1,220
"964",3991111.25,2784091.25,0.6,0.6,1,0.09,1,220
"965",3511703.5,2391872.5,0.5,0.7,2,0.09,1,220
"966",3522891.5,2450740.25,0.6,0.7,2,0.09,1,220
"967",3501788,2393699.25,0.5,0.6,2,0.09,1,220
"968",3505427.75,2404699.5,0.6,0.6,2,0.09,1,220
"969",3401323.75,2119418,0.5,0.7,3,0.09,1,220
"970",3478606.5,2203599.5,0.6,0.7,3,0.09,1,220
"971",3459018,2209786.25,0.5,0.6,3,0.09,1,220
"972",3514865,2170194.25,0.6,0.6,3,0.09,1,220
"973",3300477.25,2013363.875,0.5,0.7,4,0.09,1,220
"974",3387670,1925327.625,0.6,0.7,4,0.09,1,220
"975",3401315.5,2102515.75,0.5,0.6,4,0.09,1,220
"976",3392058,2027286.875,0.6,0.6,4,0.09,1,220
"977",3465065.5,1895215.75,0.5,0.7,5,0.09,1,220
"978",3377585.5,1737864.875,0.6,0.7,5,0.09,1,220
"979",3297666.5,1723405.375,0.5,0.6,5,0.09,1,220
"980",3358813.25,1607591,0.6,0.6,5,0.09,1,220
"981",3433605.5,1735320.375,0.5,0.7,6,0.09,1,220
"982",3331923.5,1527645.375,0.6,0.7,6,0.09,1,220
"983",3402515.25,1531348.875,0.5,0.6,6,0.09,1,220
"984",3425320,1568280.625,0.6,0.6,6,0.09,1,220
"985",3959197.25,2752563.75,0.5,0.7,1,0.1,1,220
"986",4008520,2755663.5,0.6,0.7,1,0.1,1,220
"987",3966479.25,2752063.75,0.5,0.6,1,0.1,1,220
"988",3992058.25,2761128,0.6,0.6,1,0.1,1,220
"989",3507726.5,2364912.75,0.5,0.7,2,0.1,1,220
"990",3505003.25,2389858.5,0.6,0.7,2,0.1,1,220
"991",3481611.25,2336999.75,0.5,0.6,2,0.1,1,220
"992",3479301.5,2351819,0.6,0.6,2,0.1,1,220
"993",3385527.75,2201519,0.5,0.7,3,0.1,1,220
"994",3496655.25,2239156.25,0.6,0.7,3,0.1,1,220
"995",3425093.75,2145160,0.5,0.6,3,0.1,1,220
"996",3425961.5,2128991,0.6,0.6,3,0.1,1,220
"997",3407275.75,2112018.25,0.5,0.7,4,0.1,1,220
"998",3330589.25,1864147,0.6,0.7,4,0.1,1,220
"999",3321061.5,1982232.375,0.5,0.6,4,0.1,1,220
"1000",3399035,1827897.375,0.6,0.6,4,0.1,1,220
"1001",3468201.75,1870402.25,0.5,0.7,5,0.1,1,220
"1002",3345016.25,1751516.5,0.6,0.7,5,0.1,1,220
"1003",3373062,1705718.5,0.5,0.6,5,0.1,1,220
"1004",3389569.5,1653140.125,0.6,0.6,5,0.1,1,220
"1005",3401120,1584176.125,0.5,0.7,6,0.1,1,220
"1006",3466202.25,1627987.125,0.6,0.7,6,0.1,1,220
"1007",3332339.5,1714036.625,0.5,0.6,6,0.1,1,220
"1008",3459409.75,1553079.125,0.6,0.6,6,0.1,1,220
