ID,y
1,99.2739908035723
2,120.486366133694
3,100.688487888305
4,76.8129768519267
5,110.225966369508
8,90.7112550245607
10,110.218422486323
11,93.6664119240932
12,115.966404309027
14,92.9233350746695
15,116.007963938764
16,105.231075744519
17,97.4641116022087
19,95.6851429022635
20,106.424163527156
21,97.1278051987241
22,116.608808421437
23,97.4990404457387
26,95.5716175736559
28,92.3312976162148
29,97.4990404457387
33,97.4990404457387
35,94.956059986112
41,97.3594001328349
42,92.0554842564719
43,116.446777260942
45,105.287319111278
46,103.73240577244
51,94.3785408578809
53,82.2468210070161
55,111.5133021125
56,93.9291304863044
57,105.280897099776
58,95.7940387072992
59,105.892247202675
63,110.243000985225
64,95.6831848191701
65,106.30982574316
69,94.2849875992998
71,95.8659297989216
72,105.261779995118
73,95.2509807964425
76,105.892247202675
77,105.599044921902
78,114.772612089191
82,95.580788668807
83,106.30982574316
84,94.9301267658916
85,103.319633166142
87,109.652089490869
88,97.3594001328349
89,110.952124708339
91,93.8324477384804
93,94.3884756915166
94,106.64314095631
95,93.9220757139859
96,110.483436557827
97,91.6107136620045
98,111.053776244656
99,93.6807147699629
101,104.797740626172
103,110.952124708339
104,92.0726152676449
105,109.940292568168
110,95.9956079681124
111,110.076921728949
113,110.519573091671
114,90.9508348016231
115,112.346409617707
117,110.952124708339
120,91.3619690677812
121,110.38989539551
122,91.5068715536513
123,111.516479965541
126,110.648827653507
132,111.51284148303
135,105.647128754212
137,106.674919851636
138,95.8198384223486
140,93.9291304863044
142,111.140967517953
144,110.609562245178
148,91.3660786082014
149,110.359996213479
155,91.3219084207439
156,109.948843646015
157,91.6107136620045
162,110.388100632905
163,95.5390786488829
167,90.7008341662782
172,116.446777260942
179,110.643071324741
180,91.5068715536513
181,110.118038901688
182,95.9349476896138
183,110.952124708339
185,110.952124708339
187,110.78220591403
188,95.580788668807
189,94.6386784342801
191,91.9389100380807
192,112.598686009129
193,94.4796490344855
194,110.661480391508
195,90.8869207025089
196,111.078033313457
198,95.8804259165243
199,110.609562245178
201,105.915929340059
204,95.8198384223486
205,105.118019765412
206,94.2918528438033
210,94.2882679504748
211,104.797740626172
216,110.483436557827
219,115.88332971019
220,93.142811729706
221,109.817459064839
226,110.118038901688
227,91.5579761283657
228,110.483436557827
230,110.185239525589
231,91.6107136620045
235,116.483528670039
236,93.6822378928596
238,110.185239525589
242,106.257424640717
243,93.8324477384804
244,78.3292714336392
245,109.943904978756
247,110.520885615689
248,91.1674396320176
249,91.6100581282648
250,109.855755098531
251,93.6822378928596
253,116.483528670039
254,91.7879802500814
256,94.7479921484676
257,91.5135087309046
258,110.89437008596
259,93.6807147699629
262,78.9365560466999
266,91.3081015033098
267,110.693625380504
272,103.82199355221
273,110.952124708339
275,91.9335584008912
276,111.460372995971
279,95.2471022526216
280,106.30982574316
283,91.3588991880652
285,110.483436557827
288,110.952124708339
289,94.6439264659629
290,105.915929340059
291,95.3804813585412
292,110.004692652969
293,109.70895761697
296,92.037884713994
297,110.933426180084
298,114.813743891896
299,95.6150425737265
304,92.0126887163611
305,89.9596999911845
306,94.4954388393474
307,110.157502614919
311,114.220613570941
313,110.157502614919
314,91.8624732348316
316,94.114449997465
324,93.5178336187761
327,94.6770166150837
329,92.0126887163611
330,110.701138861378
337,106.316310382943
338,95.939441956367
339,106.474472339814
340,95.7174754204598
343,91.0967352113852
345,115.924859567947
346,90.7378633218454
347,110.733295370382
349,112.802228997128
350,89.6227787720462
352,110.892577814169
353,90.5423664335401
354,78.569403210909
357,94.6745108494645
358,110.799011652507
362,110.793231063007
364,117.446227066106
365,105.838126158348
366,95.8077753038274
367,110.692317987102
368,95.512976503754
370,78.348522185444
373,95.8283690360131
377,91.8684788956104
378,110.106016208198
382,105.930196491627
384,110.523031220978
390,93.9557351752244
392,111.273511569616
393,113.857727801765
395,96.1276352441024
396,106.748240479879
399,78.4682939935923
406,110.157502614919
408,110.157502614919
409,92.026134187073
410,78.1919630378029
412,111.183113517887
413,91.2001118965219
419,93.9557351752244
420,110.506407620109
421,91.2001118965219
430,99.2854954572147
434,94.519503170066
436,95.2543301247432
437,93.9627924758073
438,91.2001118965219
439,110.350557671989
440,93.8660750791622
443,110.814532154382
446,95.8541779970731
448,94.3233290135898
452,94.5214162119445
453,105.489209981324
457,105.953887116131
458,94.4138989240142
459,114.191438988056
460,103.969065466538
462,106.407649631227
464,103.85220026396
465,115.924859567947
467,119.611011671824
471,110.167322979848
472,78.1919630378029
473,94.7367756688799
475,95.6165971462015
480,95.1040238642916
488,108.818141130452
490,110.157502614919
491,104.835297669728
492,78.5706806441278
493,94.6745108494645
497,90.3020524350709
498,110.973182108924
499,94.8999838361606
500,103.771268179404
501,94.4138989240142
502,110.309244899815
506,81.6254772527318
510,109.452724351091
511,90.4635791009917
512,92.0126887163611
516,91.3266691292784
518,91.7892057784848
519,110.733295370382
521,90.5431906315379
522,109.423688216923
526,110.134863143944
529,93.2701832615543
532,109.893338096993
533,94.7819475987162
536,110.753171364758
537,97.6045549615589
539,95.6150425737265
540,104.835297669728
541,95.7714656285798
543,94.6725947090665
546,110.861508721849
547,93.7158114018682
548,79.0024597739729
551,93.3644903638217
552,103.850511793791
556,106.904582199193
557,95.9331280906028
558,110.692317987102
559,95.9613932303561
560,105.155691589473
562,105.155691589473
566,95.4364505319886
570,110.973182108924
571,93.9627924758073
572,106.347924682431
573,95.6150425737265
575,115.924859567947
576,110.002076761272
577,89.4823146138719
579,91.3961970025957
580,110.733295370382
581,111.552805060676
589,110.157502614919
591,105.32505160824
593,95.348042484575
594,105.75624801714
595,94.4123639054829
598,93.3644903638217
602,110.859706291569
604,110.524828177373
606,111.187474761803
608,95.4771841989724
609,104.835297669728
610,94.4123639054829
616,109.445050524038
617,95.4689393227381
618,105.351257028774
620,105.611056752016
622,110.883584971298
623,91.2001118965219
624,167.507130237433
626,110.129614636675
628,110.249092657766
629,90.9834294400545
630,110.224727321942
637,96.5207987661344
638,106.211857383673
643,94.3291179034458
645,95.1040238642916
646,119.635162842785
648,95.9002858917106
652,95.4364505319886
653,93.9627924758073
654,110.973182108924
656,111.40053919084
657,90.7378633218454
659,95.1686519142894
660,105.60050414754
663,91.7182857646744
664,110.17390513194
666,105.716017410599
668,110.436219479909
669,93.995244903357
671,95.9331280906028
675,91.6428890168199
677,93.7158114018682
678,109.983306286488
679,107.083825523739
682,95.5718160975137
685,106.154155639805
687,95.9916594050356
688,91.1748456399103
693,110.652345433298
696,94.8128096479793
698,94.8156432331294
701,94.5591105201689
704,106.569480829757
705,116.091127885555
709,111.550673718526
710,94.4577549212392
711,106.384395743318
712,95.3485082979506
714,109.75571023882
715,92.0013351959719
716,110.315498947198
717,93.2293154981831
720,116.091127885555
721,92.1037718676352
724,105.251535353131
725,95.9916594050356
726,110.840734867458
728,110.261306579495
731,91.6302803691978
734,105.753683868629
738,92.9641031906732
745,110.318322282912
746,92.1446603660009
751,78.5856121408386
754,91.7749869806119
756,91.6317701547786
758,93.3568110098996
759,111.418722819771
761,116.692403102437
766,95.0137482922349
767,111.714631319356
768,91.3309180862141
769,110.557890128883
770,95.4966282202141
771,78.6833727356489
772,104.280918466819
773,93.498400870981
774,111.132348351243
776,110.681551822396
777,94.2036690468705
780,116.655585791922
782,104.985660487802
787,105.476116868946
788,95.7521809953385
792,91.3309180862141
793,111.394389946672
798,94.04786443222
800,91.2273931303132
806,110.315498947198
809,110.681551822396
811,110.400217831636
812,90.6722292342823
814,116.091127885555
816,105.649349575997
817,96.0990284146228
818,113.768378627315
820,110.558703069194
823,94.549314573353
829,91.5272844325742
830,112.179901359995
831,90.234963296669
834,110.050955544276
839,94.91789113167
841,78.4697289068773
844,104.985660487802
845,94.5477773531805
848,92.1446603660009
850,97.880736058343
851,104.118185868002
852,95.0464502810991
854,94.0022333230687
855,96.2454931789521
856,105.966302744985
859,103.999462156492
861,111.132348351243
864,94.4577549212392
865,111.132348351243
866,91.5227209612403
867,90.6737034432353
869,95.194323764173
871,90.2569349940836
872,110.315498947198
882,105.476116868946
883,94.6550702851076
885,95.8412134155804
888,94.8128096479793
893,110.315498947198
901,110.141052773043
903,104.985660487802
904,95.5051075423677
905,104.280918466819
910,95.2404293437081
911,110.16706248394
914,110.912022050807
918,110.206115886362
921,91.3309180862141
928,94.91789113167
929,104.280918466819
932,94.0321937638366
933,106.03267923032
934,95.2404293437081
935,110.892117548757
937,78.5136297907768
939,95.7521809953385
940,104.86365726359
941,94.91789113167
942,105.477371311893
943,95.1439437430047
944,103.999462156492
947,110.315498947198
949,110.436506822646
951,109.725207469947
952,95.5515145005922
953,104.985660487802
954,78.3041119435096
957,110.681551822396
959,91.9526450111856
960,118.693371588211
963,116.091127885555
965,110.315498947198
967,105.988499814401
971,94.810300288399
972,78.3041119435096
973,95.6065523184132
974,110.681551822396
975,93.9573165187287
978,122.656458758497
980,111.349833888943
981,95.1439437430047
984,110.912022050807
986,95.2404293437081
988,91.3309180862141
989,110.71408780072
990,105.249824132018
992,110.141052773043
996,94.097561113707
999,110.712287767267
1000,92.7348371929166
1001,111.132348351243
1002,91.3309180862141
1003,110.681551822396
1004,91.3309180862141
1008,110.052744825353
1009,94.8628148330062
1010,107.473031308386
1012,118.592879457592
1013,90.6860165989487
1014,110.227189569486
1015,90.5694509120053
1016,116.091127885555
1019,90.6722292342823
1020,110.289364098005
1021,95.2404293437081
1022,106.447961959712
1024,95.2404293437081
1025,78.4710047195255
1027,95.194323764173
1028,103.776337494445
1029,93.8638834376984
1030,93.8794689091754
1033,110.807903674181
1036,91.7396301669288
1037,110.1374338848
1038,91.9162737972517
1042,95.7521809953385
1043,105.878222723988
1044,94.6635629575941
1045,110.58604494423
1047,114.355221101025
1050,94.8083813997256
1051,110.315498947198
1054,94.549314573353
1056,95.1439437430047
1057,94.6550702851076
1059,95.3909511849173
1062,98.356643982731
1063,105.988988297381
1064,95.1439437430047
1066,93.498400870981
1070,105.761107790331
1076,110.58604494423
1077,95.4643889974878
1078,110.807903674181
1080,110.737773011747
1082,112.681711805866
1083,94.8128096479793
1089,110.7802413286
1091,94.846788327294
1093,95.6947162437098
1097,95.6401310847009
1099,90.602733611434
1101,95.2745612718567
1103,93.2129844737411
1104,110.453042650861
1106,110.398280108057
1109,92.3680884875505
1110,110.899644502557
1111,93.2804873531983
1112,112.349956451275
1114,94.5816610511589
1116,93.2627266904661
1117,110.245761040629
1120,91.4563009362295
1124,110.548434662511
1125,92.2536047993889
1126,110.20654376607
1134,110.931858673556
1137,91.7031551799658
1138,110.453042650861
1144,110.355033425462
1145,94.5816610511589
1146,92.0271980004244
1148,93.9909886094421
1150,91.4563009362295
1152,105.023284877413
1153,95.7205238400245
1154,105.166915546942
1155,95.7864963232336
1157,91.1155712384544
1162,95.7864963232336
1165,110.847614618709
1166,94.3265855898212
1167,106.486110403752
1168,95.2745612718567
1169,104.036733115834
1171,116.734222913053
1172,96.1051522205967
1173,104.036733115834
1174,94.9519074697151
1176,96.2799852983224
1177,104.155499375128
1178,94.8442780684182
1182,110.185474030094
1186,95.2745612718567
1187,111.894793847034
1188,91.8072200312152
1189,116.697392408081
1191,106.182078416084
1192,95.7864963232336
1197,110.066032463476
1198,90.6116164787325
1200,78.3321742941417
1201,94.6909089066296
1203,95.9962155991987
1209,116.132732213286
1214,104.152569063953
1218,112.155095795176
1222,92.2536047993889
1226,96.2244155523816
1228,94.8442780684182
1230,91.0930381125868
1232,78.3321742941417
1233,97.3612813395365
1236,114.396203320624
1238,94.2365715985579
1241,110.355033425462
1244,105.376339172227
1246,92.2536047993889
1247,111.395210199653
1250,111.590650854355
1251,91.1465779332268
1254,110.245611164311
1255,94.4916063572969
1256,110.987500130404
1257,91.5184501718701
1258,91.1389523854639
1259,110.355033425462
1260,95.9834497159173
1263,110.355033425462
1267,78.4238108770435
1268,110.816072722625
1271,95.7864963232336
1272,110.355033425462
1274,105.865592701844
1275,95.7864963232336
1276,110.355033425462
1277,91.9492144262949
1279,92.0271980004244
1281,94.4845610317638
1282,91.8072200312152
1283,111.060301932988
1285,110.094240824284
1286,91.8072200312152
1289,110.625676379811
1296,111.516061247008
1299,91.4563009362295
1301,94.1312834647823
1306,91.4120272408476
1307,94.9519074697151
1308,91.1611890773001
1313,110.355033425462
1314,95.8891128491785
1315,110.899644502557
1316,91.8342695390985
1317,110.355033425462
1319,92.1776828434147
1323,95.2745612718567
1324,106.425589424102
1325,94.6956303489538
1328,107.098021221848
1329,95.3854185153871
1330,111.172175569107
1331,93.8737647742739
1332,103.36023729925
1337,93.817164067491
1338,110.715786196028
1339,90.7055497029585
1340,111.416511262143
1343,111.015930225615
1347,103.795014837531
1348,95.0880947721409
1349,106.456704310345
1352,92.1591904603914
1354,96.4180774317486
1359,109.424544430988
1360,95.4112113490924
1363,110.513313071567
1364,94.9828248597898
1365,106.059628367113
1366,95.9302232487806
1372,95.8055247193303
1375,106.430893943009
1376,94.8248026438808
1378,90.1103944651123
1379,111.141761016018
1380,95.4112113490924
1381,104.185950571426
1384,113.015929582356
1387,91.5874745718757
1388,110.487131358222
1392,79.0266438263748
1394,104.890789239949
1395,96.0130727272022
1396,110.513313071567
1398,95.0626053388373
1399,110.513313071567
1400,92.3566819076789
1401,93.1965061850489
1403,95.1607075911527
1404,112.036248371098
1406,110.513313071567
1407,94.7173173177971
1408,110.513313071567
1410,78.5362923166891
1412,110.513313071567
1413,96.1637884914575
1415,96.0266443633832
1420,110.513313071567
1422,112.315957228681
1423,107.462384441993
1424,110.513313071567
1425,96.9267084980883
1426,78.5362923166891
1427,96.1339007283754
1429,90.4446359924539
1430,110.917605823856
1431,96.4180774317486
1432,103.111403056404
1434,110.60369847598
1437,95.9238806569527
1438,106.467342474467
1440,110.366404817611
1441,110.919409195505
1442,94.9803110005085
1444,111.152813163813
1445,96.0266443633832
1446,105.173917321147
1448,90.922867567347
1453,92.5079736590497
1454,110.513313071567
1455,95.9238806569527
1456,112.274232437274
1458,110.513313071567
1459,92.0810950362435
1461,94.8053874997184
1465,91.5874745718757
1466,110.071806462795
1469,95.4112113490924
1472,92.5079736590497
1474,94.7188572944622
1477,110.939425653291
1479,110.87798471253
1482,91.2696708554983
1483,77.5319193455216
1487,95.3650230945485
1488,111.331627223097
1490,110.171317078078
1492,112.596708264262
1494,116.864768751492
1496,106.325197543125
1497,95.4417229633092
1499,96.2429935950242
1502,94.5198721954713
1507,113.107932479384
1508,92.1591904603914
1509,110.87798471253
1511,92.3098911402761
1512,110.459023527893
1513,115.184594080707
1514,105.77977116105
1518,110.706991699492
1519,91.4946896845976
1522,110.784344202782
1524,78.4445243015775
1527,94.9803110005085
1529,91.6940416852522
1532,106.344507780225
1536,110.706991699492
1537,116.299298677772
1539,107.670827975207
1542,110.52558989636
1543,94.8248026438808
1544,105.952182117406
1545,78.6117163442301
1550,94.8248026438808
1551,109.636004249477
1554,105.495346118265
1556,105.173917321147
1559,91.649712946713
1560,78.4445243015775
1562,95.6678696329972
1566,91.4946896845976
1567,110.580754915445
1569,105.950755130275
1570,112.511097368866
1571,110.784344202782
1574,92.1591904603914
1578,105.173917321147
1580,91.5431373757669
1583,110.996097034676
1584,92.1591904603914
1585,110.459023527893
1586,91.9388969819205
1587,110.880022340742
1588,91.4946896845976
1590,114.59108807735
1592,105.438554654922
1596,112.215886987235
1598,110.09821167994
1599,94.7173173177971
1604,118.646304337399
1606,105.153973861083
1607,96.1637884914575
1608,105.951217654195
1609,116.901652081597
1611,95.8214849119776
1613,95.5889964568031
1616,95.9784461656495
1619,111.540312024702
1620,91.9380600790647
1621,110.580754915445
1622,94.8333105451483
1625,110.33855408627
1627,116.901652081597
1629,110.938148020392
1634,95.4475025118813
1636,93.6660591282043
1638,105.829941779739
1639,95.0880947721409
1641,96.1339007283754
1643,95.1033377563963
1644,105.816497028893
1645,116.864768751492
1646,94.3659766973245
1647,105.495346118265
1648,95.3145527335833
1652,91.5431373757669
1653,110.469476431653
1656,92.3682592724282
1658,94.7173173177971
1659,111.058705271606
1661,94.61853965944
1663,96.1637884914575
1664,111.175875416367
1665,95.9238806569527
1666,105.173917321147
1667,105.496101010906
1668,78.9785282719399
1669,105.665253172542
1670,95.1033377563963
1672,111.006600762511
1674,110.424845340383
1677,111.331627223097
1678,91.4946896845976
1679,110.580754915445
1680,92.1365705153419
1683,104.467911579952
1686,104.414931845807
1687,112.315957228681
1689,111.049855905768
1690,92.2302371294535
1691,116.299298677772
1692,110.459926074701
1693,92.1591904603914
1695,94.978388670947
1696,92.5079736590497
1697,111.058705271606
1700,105.173917321147
1701,95.1604231080885
1702,110.880022340742
1703,91.4946896845976
1704,111.336933015337
1706,95.5140381185657
1707,111.110905840786
1708,95.3145527335833
1710,95.7773054901781
1711,104.185950571426
1713,106.760577717647
1717,103.681829117376
1719,105.173917321147
1720,94.7173173177971
1722,96.0792468409057
1725,105.438554654922
1726,95.3145527335833
1727,106.307980278961
1729,110.374152552895
1730,91.5431373757669
1731,111.538498558169
1733,105.173917321147
1734,96.0792468409057
1735,112.315957228681
1738,95.5889964568031
1742,93.8127818734135
1745,110.424845340383
1747,95.1604231080885
1749,95.2804064785705
1751,95.2804064785705
1752,78.4164217017715
1753,105.627398799025
1754,94.6849244461937
1755,95.8910751464313
1756,105.518721026554
1758,111.05609094562
1759,95.8895161113845
1760,106.258039448678
1761,111.413700716531
1762,92.0481071612256
1763,111.319371943026
1764,94.7974768946761
1766,96.1034549508368
1768,95.0540296452568
1769,77.594811599267
1771,110.814047491196
1772,93.5871762549727
1773,104.148626155217
1774,94.1433263595608
1775,111.755586448185
1777,110.661064051415
1779,95.8895161113845
1780,106.653208143322
1787,91.4619118881679
1788,94.5940945448405
1790,95.2804064785705
1796,110.541139572892
1801,91.4619118881679
1803,95.2804064785705
1807,110.541888064775
1809,112.308718757966
1812,94.3379244198301
1813,110.542936823704
1814,92.3680392384303
1815,111.454568832276
1816,93.3967627337352
1818,91.1393356708431
1820,91.7996674562905
1821,114.519238122853
1822,95.8910751464313
1825,94.2668332247748
1826,104.148626155217
1828,95.1724047187546
1831,106.01948691189
1836,113.254703258806
1837,95.0540296452568
1841,94.6849244461937
1844,105.771855659499
1848,94.1186395419512
1851,107.632255108377
1852,94.9487974456492
1853,91.4619118881679
1854,110.058980193638
1856,95.0433644704969
1859,112.308718757966
1860,95.2804064785705
1861,78.5835538481968
1863,103.925181470681
1865,95.0540296452568
1866,107.632255108377
1867,95.0692671687424
1868,91.4619118881679
1872,95.0540296452568
1879,94.9872320981512
1880,103.653357197505
1882,94.5940945448405
1885,104.430486151755
1887,103.653357197505
1888,95.7310692887381
1890,111.050550193523
1894,95.5547518828548
1895,105.627398799025
1896,95.7436785626502
1897,111.816813232443
1900,110.619125207877
1901,91.6168796134981
1902,111.734043915725
1905,90.8037546175819
1906,109.296553079187
1912,105.136238967753
1915,95.2804064785705
1916,105.91279847623
1917,95.4880069384459
1918,104.148626155217
1920,78.4164217017715
1923,93.4907105027409
1924,103.758814868923
1925,95.2804064785705
1930,116.859772289803
1932,110.473721889925
1933,94.1902644172777
1934,111.334808362899
1935,91.6168796134981
1940,78.5081568411684
1941,94.1370585300541
1942,110.751438172466
1943,91.8074046325162
1944,91.1484431781349
1945,112.377796157241
1948,116.257634677926
1949,92.2768212994944
1952,94.7396537840392
1954,92.1261746078381
1955,110.473721889925
1958,92.5751574600697
1959,78.3127737808032
1960,111.319371943026
1963,95.8910751464313
1965,94.7974768946761
1968,104.439223795092
1969,94.9487974456492
1971,95.8910751464313
1972,110.871079814928
1973,91.4619118881679
1975,91.4619118881679
1977,94.1511676465789
1978,93.4980875265668
1979,110.871590800889
1981,91.4619118881679
1982,110.564074913941
1987,110.688493009848
1988,91.4619118881679
1993,95.6647815318262
1997,94.5940945448405
1999,95.2804064785705
2001,95.5547518828548
2002,114.124081870262
2003,91.9066177002058
2004,78.6036362155876
2006,111.051167522072
2007,94.5895295841524
2009,106.653208143322
2010,96.0448266357012
2013,94.5582220438712
2018,78.4136826047357
2022,106.281807362484
2024,110.577506938888
2025,95.992243002915
2026,106.574754165128
2030,106.653208143322
2031,94.6849244461937
2032,105.136238967753
2033,95.2804064785705
2035,90.4660725187857
2036,110.751438172466
2037,91.3582384488415
2040,95.5547518828548
2043,111.768297810703
2044,107.046148748127
2046,106.71483955127
2054,111.370203230467
2055,94.7848197788189
2056,106.653208143322
2059,92.0481071612256
2060,91.6168796134981
2062,90.5609449298612
2063,111.576236164798
2066,95.5547518828548
2067,112.27572025324
2072,92.0859540320172
2073,111.112992882493
2074,92.9378048359605
2075,111.072903946459
2076,94.1261396892197
2080,90.993799279475
2082,91.6168796134981
2085,110.270164218786
2087,110.419451795375
2091,111.276361043298
2092,95.9786762287466
2093,106.653208143322
2098,95.3747125525659
2101,111.319371943026
2102,91.1393356708431
2103,78.5081568411684
2105,107.632255108377
2106,95.8895161113845
2107,111.398667293855
2110,94.7927503743711
2114,93.3967627337352
2115,110.751438172466
2117,81.1822032314008
2118,94.9988743519447
2119,105.338884757332
2120,95.1724047187546
2122,91.5546635354388
2123,110.00626745522
2126,95.8910751464313
2127,104.349103408645
2128,94.6849244461937
2129,110.187790380887
2132,95.488249789734
2135,105.136238967753
2138,94.6900225427361
2139,116.859772289803
2141,112.734204830284
2142,95.0540296452568
2146,95.6217495689945
2151,110.863297197737
2157,105.250346377767
2159,111.329781293469
2162,96.0614620378118
2164,116.466104044647
2167,90.9347882943144
2168,110.408216912701
2171,90.2806231474057
2173,96.063023868469
2174,106.104146856749
2175,94.9674646122978
2178,95.7299955699978
2180,95.7260975210781
2185,110.643801549348
2189,90.5393646628732
2190,112.477049381982
2192,105.589782710395
2194,113.389911631423
2200,113.372250246775
2201,92.0714216242021
2203,110.532459621118
2204,92.0714216242021
2205,111.813097321245
2209,112.921977981839
2213,106.498766722193
2214,94.6554398397974
2215,111.73001704091
2216,92.0714216242021
2218,94.3058620071859
2219,106.590093328118
2220,95.5480574203412
2222,90.913146834009
2223,110.619622490852
2225,111.209132119523
2226,92.2641194070886
2230,95.2987368356034
2233,112.477049381982
2234,111.813097321245
2235,92.0714216242021
2236,78.557035450004
2237,94.7637175639219
2240,114.594548222329
2241,92.6513363242133
2248,106.211747214101
2249,96.1507820341638
2250,110.559700993705
2252,110.406421852219
2253,92.500740908609
2254,110.643801549348
2256,78.557035450004
2258,91.4296902458674
2259,110.077831888465
2262,95.7260975210781
2265,96.0614620378118
2266,106.104146856749
2269,94.7624412654745
2271,96.5563676274953
2273,91.6259183803287
2274,110.410278499334
2275,92.0714216242021
2277,94.7628549472443
2279,92.0714216242021
2280,78.557035450004
2282,95.7260975210781
2283,105.698579939718
2288,91.6259183803287
2289,114.023881176813
2291,95.4512601696382
2292,117.069321389886
2297,95.5480574203412
2298,104.335382046128
2299,94.7957693432018
2300,111.75186357947
2301,92.0714216242021
2304,94.9547848001167
2305,104.556135464793
2306,95.7260975210781
2308,94.2949235870452
2309,111.184465000132
2311,108.589151670545
2312,106.620046096273
2316,106.218484069421
2321,104.335382046128
2322,111.250300823133
2325,106.102717822923
2326,94.3944074574892
2329,117.069321389886
2330,94.7628549472443
2331,104.218810767313
2332,112.477049381982
2333,95.7260975210781
2334,105.710321900127
2335,111.306102004927
2337,111.686355510127
2338,89.8239926585309
2340,112.477049381982
2342,92.500740908609
2345,93.4244294902197
2349,98.7783254086697
2351,78.557035450004
2352,95.3430647446188
2354,110.671819734471
2355,116.905948653729
2357,111.209132119523
2358,93.5304476456352
2360,95.6539085075243
2361,110.671819734471
2364,95.1165390414549
2366,96.3480371354585
2369,105.818514598563
2370,96.2589808069571
2371,112.477049381982
2373,119.976486295833
2374,95.7828280689623
2376,111.039054966182
2378,113.245184585796
2382,96.5563676274953
2383,91.8255563069002
2386,106.209597568776
2387,95.2993090796341
2389,90.9651019531013
2390,112.558254350878
2392,92.0686407761844
2398,112.477049381982
2399,95.3430647446188
2400,92.2510795360252
2401,110.851884993695
2402,94.8547103384667
2404,91.7948266093856
2407,112.98194712612
2408,110.02679348962
2409,110.915809409585
2412,82.3856490978148
2413,95.6558009874503
2415,95.0704934368088
2420,112.110722179427
2422,94.3553863478107
2423,105.816806376403
2426,95.5508017266328
2432,94.5070880830689
2434,91.6744355588896
2435,90.9651019531013
2436,111.072207946791
2438,112.471143027069
2440,110.950034008716
2443,95.2987368356034
2444,92.4422890604087
2447,106.211747214101
2450,96.3017139665183
2454,91.1615116017188
2455,111.494808220896
2459,95.7260975210781
2460,111.155296143339
2463,94.5013236129332
2465,92.5713876810599
2468,78.6489350858357
2469,92.0714216242021
2474,90.9659299992177
2478,92.7013943015906
2480,92.4422890604087
2481,114.594548222329
2489,95.7260975210781
2490,106.844455168277
2492,91.781163988687
2496,95.7260975210781
2497,111.19875217497
2500,95.3430647446188
2505,95.7260975210781
2507,90.2806231474057
2508,111.813097321245
2509,95.9146766417
2510,79.1412766054288
2513,91.6259183803287
2515,95.7260975210781
2518,91.8255563069002
2519,112.872555906787
2520,91.8255563069002
2521,111.453816094879
2523,110.851884993695
2525,94.5039125233072
2529,111.773040494397
2530,92.0384372146654
2533,113.343387059308
2535,91.1680809710178
2538,104.139753257681
2544,112.847840585686
2553,110.730427127416
2556,95.190363419133
2558,92.2166052322331
2559,120.870428311638
2560,94.6215297107098
2561,110.720854210637
2562,91.9677670858418
2563,110.145807185784
2564,91.6415933688465
2565,112.436754695587
2567,106.502343520161
2572,94.6464759991545
2575,95.4170649394496
2576,111.030099614313
2577,89.923035019412
2578,96.0270482039787
2579,110.752518841068
2580,90.9325138804568
2582,111.674960773566
2583,92.1338620758687
2587,94.7297686445481
2589,110.310897639676
2590,94.2270313706973
2591,111.773040494397
2594,91.4216973674049
2597,96.0333976173577
2598,105.287033418899
2599,96.0736339687327
2600,105.75399609091
2602,112.914579939482
2603,94.6464759991545
2604,106.381621527573
2606,110.5536363323
2607,78.5288925432957
2608,92.2180307643875
2613,111.773040494397
2614,92.2180307643875
2615,111.210445617047
2617,112.095320484369
2620,91.685978250263
2623,110.905297539528
2624,93.2079855560406
2627,111.773040494397
2629,78.5288925432957
2630,90.9325138804568
2632,96.0537642480147
2636,93.1037635116051
2639,93.573731283247
2640,104.580268358127
2642,111.773040494397
2644,105.287033418899
2646,111.382677410498
2647,93.1022497937738
2649,94.9287094014936
2650,113.192463014747
2652,105.287033418899
2653,105.553671507388
2655,114.921883605677
2657,112.436754695587
2659,110.632171768121
2662,91.7926599781401
2663,114.553494946051
2664,95.9351985022118
2665,105.890497504386
2670,94.9287094014936
2671,104.074238930354
2672,95.5970106711921
2675,105.287033418899
2677,110.668927435554
2679,110.752195006153
2683,111.155853697956
2684,93.5307195284006
2685,94.5757237384575
2688,104.298004096381
2689,95.4155136110483
2690,106.583942705355
2693,94.0295611105009
2694,109.939657994415
2697,96.5936145589333
2699,95.4170649394496
2703,91.7616903975633
2705,103.79334045228
2709,78.9092420454174
2710,94.3219954695321
2711,110.987285179837
2712,94.8858659446012
2713,97.024462723849
2714,111.596648321814
2715,89.8292750415442
2717,91.5930935714714
2718,112.256343903566
2720,111.379386470498
2721,94.9287094014936
2726,95.8810014838557
2728,94.7289063369013
2731,105.607846579886
2732,110.632171768121
2734,93.1505181089419
2736,105.287033418899
2737,96.0333976173577
2738,105.26706850935
2739,111.289897613658
2746,94.2720771136839
2749,105.551955374025
2751,116.990458532215
2752,106.465402642748
2753,95.190363419133
2757,106.806178347915
2758,96.0666079377869
2759,110.795761249739
2760,94.2270313706973
2762,111.033775430718
2764,95.6249631558143
2765,111.343122940169
2769,111.056668945415
2771,112.511908638304
2774,93.4500120673308
2776,91.8354613294243
2777,113.4431151072
2778,91.7482835633894
2779,111.154046482099
2782,91.322456623431
2784,91.1243095598008
2787,91.3040306911638
2789,96.1627063753838
2792,96.1147735041838
2798,96.3687787568091
2799,106.294183099796
2800,94.9287094014936
2801,79.6514784387105
2802,91.644285517504
2804,94.7297686445481
2807,106.173697060145
2808,96.1193540985047
2809,121.028057133834
2811,115.308476808815
2812,95.0824637244661
2814,91.5930935714714
2816,94.9287094014936
2817,111.438488298514
2818,109.987376602681
2820,110.759568693793
2821,79.3189104452001
2822,95.8810014838557
2823,103.908905403617
2824,94.9287094014936
2826,90.7087024392821
2829,90.6809058332667
2834,94.7289063369013
2835,78.2695164916404
2838,96.832142356708
2839,111.055658017001
2840,91.2700546906148
2841,110.715836760316
2842,95.6918038309375
2846,112.550065653726
2848,95.2666156657125
2849,90.3476582458632
2850,111.596648321814
2851,96.0270482039787
2853,91.7658277281523
2854,111.773040494397
2858,112.828512758913
2861,96.0053374250413
2864,91.7482835633894
2865,114.553494946051
2866,110.188398796766
2867,90.9325138804568
2868,110.206152031066
2870,110.903494397312
2877,94.2270313706973
2878,111.773040494397
2880,110.999275438518
2882,78.5288925432957
2883,96.0816723986841
2884,104.298004096381
2885,94.6215297107098
2887,95.6918038309375
2888,111.247224176921
2889,96.0286094751131
2890,105.287033418899
2891,108.55024981602
2892,116.424380287099
2893,93.8656282488079
2898,112.174645108866
2899,95.1105474038918
2900,111.758288387166
2901,92.8953245591486
2909,95.513827512724
2910,109.603359588281
2911,110.753527010038
2913,110.752195006153
2914,95.1759806892482
2918,91.5006530884154
2919,110.971181247737
2920,92.0377786202878
2921,111.773040494397
2922,95.592700608871
2923,105.778897709242
2925,113.652253185093
2926,90.9325138804568
2927,111.773040494397
2929,110.826058700264
2933,91.441537264715
2934,110.600447178248
2936,111.862883683254
2941,104.750949269887
2942,94.2882047962483
2943,110.331184130165
2945,106.715288341131
2950,91.5602805220388
2951,110.86376343396
2953,118.907492459716
2954,94.7918630571803
2955,106.542231974202
2956,96.3119884030236
2960,96.4871977540867
2962,94.5115214128378
2963,106.987948289117
2964,105.249314541881
2966,78.5007597187297
2967,93.6693492505819
2968,111.523420341443
2969,91.5602805220388
2971,91.3182568910387
2972,95.4796098679053
2974,94.4336259069003
2975,111.556669037404
2977,116.948546925681
2980,110.865565930204
2981,92.4521517346046
2983,96.2572332694414
2984,106.736176089074
2985,116.985456696758
2986,106.343510516472
2987,95.4796098679053
2989,94.6408844389722
2990,110.990323294886
2991,93.7375045269163
2992,77.678265962454
2995,96.5590100824842
2996,106.172175700639
3002,113.392306659076
3004,111.142606046974
3005,116.985456696758
3006,96.0321922604452
3010,96.0472513245283
3011,106.110393543976
3014,90.8999374824268
3015,92.8133097823926
3016,95.9926466988355
3017,111.774672564496
3018,91.1672531268215
3021,105.741002622788
3024,105.249314541881
3028,94.238304323555
3030,91.715414917441
3032,94.4355372106528
3039,95.8466522996688
3040,106.428991981893
3041,95.1236854119255
3043,91.480802318913
3044,110.124580816743
3046,110.000764109298
3055,91.2373573692394
3056,111.015872541326
3058,91.5602805220388
3059,111.626577731381
3061,116.382671477007
3063,104.551549719132
3066,94.1152316072206
3067,105.249314541881
3068,78.5007597187297
3069,94.8947013741118
3072,115.267167768995
3073,111.086179325274
3074,94.4635812025485
3077,91.5602805220388
3082,92.7959769765118
3084,96.5590100824842
3085,111.285152266078
3088,105.249314541881
3091,90.9007649353576
3092,111.531406757705
3093,95.3654970621528
3094,105.57001277217
3096,111.454550589743
3097,91.6087629444549
3098,78.5007597187297
3102,115.267167768995
3106,92.0048062632926
3109,91.4678731556079
3111,90.6560706329736
3112,116.985456696758
3113,94.8947013741118
3115,92.1849938324087
3116,111.287892890894
3117,92.0039687604767
3121,111.133452540279
3122,91.908608261981
3123,95.2747640423366
3124,106.372321535752
3125,95.9926466988355
3126,105.622860879717
3127,116.382671477007
3129,92.5253801259655
3130,110.548669939996
3132,105.74364233764
3134,107.506722310289
3135,96.206815632662
3137,78.711969394043
3138,93.7375045269163
3140,95.7614511812217
3144,110.661827381041
3145,96.0554865168004
3146,111.170604689013
3147,94.8947013741118
3148,104.491483827896
3149,105.734552938811
3150,111.609564460528
3151,91.8080379113698
3152,94.1152316072206
3155,97.8944469465891
3156,111.556669037404
3159,91.5602805220388
3161,95.1238950429268
3162,106.542231974202
3163,96.0472513245283
3165,105.229356784722
3172,91.653131925073
3173,111.29911044531
3176,94.531448509731
3177,103.76483791044
3179,111.556669037404
3183,91.158290166609
3186,95.2747640423366
3187,106.248632612795
3189,110.418992280759
3190,93.4634454438906
3192,116.382671477007
3193,91.653131925073
3194,111.301219964256
3197,95.9926466988355
3198,95.1562616547032
3200,92.4521517346046
3201,116.985456696758
3202,95.1562616547032
3204,95.6575224264455
3205,91.9078408341634
3206,111.087985437702
3208,105.619967368613
3210,105.741002622788
3211,93.2234789005672
3212,116.382671477007
3213,94.6958318873095
3214,111.054569545156
3216,105.249314541881
3219,92.00546462173
3220,112.93703739797
3221,94.8947013741118
3226,111.687991442293
3227,96.032115422404
3228,110.599124816896
3229,93.5426436285589
3232,78.5925935206207
3233,95.5907056968655
3234,94.899432977859
3236,96.3123448413232
3238,111.732998017831
3239,110.538209542744
3240,90.5508299420606
3247,110.870552976075
3249,104.269362969575
3252,118.344496568666
3253,96.3403651678213
3254,106.173142175208
3255,94.3312872619666
3256,113.822740743269
3257,93.4634454438906
3262,95.9974330479177
3263,105.249314541881
3264,96.3119884030236
3266,111.025352609335
3267,94.7717488309689
3269,94.8686920309891
3272,116.985456696758
3274,95.9926466988355
3275,108.186670731196
3277,94.7918630571803
3279,96.3076461053997
3280,104.542802678331
3283,97.2475245496905
3285,95.6575224264455
3287,95.1684034208411
3288,105.249314541881
3290,106.367661673504
3291,94.6958318873095
3298,110.148924015037
3299,95.1562616547032
3302,111.168038947298
3303,94.6912620169389
3304,106.378886264453
3307,94.238304323555
3309,91.4025499550921
3314,78.5007597187297
3316,111.087985437702
3317,95.3828819596366
3319,92.4521517346046
3320,111.172412174084
3321,95.3828819596366
3322,107.235902554543
3324,91.7571400098724
3326,91.4678731556079
3329,110.000764109298
3330,91.6087629444549
3331,111.170604689013
3335,116.382671477007
3337,95.6352780120704
3338,105.559137848725
3339,95.7369951925147
3340,110.375474877819
3341,91.6686966027361
3343,91.0590310379221
3346,90.6221198759627
3348,95.7030259127131
3351,105.211609177577
3352,116.943546882123
3355,91.5274792278179
3356,111.277612825111
3358,105.157001449159
3359,95.0168644685548
3360,109.639741986126
3371,111.462153427399
3372,94.8607055300403
3374,96.2774848186026
3377,109.606384583794
3378,90.4291657394982
3380,104.223288363827
3382,95.1983697290894
3386,95.1221721071646
3389,110.527475739798
3391,105.695239852381
3393,94.1595301587966
3394,106.382619148722
3395,95.5564605105853
3397,111.692969886404
3398,95.1574154372871
3399,79.3882059434933
3400,95.8116298221008
3404,104.223288363827
3407,110.82404670415
3409,106.504554283842
3419,94.7579040547378
3421,91.6825580466216
3425,96.3214902649358
3427,78.8527140046764
3428,116.943546882123
3429,110.115699217643
3431,90.6165923698861
3435,95.0124266898863
3436,111.516704075495
3439,92.7627329964151
3441,90.986848448251
3442,116.943546882123
3443,95.963042152347
3444,105.476341351143
3445,94.5786743106249
3446,112.091024617289
3449,91.6825580466216
3453,94.2045436324631
3457,94.4017058612588
3460,105.211609177577
3461,95.4286668110305
3462,92.5411263393962
3464,104.514094327733
3465,78.4726369726938
3466,95.8116298221008
3467,104.232008671035
3468,95.8581857227955
3469,105.99015288562
3470,105.990911318949
3472,111.692969886404
3473,91.5744554035578
3475,90.8681999113259
3476,110.82404670415
3478,104.624651644003
3479,94.5144174686668
3483,94.6619072878487
3484,103.718986244514
3485,96.1723497261834
3487,91.3100189789111
3488,110.404162515592
3496,110.439124564612
3497,94.6072683736551
3499,96.4526314012529
3500,78.4726369726938
3501,95.3487112258101
3504,96.2774848186026
3508,106.72966584007
3511,91.3246563232073
3512,112.252899042409
3515,92.3429728325103
3517,94.5786743106249
3518,106.074104294542
3526,110.977111522939
3528,131.943346558571
3529,91.6582809549629
3530,110.912142154627
3531,92.5533002726364
3532,112.336399193412
3533,93.4117236460692
3534,94.8607055300403
3535,78.4726369726938
3536,91.9725038411625
3537,110.287805692174
3538,94.6619072878487
3539,109.908585186816
3540,106.452272432277
3545,110.524930358231
3546,91.5274792278179
3550,106.626137758556
3551,94.334804675551
3553,95.9598176706552
3554,105.211609177577
3557,94.6619072878487
3558,111.077732108829
3559,91.6825580466216
3561,94.6619072878487
3562,111.692969886404
3563,95.5537160417683
3564,105.211609177577
3565,94.5786743106249
3567,92.2223491360713
3571,105.211609177577
3572,96.3058514174789
3574,96.0421109769379
3576,95.1221721071646
3577,110.524930358231
3578,95.3487112258101
3579,95.1221721071646
3583,94.8607055300403
3585,95.2970022873602
3586,106.0954903057
3587,110.620384455205
3593,91.4274723769109
3594,111.795296394089
3595,95.8123154210109
3599,96.198251329791
3600,105.99015288562
3601,111.692969886404
3602,91.6825580466216
3604,94.8654354386995
3609,116.943546882123
3610,110.174660256573
3612,110.107969624542
3614,112.673331571687
3615,95.1221721071646
3617,96.2731440765984
3618,110.828466131203
3619,110.862182748278
3620,110.41370805123
3621,95.1221721071646
3625,95.2543144594842
3626,105.11186964568
3630,105.476341351143
3631,94.7366971782709
3632,106.441092200564
3633,96.2774848186026
3634,111.130778033914
3637,94.8654354386995
3639,93.1174177965133
3640,111.595422131952
3641,91.0590310379221
3644,111.277612825111
3645,95.1221721071646
3646,93.1641792507221
3647,90.8681999113259
3648,111.692969886404
3653,110.919759130902
3654,92.1519687358471
3655,111.420135236298
3659,105.585021693157
3660,95.8597442484522
3662,110.672855699004
3666,91.3100189789111
3668,95.4958243640144
3671,91.6202973670158
3673,91.8553774156302
3674,111.439892976364
3675,93.1641792507221
3681,91.0133455535074
3682,111.046382915399
3686,111.014784459424
3687,90.5183902815666
3692,78.6386103746046
3695,111.257642713381
3696,94.419064071355
3699,111.93211112335
3705,113.235626025093
3707,78.564437875302
3708,95.7106523169183
3709,110.983781625075
3710,94.6619072878487
3712,94.0815150066923
3715,110.919759130902
3716,94.8654354386995
3720,110.637819657009
3722,78.564437875302
3726,95.7030259127131
3728,91.3831628753337
3729,111.493571121662
3731,105.191658570246
3735,111.866173379965
3736,93.112383831196
3739,105.191658570246
3741,110.406186877476
3743,105.470410861672
3744,95.2462724563879
3745,110.927079207269
3746,94.559345628434
3751,92.9837826481896
3753,94.3710734271149
3760,110.320473270106
3761,93.410188455739
3762,109.843218547315
3763,92.4523616272954
3765,93.0640874534238
3768,110.621419938269
3769,95.0199767221389
3770,107.175523494639
3773,111.374465201531
3774,96.1740482126843
3776,95.8567223533742
3778,92.2572425426986
3779,111.29492288215
3780,94.1033341100728
3781,110.407981934139
3782,91.9508854332307
3783,111.572971511585
3784,94.5921893386117
3786,95.6002064820314
3789,110.302159118639
3790,95.1983488280192
3793,111.128503874196
3795,110.800591462206
3797,96.2306640140523
3798,116.817907501365
3800,111.396895073479
3804,96.1740482126843
3810,95.8935726293037
3815,110.39033965499
3816,96.1740482126843
3818,105.307594162157
3824,111.572971511585
3828,105.74099703462
3830,110.046227582007
3831,95.0561066349867
3832,78.3883291696679
3834,110.800591462206
3835,91.7688954624346
3836,110.211413457583
3838,95.5205195769594
3839,116.215985604127
3840,111.592668641718
3845,93.0640874534238
3846,110.434144891747
3847,94.4770628374817
3849,78.1178450229923
3853,111.011383655108
3855,106.614999836839
3856,95.4784969137492
3864,78.5013500340122
3865,95.5539267355633
3866,110.838148021723
3867,91.2580564221609
3868,111.396895073479
3869,95.9578539666681
3871,90.9657363991027
3875,106.249029594445
3876,91.8736923313577
3878,95.0199767221389
3879,110.501538422459
3881,111.396895073479
3883,110.621101811901
3884,91.5976913221047
3886,110.402477087538
3890,96.4288203364653
3893,110.606340784217
3897,106.583306143287
3901,92.8968655241599
3902,111.279491992345
3913,110.936401987046
3914,91.873034915836
3916,91.6211549961653
3917,110.40428978058
3924,107.208864516271
3925,95.7651879396027
3928,95.5666490632424
3929,109.891089260017
3932,94.3474078074646
3933,104.722666898454
3934,78.1724308781162
3935,91.2564883454024
3936,95.5123176687584
3937,110.039153883558
3938,90.6793957933423
3939,109.81721909534
3943,89.1944057310714
3944,111.173907249828
3945,109.87007983392
3946,93.5255376377172
3947,110.742403635018
3948,92.9490951316609
3949,111.173907249828
3950,94.4198662545689
3951,109.748131757663
3952,92.1110666760318
3953,110.391203917623
3961,113.939457725624
3962,92.1216862590531
3966,94.4198662545689
3967,105.602440429929
3968,95.4706898335661
3969,111.240380653441
3970,96.004394084161
3971,106.233668806342
3973,92.9411241106535
3974,111.173907249828
3975,110.614328030751
3977,91.9719517362848
3979,110.732829682841
3985,94.5803327516728
3986,104.019690286508
3988,109.81721909534
3991,95.5186330475918
3992,105.212852398524
3993,94.3908425087573
3994,91.7237175763835
3995,109.902377271722
4005,110.914820992451
4007,94.6801177370366
4008,105.211435368846
4009,94.0625963945389
4010,110.656789857492
4011,78.8055939983629
4012,94.4245741822668
4013,107.208864516271
4015,110.370104092232
4016,109.981723210426
4018,110.998460586235
4025,95.5123176687584
4026,110.998460586235
4028,110.847453357875
4029,95.8300614475188
4031,92.4079145864817
4032,109.87007983392
4033,92.5881509569907
4034,103.649422924125
4037,94.6245023026806
4038,105.041760415516
4039,94.310931109461
4041,95.6146404658158
4042,110.162235357944
4043,95.7755802982584
4044,104.722666898454
4045,92.9274033336427
4046,111.421569810807
4047,95.8117402659974
4048,106.337280503687
4049,93.7219494047637
4051,94.260344484249
4052,111.173907249828
4058,104.722666898454
4062,110.011295867022
4064,110.379791456009
4067,94.6801177370366
4068,78.1079567794138
4070,92.980673177316
4072,116.400083619958
4074,110.011295867022
4075,93.3340213240986
4076,109.47535231573
4077,92.7564210068109
4078,110.872642177989
4080,104.722666898454
4082,110.668877750494
4085,94.1391456983806
4086,110.960460850462
4088,110.998460586235
4089,93.7445729824555
4092,78.1079567794138
4094,92.1348700259882
4095,110.616126471509
4096,93.6895070903807
4097,105.093173695023
4102,92.2274763658966
4105,110.571597232606
4107,110.53608892464
4111,94.4003501288574
4112,105.89471974965
4113,95.3663713851484
4114,118.678914613624
4115,92.9374155500937
4116,110.731029344676
4117,94.5708823316749
4118,95.6146404658158
4119,109.925888832443
4120,92.8042033084418
4122,79.3355650974284
4125,92.7557572747963
4126,110.740603141196
4129,110.40428978058
4134,110.281428642181
4137,90.3990313133712
4141,103.903471722097
4142,95.9059653730863
4144,95.1788702947794
4145,107.208864516271
4146,95.6585561659948
4150,94.2219918730272
4151,78.8512530152793
4154,94.6801177370366
4156,93.2474488103764
4157,111.101664824249
4159,109.981723210426
4160,93.0760872178527
4161,110.896853119953
4168,94.9056040768695
4171,104.019690286508
4172,106.968779025778
4173,95.8300614475188
4175,92.6758935586176
4176,104.722666898454
4177,95.1788702947794
4178,104.443765361531
4179,94.5270140328268
4181,108.775765913121
4183,95.8300614475188
4184,110.40428978058
4185,92.5087264835775
4186,110.425401358641
4188,118.75528707821
4190,110.704981864985
4192,91.43855715975
4193,110.210733881105
4194,111.173907249828
4195,94.1133944615449
4196,78.1079567794138
4202,95.8300614475188
4203,106.623080622892
4208,95.8300614475188
4209,110.288202703529
4210,92.4775153120136
4211,109.450341111815
4212,116.400083619958
4214,104.138437090048
4215,94.4198662545689
4216,110.563074065276
4217,91.9138340335641
4219,95.3663713851484
4222,110.039153883558
4224,78.2744314818566
4231,104.019690286508
4232,95.8300614475188
4234,92.4775153120136
4236,95.1788702947794
4237,104.722666898454
4240,94.0696289871481
4242,106.030353016537
4243,95.3663713851484
4247,92.7557572747963
4248,110.551970307057
4249,92.212942414782
4254,104.986168801394
4263,93.6383121127816
4265,110.614328030751
4267,112.950381825852
4268,109.775273173224
4271,110.461375643005
4272,94.6801177370366
4273,109.928257545816
4274,92.3076032768395
4276,94.1148151776753
4278,95.5123176687584
4280,95.5666490632424
4281,109.87007983392
4283,90.5403656878945
4284,110.317571306507
4285,95.5515888983067
4286,110.013084503285
4287,90.5160823625897
4288,110.392205326374
4289,92.1099152306207
4290,81.9146837977545
4293,91.5449304743887
4296,111.708966375501
4297,92.7557572747963
4299,92.4640038922999
4303,111.726569741127
4310,95.0018479769984
4312,103.851483906179
4318,104.760197037354
4320,109.354440471181
4322,92.4971408149169
4323,118.832859848182
4325,103.891662404409
4326,110.443856079388
4328,105.354215018999
4330,104.056968495136
4332,109.063964102094
4333,94.2148356722973
4335,94.3988971590152
4336,111.42739497202
4338,107.247285649877
4341,95.4807398159783
4342,105.75703391466
4344,104.760197037354
4347,95.3453699081507
4348,104.760197037354
4351,113.044136485762
4352,94.7140488626937
4353,110.733024036186
4355,105.654915732765
4356,94.1728829523921
4359,105.617274409466
4360,95.8099040119129
4361,94.4324536695391
4364,95.2187771939153
4365,105.762307131928
4368,95.7597206773595
4372,94.9396160115233
4374,90.0888559528444
4376,95.2924105054327
4377,105.926182770951
4380,94.9396160115233
4383,106.499274517706
4384,95.546547035283
4385,105.407648992928
4389,92.2474891590589
4391,94.56089028972
4392,110.047023480223
4393,93.1418897380668
4395,90.5262379185048
4396,111.213749361422
4398,110.923329401886
4399,104.936209218743
4401,92.3406841491572
4406,93.7555371454435
4408,104.175757854735
4412,104.760197037354
4415,94.7292318859631
4418,110.172650967109
4419,90.0888559528444
4420,78.1359488326521
4422,111.213749361422
4423,90.0888559528444
4425,95.2925609530118
4428,109.586298058088
4431,110.658775663809
4434,92.4971408149169
4436,94.7140488626937
4437,109.645028650682
4439,115.841814730426
4440,92.9885000525445
4441,111.64858317321
4444,95.5049042816544
4445,104.175757854735
4446,94.4537041122204
4447,110.53662822967
4452,105.640285858955
4456,110.500962400043
4457,94.1728829523921
4458,110.201714910145
4460,94.1728829523921
4461,115.841814730426
4462,92.6844105522368
4465,105.337683291107
4466,106.253823038205
4468,95.9612177263731
4469,106.047105988282
4472,108.814748587307
4475,94.8128576855651
4478,92.5392215464234
4479,110.355312297946
4480,93.9966737890697
4483,78.4120818338404
4484,93.8003574880605
4485,104.056968495136
4486,96.0387997992906
4488,94.3056685322445
4489,106.047105988282
4490,94.9396160115233
4491,107.346648311166
4492,95.892649577452
4493,114.186859703984
4494,94.6047743099338
4495,105.251311349382
4498,78.3461769685627
4499,95.9206883833051
4500,105.332211247392
4503,110.273298951831
4505,105.337683291107
4506,95.7378359240623
4507,95.5481004941123
4508,104.760197037354
4510,110.569936582454
4511,92.3406841491572
4513,96.0387997992906
4516,78.1359488326521
4519,92.7889987549584
4521,94.3747608778084
4531,93.2401571244659
4532,78.6678522035522
4533,99.2992423673687
4534,110.874258824096
4536,104.760197037354
4537,94.1728829523921
4539,96.1065217760127
4542,105.249600131911
4545,91.7234509463594
4549,92.3895798059811
4551,94.2557588171577
4554,103.77780389092
4556,111.595551255569
4559,110.898969414693
4561,109.807649109183
4562,109.494754760437
4566,111.444004360552
4569,94.2557588171577
4570,111.213749361422
4573,94.4537041122204
4574,105.534439721485
4575,94.7292318859631
4577,94.3039170053614
4578,110.078589326256
4580,109.972283425586
4582,92.4971408149169
4583,111.213749361422
4585,94.9396160115233
4587,104.760197037354
4595,91.9467737882534
4596,111.49238794835
4601,93.2401571244659
4602,110.569936582454
4603,94.9396160115233
4605,109.937819117839
4606,92.3709139616088
4607,111.061139274613
4608,94.1480614904518
4610,95.60089790086
4613,105.640285858955
4617,90.5968400925974
4618,110.078589326256
4619,91.4713265863947
4620,95.5049042816544
4622,97.6375289491741
4625,94.1728829523921
4626,104.760197037354
4627,94.9396160115233
4629,90.7021276527182
4631,92.5861399885567
4633,104.760197037354
4634,118.498631298166
4635,93.2898015403613
4639,94.4584137271287
4640,106.872522730088
4642,103.776116630316
4644,110.430765526766
4646,104.760197037354
4647,95.8460769385332
4648,77.9714407573429
4649,94.2557588171577
4650,110.71963880742
4655,92.3895798059811
4660,93.9973464007059
4661,112.330290017968
4662,91.8193452799387
4663,110.502987706147
4665,93.3140096696838
4666,109.816399485767
4667,103.776116630316
4668,95.4005484479602
4670,91.8026672747758
4671,112.318957730087
4672,93.7555371454435
4673,103.776116630316
4675,103.391873741071
4676,94.040052167275
4677,111.124199307904
4680,95.60089790086
4682,94.4537041122204
4683,111.642032866435
4685,104.760197037354
4686,94.7227999570329
4688,111.094265841604
4690,108.825886282542
4692,109.902935844469
4693,91.7040382304563
4697,92.2903202067575
4700,109.375339761891
4702,109.37711805836
4707,115.717359005791
4708,94.0717074449462
4710,78.4188819107189
4716,96.8870520812612
4717,95.4981881923519
4718,94.3960140852277
4720,95.4981881923519
4721,78.5314465520034
4723,93.1283631803001
4726,109.791372445684
4727,92.1369199933511
4729,93.1895747795947
4731,93.1399836996365
4732,111.394922994189
4735,93.0054772867429
4736,103.945173929007
4737,94.8376167573268
4738,109.700465554674
4739,109.960325376116
4744,103.945173929007
4747,94.503134796015
4749,110.267743034061
4750,94.0717074449462
4752,111.094265841604
4755,95.4022977047786
4756,105.017888328566
4757,111.076228472455
4758,95.0442524506447
4759,104.770893090168
4763,95.4981881923519
4764,105.509698405155
4765,93.9197037586678
4766,92.8895003736992
4767,111.649628280923
4769,110.238543349786
4770,91.9786910871507
4771,78.4796963173557
4772,104.647646951139
4774,111.094265841604
4776,109.976698533329
4777,110.358139546057
4778,94.24997646993
4780,93.0033302591023
4784,92.929152880681
4786,95.6568403361331
4787,78.0520027536422
4788,94.5799019310223
4789,111.094265841604
4791,105.934600049871
4792,94.4790746326265
4795,110.31762355428
4796,90.6926945286324
4803,90.2778520377005
4805,95.4981881923519
4807,93.2545555137799
4809,91.8072330686761
4816,94.0477687497003
4817,78.7439781433493
4818,92.2414770814346
4820,94.2433697944884
4821,104.910960089798
4823,110.451144748847
4824,93.7628409881108
4825,110.471405889102
4829,104.912665801436
4830,95.7614118764761
4831,110.853877731739
4833,105.64341286753
4836,92.6893100362943
4837,111.094265841604
4838,89.7989955264341
4840,94.2950078310739
4841,78.0520027536422
4842,89.94444134412
4843,110.507248901894
4844,91.1800818359677
4849,113.228291925065
4851,105.855576724476
4852,93.8878320485024
4858,90.3817689157887
4860,95.7614118764761
4863,109.814152223248
4864,93.2340453593096
4865,109.932487316165
4867,109.968035712368
4868,92.8708381774513
4869,110.051751476686
4873,89.9920681575631
4875,95.4846912439301
4876,110.817410184389
4877,90.3261180402446
4878,109.960325376116
4880,78.0520027536422
4886,111.287545050012
4888,103.777088046314
4889,95.2980539867392
4890,111.236232818203
4893,95.2438752934873
4895,94.1751394383081
4896,105.648680419469
4899,92.4112673970966
4901,93.0054772867429
4902,109.687892868006
4903,92.6899732928327
4904,111.094265841604
4910,90.614435993363
4912,91.3715679417436
4915,95.6028277765283
4916,105.818860181403
4917,94.186339993929
4920,104.647646951139
4927,103.664623799984
4928,93.6995822067913
4931,103.664623799984
4934,91.5312158033081
4936,94.2433697944884
4939,111.646532423285
4942,111.046243947335
4943,95.7614118764761
4944,104.999171771914
4945,94.710994615348
4947,109.960325376116
4948,90.4664358891686
4951,94.3522269019651
4952,111.094265841604
4953,92.0439306525682
4956,92.6899732928327
4957,111.909551867681
4958,91.9682662092885
4960,93.9661727838885
4968,93.5304296161094
4969,104.341625488282
4971,105.131820711949
4973,111.094265841604
4975,110.681135204703
4976,94.7954424345128
4978,91.7025472699125
4979,110.727889652943
4982,92.929152880681
4983,109.371934410887
4984,96.8251904647926
4985,115.717359005791
4986,92.3350192868115
4987,113.857835166069
4988,95.4022977047786
4994,94.186339993929
4995,95.7614118764761
5002,78.5227325397888
5004,93.7888820664923
5005,105.136524250957
5006,95.1106872161152
5007,105.030724349167
5009,110.596625530974
5011,111.094265841604
5014,94.24997646993
5015,105.939660881406
5018,90.7956127079144
5019,110.31762355428
5020,91.426844741052
5021,109.371934410887
5022,94.3975488379328
5023,92.4214668205262
5025,95.7614118764761
5032,92.7758729428751
5034,91.2312855315994
5036,91.3041965940541
5038,93.2611241676874
5039,111.651193628311
5046,95.0966726371118
5049,110.31762355428
5051,93.9390193678112
5052,90.3802994532227
5053,111.094265841604
5054,95.7614118764761
5055,94.8376167573268
5057,94.0717074449462
5059,91.2790017838543
5062,96.2152145384863
5063,110.535087487065
5065,111.329955983973
5069,93.9905331665416
5071,95.9356196268295
5074,110.987185794928
5075,90.3802994532227
5076,112.053760156906
5077,78.0520027536422
5079,105.818860181403
5080,94.8878345741611
5081,111.094265841604
5083,105.647257519964
5088,105.422017457704
5089,95.5265754217656
5093,109.371934410887
5094,103.953870966528
5095,95.635626654789
5099,111.627126760635
5101,110.027429753776
5103,104.910960089798
5104,93.8991047141815
5105,110.079941606077
5107,92.2903202067575
5108,111.022075168173
5109,95.0480010085574
5111,91.9043045899015
5112,109.999732568532
5113,94.2983427930034
5114,109.265776559694
5115,93.0427428888014
5118,95.9113603761927
5122,95.7957305125017
5123,77.8105546050309
5125,94.3781439500632
5127,105.458838246252
5128,94.7338552154072
5129,114.349731250526
5132,95.1447726477391
5134,110.50001394634
5135,94.3860405192648
5137,111.454517057736
5142,94.3712419132336
5143,105.395617512289
5144,92.81781691397
5148,91.3957504977493
5149,93.9533623698534
5150,107.170457146961
5154,78.0799747542747
5155,92.2978427472302
5159,91.7189735415463
5164,94.8042726377276
5165,110.65921583541
5166,91.735411304399
5167,110.314412005826
5169,90.3116738178818
5171,92.4755854104169
5172,110.364737656321
5176,93.2674582466636
5184,109.110968266131
5185,92.1944360500492
5186,110.530391074269
5188,107.170457146961
5189,110.857124535826
5190,91.1586469951978
5191,110.65921583541
5193,110.364737656321
5196,94.8716043269256
5199,77.945893287843
5200,103.982425432726
5203,89.8311773727807
5204,110.841754346167
5205,91.0112377306204
5207,94.3648052997165
5208,107.714387454979
5212,95.5608098979334
5214,93.2624067899424
5218,90.5905837298216
5220,92.4308788409215
5222,92.2745342556805
5224,95.7629353509436
5225,104.685150204655
5227,109.641526926459
5229,105.831080165573
5232,92.2745342556805
5233,116.3583835141
5234,102.014685775988
5237,111.134079411593
5239,113.717520795348
5240,92.9041208999004
5241,110.357158793953
5244,91.9043045899015
5248,109.863004956654
5251,92.4729294271466
5253,94.0242171613198
5255,95.56687813925
5256,104.530513918353
5257,94.596374365867
5259,95.7629353509436
5260,110.430227170821
5266,94.4931499120374
5268,92.7231911975642
5275,111.134079411593
5276,110.934464593434
5277,93.7882519174629
5279,94.6613709137803
5280,105.831080165573
5281,95.0783140736124
5283,94.2884451269666
5284,78.1713163025467
5285,95.7957305125017
5286,105.395617512289
5287,93.9373911980481
5289,92.7225277033303
5290,110.364737656321
5292,106.68022686492
5293,94.9218401406435
5294,105.055524267877
5297,91.8809060794784
5299,105.459798227383
5302,90.6033888865454
5305,77.3327679754096
5306,94.6613709137803
5308,93.8211696636153
5309,93.877450037468
5310,110.374538410485
5312,110.066860994821
5316,111.456329158842
5317,95.8716072456341
5319,78.0799747542747
5320,95.7957305125017
5323,94.0810987263321
5329,110.653698462504
5331,109.999732568532
5334,110.576498457164
5336,110.364737656321
5338,105.686542419818
5341,94.3795085848894
5345,95.4781005648384
5348,92.7231911975642
5349,109.661108821917
5355,106.071572453614
5356,94.6461987671399
5360,106.082939868862
5362,110.029404265826
5364,109.942322469828
5366,106.192661644907
5367,95.0505213819936
5368,94.7366806635421
5370,94.7892517544283
5371,78.0799747542747
5373,105.850300663609
5375,111.134079411593
5376,89.8311773727807
5378,109.942322469828
5379,94.8016217564084
5383,94.0810987263321
5384,105.17420270659
5389,110.574700660694
5391,78.0799747542747
5393,109.441546195773
5395,111.456329158842
5397,109.441546195773
5398,92.8849451587535
5399,111.054668353617
5401,115.956881167938
5402,90.6079065184907
5403,110.403941471412
5404,92.8995579345189
5407,78.0799747542747
5408,95.3644506246013
5413,112.567249396906
5414,93.9289636735312
5417,94.8716043269256
5418,106.68022686492
5420,110.625259972439
5421,91.748994103165
5424,94.7215472560825
5425,110.841754346167
5426,91.0112377306204
5429,111.062320358135
5431,94.3380896634198
5437,104.8084405122
5440,91.4641495110923
5444,104.809788675433
5446,105.856783170173
5447,93.3365700385551
5451,94.0806168500311
5452,106.323452208874
5455,102.014685775988
5456,95.2219513944276
5458,90.8168196325296
5459,110.119069682451
5460,95.4796529108197
5462,94.8716043269256
5463,110.274518794769
5464,90.7251966556659
5465,109.886508094404
5466,95.9700006948125
5467,103.820158638659
5468,93.7561843922179
5469,110.423826923086
5472,94.2786772200062
5474,91.2127586311402
5475,110.789843585165
5476,95.7957305125017
5479,105.831080165573
5480,111.134079411593
5482,108.736797204403
5485,92.9218860846091
5486,116.3583835141
5488,78.2451176567056
5495,105.831080165573
5496,94.8016217564084
5497,109.886508094404
5499,110.634550512075
5503,91.6531732429829
5504,93.6907701047301
5507,95.7957305125017
5509,90.2485833145508
5511,92.4729294271466
5512,110.091191434065
5516,111.014681485921
5517,95.4297763646255
5518,103.879401759869
5521,95.6140591636222
5522,105.572997105877
5527,95.8668944373053
5528,94.1188679320207
5529,110.738024159186
5532,95.654941231662
5533,108.966098001793
5535,104.892272064912
5536,101.569928221246
5540,94.1644526347594
5547,94.1773880515108
5548,110.23859556013
5550,77.9960888115334
5551,93.6324588424919
5554,110.159572006149
5555,94.2846360040162
5559,110.423827753187
5560,92.8043084986955
5561,110.188939546965
5562,89.7346664168641
5563,110.125098984023
5565,78.3738577139861
5566,94.0870450226026
5567,103.590361800684
5568,94.3698866945601
5572,94.7696781417112
5574,95.4837550432261
5576,93.6309365289227
5579,111.207822235326
5580,77.8743175078848
5581,94.9734380056474
5583,94.0186502265295
5584,110.581997965154
5586,109.974701956959
5587,92.3176153032563
5589,104.552851294297
5591,104.815357276124
5592,93.987885086653
5593,110.239173970986
5594,94.8198599841182
5595,78.2717275464083
5596,111.014681485921
5597,109.965938966537
5598,115.634462814993
5599,94.6431467077587
5602,110.131332416221
5603,94.8198599841182
5605,93.6324588424919
5607,92.0029123982929
5608,110.307728280048
5609,90.3163760495795
5610,92.8043084986955
5612,94.2698532970042
5613,110.738024159186
5614,92.4934506997955
5616,94.2184289483214
5621,95.2297855287149
5623,94.1865723759271
5628,113.776271078287
5629,95.0639519064511
5631,95.3817554397968
5633,112.064025705238
5638,103.879401759869
5639,94.8127143219118
5640,106.081518562758
5645,94.0861885655506
5646,78.5270400980498
5649,90.7002600535796
5653,110.004458533215
5655,110.540328083812
5656,94.405681539719
5658,95.6140591636222
5662,116.233372809017
5663,92.6235731798578
5667,94.9734380056474
5670,94.6431467077587
5671,104.552851294297
5672,94.9209506253431
5673,105.489608953236
5674,93.9800218281181
5675,105.345537568395
5676,95.0425529816137
5679,111.014681485921
5683,109.597154498828
5687,94.8198599841182
5688,77.9960888115334
5690,92.9969345027102
5691,110.151035095179
5692,92.0263448414032
5693,113.143359285388
5694,94.7696781417112
5697,110.455903708755
5698,92.7227203089843
5699,111.014681485921
5704,94.1773880515108
5707,111.014681485921
5709,103.600713532661
5710,94.1773880515108
5714,94.0861885655506
5718,93.9563702016761
5721,94.1758568782669
5723,92.862581427149
5724,111.25020278746
5725,94.0043175021058
5726,109.918280910103
5729,95.6928114837761
5730,103.879401759869
5731,94.1773880515108
5733,77.9960888115334
5736,94.0870450226026
5741,104.275602461139
5745,110.23859556013
5747,94.2367366646165
5748,105.717379566169
5750,110.279082527555
5751,93.6309365289227
5752,95.2017982419775
5754,93.6324588424919
5755,92.8174265697581
5757,93.073261213693
5758,116.196700325932
5760,105.600903540379
5762,105.489608953236
5766,109.528570914111
5768,95.6928114837761
5769,116.233372809017
5770,94.2893371889144
5771,109.948609645123
5772,92.3689746135732
5773,112.680418283721
5774,93.7020759298606
5776,92.3762334102771
5777,111.014681485921
5778,90.7555120409696
5780,111.571210307491
5782,94.0877182809079
5783,77.0887008474132
5784,95.6928114837761
5786,94.5121479340119
5788,94.9687027120734
5789,110.534816638546
5790,94.6431467077587
5791,105.717379566169
5793,104.516376309637
5794,94.1758568782669
5796,115.634462814993
5797,93.9800218281181
5801,93.7203720225929
5803,94.8198599841182
5804,109.855521295757
5805,94.2698532970042
5806,77.9960888115334
5808,110.23859556013
5813,94.1773880515108
5815,95.4162890849831
5816,105.496027204856
5822,94.1253427043543
5823,111.014681485921
5825,103.08912220427
5827,110.158849206817
5829,104.552851294297
5830,94.7024187909359
5831,110.000762241866
5832,92.4136382958152
5833,110.23859556013
5837,113.776271078287
5838,94.0870450226026
5839,95.3955888309688
5842,106.081518562758
5844,109.322189226497
5845,103.600713532661
5846,110.274734161037
5848,77.9960888115334
5850,110.152826003415
5851,92.6962740422901
5853,95.6928114837761
5854,103.870710952626
5858,106.081518562758
5860,109.982783076977
5864,105.18416459402
5866,95.3556794109084
5867,111.014681485921
5868,90.3163760495795
5869,109.495577093914
5870,94.0441221441971
5871,110.839486100976
5874,110.540328083812
5876,110.57243788044
5877,92.1753982567075
5878,92.5185094041626
5879,110.23859556013
5880,89.9686907416506
5884,93.987885086653
5886,110.722670482632
5890,99.9360732770093
5896,94.6431467077587
5897,104.979179526227
5898,95.6928114837761
5901,105.978619185959
5903,111.014681485921
5906,92.8043084986955
5908,111.014681485921
5909,91.9779933437432
5910,110.738024159186
5911,94.1773880515108
5912,109.824204919245
5914,110.540328083812
5919,111.014681485921
5924,92.862581427149
5926,94.1758568782669
5929,103.308562285442
5930,93.3644394298702
5932,95.4297763646255
5933,111.336585021175
5934,90.7555120409696
5935,109.712721440887
5936,90.3155539162331
5937,110.623698330363
5938,92.542783175518
5939,111.637699219262
5942,108.943433851806
5943,94.1773880515108
5944,105.158715457215
5946,111.014681485921
5951,91.9933765805372
5953,105.307797732378
5954,94.1436491835561
5957,103.842187164182
5961,94.5391992800334
5962,107.016965214101
5964,78.7101126301338
5965,94.6164296126952
5968,110.500727224093
5969,91.1824178242291
5974,92.771061533847
5975,109.849890536525
5978,77.9681468628784
5981,103.842187164182
5982,95.8658636730926
5983,109.962677173112
5989,111.517328188879
5991,94.1436491835561
5992,105.700838793403
5995,96.3648453695501
5996,104.798248029904
5997,109.429607917569
5998,93.6621060130401
5999,77.1677304794131
6001,109.434744272591
6002,91.6294639618509
6003,110.359333766442
6004,94.1436491835561
6006,109.784860609271
6007,90.0358526490736
6011,100.267743411887
6012,105.698699488478
6014,94.1436491835561
6015,104.912133009417
6016,94.9421407793224
6017,109.993496422694
6018,95.6585297182943
6024,95.0085041699884
6025,105.535175782918
6026,111.210347616495
6028,110.477805023849
6029,77.9681468628784
6030,92.5962282295262
6036,110.500727224093
6040,94.2360813035533
6041,109.673417069655
6042,93.7429966475894
6044,94.2555582153967
6045,105.679506518471
6047,105.535175782918
6048,93.5850668142359
6049,110.350985583466
6051,115.593036991314
6052,111.617103740801
6053,92.1423765977424
6054,109.517006164959
6058,105.756796624874
6059,93.4363965063345
6062,95.6585297182943
6063,115.593036991314
6064,103.561914998523
6065,94.2360813035533
6067,92.7921303180564
6068,110.332480540344
6070,105.307797732378
6071,100.632820233234
6072,110.6830042991
6080,110.6830042991
6081,94.053600949621
6084,107.016965214101
6087,92.7841749053859
6089,104.549083416412
6092,110.6830042991
6094,94.0540115369758
6095,110.97491069001
6097,112.507649298271
6100,92.7695532252162
6104,105.309050173481
6105,93.5989151943772
6106,109.391047504095
6107,78.0593575897359
6108,89.6918031760532
6109,110.6830042991
6110,91.521905512226
6114,110.6830042991
6116,93.279603939629
6117,105.845396090991
6118,95.3429048100439
6123,77.9681468628784
6125,110.97491069001
6128,110.013461360602
6130,105.196059303392
6132,110.384268629487
6137,77.9681468628784
6139,111.296698903942
6140,92.7665051036469
6141,112.507649298271
6142,105.81669472379
6144,115.386175203217
6145,95.6585297182943
6146,91.2891112931291
6149,91.7726364676089
6156,95.2848625723665
6159,111.210347616495
6160,92.7665051036469
6162,103.553250753006
6164,110.269669445282
6165,90.3707117201856
6168,77.9681468628784
6169,110.199102795507
6170,94.3506832326182
6171,110.481861270165
6172,89.8478087020087
6173,115.875817894937
6176,95.6585297182943
6177,90.0409862840693
6178,95.4511000535693
6180,94.3372246019925
6181,105.679506518471
6182,94.6534924616763
6185,93.8028519590946
6186,109.401584330698
6188,109.731490645924
6189,93.0399178970521
6192,107.016965214101
6193,94.1436491835561
6194,105.679506518471
6195,94.451266728227
6196,114.485101765668
6197,93.5989151943772
6201,109.578780108845
6202,92.771061533847
6203,110.65001599289
6204,93.5989151943772
6207,116.191732426986
6209,92.8293135861362
6210,89.6038508086132
6211,110.584067603414
6213,109.580561712981
6216,89.8478087020087
6217,92.5859429401963
6219,94.2360813035533
6222,77.9681468628784
6223,94.053338519864
6235,95.6585297182943
6240,94.053338519864
6242,95.4003454097771
6247,93.9463536662329
6251,109.816165766752
6254,110.776793833313
6255,95.5038438603848
6260,104.515395436611
6261,94.1436491835561
6262,106.011991256046
6264,110.091878078413
6269,105.187258341327
6271,105.919654368063
6275,109.965049647732
6276,92.4853648262895
6278,94.9700438110873
6279,110.199102795507
6281,111.21088309133
6284,92.7696274527881
6286,94.2969999476215
6287,77.9681468628784
6288,94.2508587146889
6292,92.3206719527709
6293,93.5989151943772
6295,93.2614178908729
6298,109.784860609271
6300,109.432965039212
6304,105.679506518471
6308,109.784860609271
6310,94.934680357165
6312,110.6830042991
6320,94.1436491835561
6324,91.870116642158
6325,110.368567700025
6330,95.5540705253525
6336,109.429607917569
6340,105.919654368063
6341,95.6585297182943
6342,105.910794932174
6344,93.6484771017705
6345,110.083539682276
6347,110.199102795507
6348,92.9049217563885
6349,109.784860609271
6351,77.9681468628784
6353,110.054424844647
6354,93.4928194299755
6357,94.4862023145781
6358,105.535175782918
6360,103.474233965034
6363,113.735510948221
6364,92.1423765977424
6368,111.130680103566
6370,91.5384036153026
6371,94.07620770397
6377,91.7712702741089
6379,93.7257213351594
6381,92.9732670950282
6382,77.9122929924302
6383,110.120159705813
6388,109.661990211483
6390,109.854763527917
6392,104.440523971898
6393,94.6033702567868
6395,95.1274745282149
6398,104.948334349615
6401,77.9122929924302
6402,92.3255226628692
6403,110.619051739137
6405,92.5240621876897
6406,92.0763687654115
6407,110.895411836515
6409,105.459573780394
6411,90.47493855598
6413,94.4516660202335
6416,106.079347730153
6417,93.2779029764327
6418,93.5950094954795
6419,116.10849641034
6420,109.354570785943
6426,110.145605635876
6429,92.5531893678331
6430,94.07620770397
6431,110.619051739137
6432,92.7628136542608
6434,95.5152451023249
6437,110.421568060369
6438,95.3751216841704
6439,103.487726576502
6440,94.1754608228342
6441,92.8429276211411
6442,110.603714557947
6443,96.6518774970032
6445,94.1354925553446
6448,110.895411836515
6450,110.183662161251
6453,95.5318077998716
6455,93.5807207123208
6457,92.7046033318667
6458,110.11466920978
6461,94.6678614618362
6464,109.594850564292
6467,93.7272451898025
6469,95.7638989529592
6470,77.9095715046836
6471,92.7000501657465
6473,103.487726576502
6474,94.07620770397
6479,94.6678614618362
6481,91.3993738188098
6484,109.854763527917
6495,93.2937219638383
6496,109.972524698185
6505,110.599497901599
6506,96.4992057700842
6508,95.5900030270605
6509,93.9325076466524
6510,105.603801122055
6512,103.767797964204
6513,94.07620770397
6514,110.258884639705
6515,92.9554920870886
6519,94.8666722083112
6521,93.9859617359301
6523,77.9122929924302
6525,105.967548902546
6526,94.4714744410919
6528,95.2746042223337
6529,110.682500129549
6531,104.941933014525
6533,106.940301705331
6534,94.07620770397
6535,110.895411836515
6536,92.2302926680787
6537,109.89435273455
6540,93.6758421825822
6541,110.120159705813
6547,94.7485478105091
6548,110.11466920978
6551,110.070557041046
6553,110.599497901599
6555,106.940301705331
6556,95.5900030270605
6561,77.9122929924302
6564,92.2743378705014
6565,110.895411836515
6568,94.1354925553446
6569,110.603714557947
6573,103.48940914827
6574,94.6678614618362
6577,110.032693312257
6579,113.654034489571
6581,91.1170976754604
6582,110.619051739137
6585,105.465112157127
6586,95.327250502122
6589,105.34338179677
6590,77.9122929924302
6593,92.0645488786897
6594,110.039431957799
6595,91.4087243036276
6599,90.2181287221497
6600,92.7628136542608
6601,111.153812928483
6602,92.0763687654115
6603,110.895411836515
6604,94.2830934405043
6607,103.597198178307
6608,105.983999832357
6609,94.6678614618362
6611,93.3694616797984
6613,110.603714557947
6614,92.7256570230773
6616,92.5234001183522
6617,110.603714557947
6618,94.07620770397
6619,104.220093461003
6621,106.940301705331
6627,104.102302631842
6629,108.697721522389
6631,77.9122929924302
6634,95.1274745282149
6636,94.07620770397
6638,94.1354925553446
6639,110.603714557947
6641,110.895411836515
6642,95.3137777126631
6651,113.813609147278
6654,78.0783506685922
6657,95.1752453873025
6663,89.9764838201108
6665,109.63231682548
6666,91.2169114727729
6668,94.07620770397
6669,106.940301705331
6670,95.0749385784924
6671,93.9724849019533
6673,93.4871718955298
6675,93.5950094954795
6676,77.9122929924302
6677,94.1833404336461
6679,94.1957939633627
6680,110.276825796776
6681,105.603801122055
6685,105.603801122055
6688,94.0746781757562
6689,91.4087243036276
6690,109.56671495189
6692,110.603714557947
6693,92.8382985529744
6694,94.1621508180961
6698,116.10849641034
6699,94.1685736085721
6700,109.206513444509
6701,92.7046033318667
6702,109.502061726207
6704,91.4087243036276
6707,110.599497901599
6712,110.895411836515
6713,93.0419203193309
6715,92.839001442886
6721,109.107723193139
6722,94.1685736085721
6723,109.449793234384
6724,92.9414381888895
6725,116.10849641034
6731,109.449793234384
6735,89.7285161214752
6736,92.839001442886
6737,106.451124224314
6738,94.8139241197127
6739,105.459573780394
6741,104.77862629344
6743,92.7030961037395
6745,94.07620770397
6747,110.398662280851
6749,93.8339805256252
6750,103.759116494009
6751,116.071863326676
6752,94.4686635939202
6753,110.603714557947
6755,118.19192976093
6756,93.9851061990207
6757,103.479068537771
6759,110.186684660856
6761,92.7223303647
6763,92.7000501657465
6764,116.10849641034
6765,93.9524500725445
6766,109.448013756333
6768,109.706214269344
6771,91.4087243036276
6773,94.2862264511528
6774,94.7108514057187
6778,105.604087595523
6779,94.4286701765751
6781,89.6816737525669
6784,93.773903666841
6786,92.7378264796598
6787,110.191301193819
6790,90.5348532767292
6793,104.184008789281
6795,110.643352325902
6798,109.759282911386
6806,105.891283898961
6807,94.9590476499897
6810,93.8559178164688
6815,109.832456317612
6816,91.7164431701944
6817,105.380928076067
6818,94.5753474042262
6819,105.497368009375
6820,94.8529523120272
6822,90.8873112069328
6823,115.551626008357
6824,110.159624179091
6825,91.9437722519627
6828,77.0334769837793
6829,110.121293283038
6831,109.393760890172
6832,92.718685062273
6833,110.08065723504
6834,92.733271681792
6836,92.7363959109329
6837,110.935154141909
6838,91.7798598003914
6840,105.270071416584
6843,92.1093667687231
6845,92.1093667687231
6846,93.4593258074115
6847,110.08065723504
6851,109.771350959161
6852,92.4588084730197
6853,109.964929618901
6858,95.0732355798381
6861,110.167189475619
6863,111.193647838746
6864,77.9402149243727
6865,94.0151068537931
6866,110.935154141909
6867,95.5198384635521
6868,105.778108839538
6869,94.5753474042262
6870,110.159624179091
6874,109.832456317612
6875,92.7824997029458
6877,109.745530394321
6878,90.749878264374
6880,94.1099224024859
6883,109.928614323268
6884,90.9033533041257
6886,95.1615659760163
6890,94.9047229827016
6893,109.922282644306
6894,91.4891179657786
6899,109.745530394321
6900,91.5712088245668
6904,92.2654315038143
6905,110.502780581687
6906,90.4457222242123
6910,90.4414798589574
6912,104.913387981599
6913,112.109933567278
6920,93.5638623401772
6922,93.2559844536582
6923,110.643352325902
6926,94.1692285001558
6927,109.625600177842
6928,90.0072658765444
6931,108.910971746914
6933,94.1099224024859
6936,90.302705535536
6937,110.935154141909
6939,110.818006376886
6941,92.7363187113776
6942,111.213175031662
6943,93.1471568478281
6944,104.477952997414
6945,95.3087483979544
6946,109.866303592918
6947,115.551626008357
6949,104.497768243635
6951,104.497768243635
6953,112.299138030515
6954,92.7378264796598
6955,110.950259187467
6963,109.445273262166
6964,91.1594903361889
6966,93.0065865255904
6968,93.4593258074115
6970,105.64164703872
6972,112.654877016731
6976,110.332231477082
6978,110.935154141909
6981,105.498110736152
6985,103.796301319123
6986,94.0196440924152
6987,109.974341144947
6989,110.634536056166
6991,115.551626008357
6993,111.554136729732
6994,94.0514442049255
6995,109.745530394321
6996,93.6098925916698
6997,110.461140551306
6998,78.1968998626845
7001,109.445273262166
7003,111.504198446774
7006,94.6326186037139
7008,101.899277892199
7010,92.1093667687231
7011,93.063892535128
7012,111.742951198234
7013,92.7378264796598
7014,109.416028491557
7017,105.631526172547
7018,94.1099224024859
7019,91.9604201304873
7023,95.3087483979544
7024,105.497368009375
7025,93.769247267974
7026,110.292954141608
7027,92.8087793550502
7028,113.148133447453
7030,110.643352325902
7031,90.2038443400935
7033,110.456342637302
7036,93.7618790101671
7037,95.5455643296621
7039,93.8559178164688
7044,92.7555598654444
7045,110.935154141909
7046,98.2898857091244
7049,105.974012664278
7050,96.6078561887312
7051,105.64164703872
7054,109.648723047908
7055,92.8525645085341
7057,93.4407779779219
7060,109.745530394321
7061,95.6242602341891
7063,89.7138135535512
7064,109.593752761301
7067,94.1099224024859
7071,93.3533273363233
7074,103.023891708946
7075,94.3380523485884
7078,110.935154141909
7079,91.4414830388788
7080,111.027998119926
7081,94.7519340888833
7082,110.935154141909
7083,89.4356044083489
7085,111.893274247928
7092,105.497368009375
7094,94.6345770267911
7100,93.7094133995189
7101,109.950325098931
7102,110.935154141909
7104,110.621162732468
7105,95.6242602341891
7106,93.7851898520619
7107,104.257443489412
7108,77.9402149243727
7109,93.6285517438837
7110,110.935154141909
7112,94.6357984883108
7113,105.64164703872
7114,94.4655616186365
7116,110.935154141909
7117,95.6242602341891
7118,106.182805621885
7120,94.7017881951328
7121,105.379852542523
7123,105.270071416584
7124,95.5915237745736
7127,113.309222023606
7131,105.270071416584
7132,94.5753474042262
7133,92.1093667687231
7134,109.196616133676
7135,90.7927880119127
7136,109.40834801198
7137,93.9205551914516
7141,93.6285517438837
7144,105.497368009375
7147,110.200082142956
7148,93.8362709187076
7150,90.6161865313486
7151,94.7017881951328
7152,105.270071416584
7154,94.0196440924152
7156,95.3479359271407
7157,105.375652404932
7159,115.551626008357
7161,95.7982184802945
7163,94.3696952575506
7164,104.821073587335
7167,77.9402149243727
7169,105.953274067992
7170,94.7017881951328
7173,94.4767861017005
7174,104.984240265609
7177,109.541304687717
7178,103.796301319123
7179,94.4767861017005
7180,78.0505754789819
7181,110.159624179091
7182,92.72601368476
7184,94.1099224024859
7185,110.461140551306
7186,90.5073626443983
7187,114.444087698373
7188,92.5565583271787
7189,111.183079556264
7191,103.023891708946
7193,109.445273262166
7197,94.7191382186382
7199,92.033342716815
7200,110.935154141909
7201,90.7927880119127
7204,91.675744689981
7207,109.751050334341
7209,111.193647838746
7210,94.3437595825066
7211,105.724180772412
7213,92.3586099570733
7214,110.461140551306
7216,110.461140551306
7217,93.1275534935454
7220,109.745530394321
7224,110.643352325902
7225,92.6324645664262
7226,110.461140551306
7227,93.5408815247238
7234,110.461140551306
7236,88.4295935168487
7239,104.717285796654
7240,94.7694764461908
7242,113.531929226865
7244,110.280054457373
7245,91.35808519867
7247,109.464913648515
7248,90.4172548294619
7249,115.38613037744
7250,109.91626573307
7251,92.1193572936701
7252,110.129041653183
7253,77.82858720014
7256,94.4132347516976
7260,92.6004570098215
7261,111.086071791992
7264,95.6711856423256
7269,111.011285829973
7270,92.3995513400089
7273,109.588350383789
7279,89.6882680912467
7281,110.001851094152
7284,92.1332868830416
7285,110.304039866484
7286,115.38613037744
7287,90.7928497101298
7289,93.975136060471
7292,93.8849870490213
7293,110.77627032556
7296,92.3002940255259
7297,109.375096231649
7298,91.8846172763127
7299,111.336348066794
7301,104.610663628593
7304,110.280054457373
7306,119.914070235419
7308,93.975136060471
7309,104.612364457812
7312,93.8849870490213
7313,77.82858720014
7314,92.8556244947738
7316,90.1215954620931
7319,117.16937830649
7321,93.9064919342654
7323,94.9166968666749
7324,105.119301258797
7325,94.0742825458294
7328,103.261043587799
7330,77.82858720014
7334,94.0742825458294
7337,110.302935627855
7338,95.0835224217441
7339,90.9486591167494
7341,90.2089519944956
7342,110.302935627855
7344,110.278349717396
7345,110.704286290251
7347,109.288523286634
7349,110.001851094152
7350,94.0821536911085
7353,108.834750830273
7355,109.852515480324
7356,92.3760879882794
7357,110.462728621659
7358,94.5646166756951
7360,93.0672593697408
7363,105.936642300567
7364,94.8384429933061
7366,92.9661056016509
7368,94.4970836444741
7369,109.233733579277
7370,92.2692685659849
7373,92.743180963501
7374,109.942312170569
7375,94.3699781391196
7377,94.5661541696525
7379,89.5500175948363
7380,115.983754173777
7382,110.240266040786
7383,92.743180963501
7385,94.2280154133777
7386,103.656314071108
7391,95.6254143596636
7394,106.140700860831
7396,109.91626573307
7397,93.0001925140213
7399,94.5661541696525
7400,105.120258149157
7403,77.82858720014
7405,110.042251113213
7408,110.240266040786
7414,111.034393801926
7416,105.432930981247
7417,94.2860578152393
7419,93.262708712548
7420,106.608834487653
7421,94.4132347516976
7422,94.8384429933061
7423,104.932880360103
7425,77.82858720014
7430,93.9861569660223
7432,94.0343572186174
7433,94.2836679726137
7434,110.065285325139
7436,109.113873352512
7437,93.6349488485291
7438,104.374815751525
7440,105.461495302591
7441,93.7781936937224
7442,110.422601682374
7445,110.451957176113
7446,103.261043587799
7448,109.384552794293
7450,102.039026610263
7451,93.975136060471
7454,109.53685684397
7455,92.7060189108067
7457,108.965532199616
7459,103.261043587799
7462,91.141010618085
7464,93.975136060471
7465,109.514532332327
7466,91.0385646393581
7467,108.142257321502
7469,110.027269686144
7472,93.9167416166971
7473,110.48488643466
7479,94.0742825458294
7480,104.348104195778
7484,110.480674308516
7491,93.975136060471
7494,105.310195414654
7495,94.3699781391196
7501,90.2205446648218
7503,93.7199715043615
7504,105.490344701992
7505,94.1817995274016
7508,109.477106323363
7509,92.0261489844384
7510,77.82858720014
7511,111.011285829973
7515,93.8519807591221
7516,106.024211681494
7517,93.6872224859797
7518,105.738050187483
7519,93.975136060471
7521,95.7284697030623
7522,102.876338580125
7524,103.245780871917
7526,104.517267943133
7527,94.7318828133131
7528,104.584336625365
7529,95.1722450704558
7534,108.920006619019
7537,110.485559250338
7538,92.9671728241494
7540,93.5025905875161
7541,110.009405555492
7545,110.001851094152
7551,111.949367205482
7553,93.97360817552
7554,104.470997555847
7555,95.2591894671248
7561,109.228987828966
7562,92.719578982701
7564,93.1114079409145
7565,105.853701686693
7566,94.5661541696525
7567,112.781821540071
7569,104.835582136339
7570,95.6086867472706
7571,113.691332444062
7572,89.8791736048132
7574,103.06072052349
7578,110.038969188293
7579,93.8421563502547
7586,94.3414743292659
7587,80.9014546337247
7590,93.975136060471
7593,110.48488643466
7594,94.4920977001358
7595,94.5661541696525
7600,93.4313771219362
7601,78.7807253900118
7602,92.6050052842056
7603,108.968565729402
7604,93.4313771219362
7606,91.2327786107423
7608,111.949367205482
7613,77.82858720014
7615,109.746445644469
7616,109.49168168703
7617,117.617888172197
7618,94.7318828133131
7619,105.490344701992
7622,94.5758401389082
7623,104.610663628593
7624,94.8641789250515
7625,105.34627231231
7626,93.97360817552
7627,104.949316738379
7628,76.4916338603175
7631,104.838593196484
7632,105.490344701992
7633,95.0252734464841
7634,116.886700578402
7635,93.5752006754826
7636,110.302935627855
7637,110.302935627855
7639,93.4313771219362
7640,77.82858720014
7644,110.77627032556
7645,92.6050052842056
7648,105.34627231231
7649,93.4830503169522
7650,110.001851094152
7652,109.514532332327
7653,90.3041250467842
7655,91.8120883187863
7659,108.934176579246
7662,93.7967991710799
7664,92.6034996753829
7666,95.4546154498371
7668,93.8856588614611
7669,110.696982678687
7670,94.7402235544394
7672,95.2964737567479
7673,109.233733579277
7678,93.7860400654045
7679,77.9944664707024
7680,106.825409403511
7683,91.977445667365
7685,115.38613037744
7688,93.975136060471
7690,109.49168168703
7692,93.975136060471
7693,95.4690493716088
7695,110.302935627855
7696,94.3699781391196
7698,92.649614525499
7699,108.482716773377
7702,89.5675444177821
7703,110.302935627855
7704,92.7531767484786
7707,111.011285829973
7713,77.82858720014
7715,104.479954941265
7717,109.163381589687
7718,93.9524866062357
7719,105.646101589256
7721,111.451841621546
7722,95.3488620202586
7725,103.883795270732
7727,102.606408318819
7730,78.0707221304085
7733,92.0464930947341
7735,104.290941910571
7740,110.263419813527
7741,110.538893551968
7742,91.3253563405345
7744,110.556843664748
7747,94.465185163772
7750,77.8007052586148
7752,109.673183654945
7754,110.931045424354
7756,104.440575155285
7757,94.8826931427605
7758,103.851027019783
7760,106.787139406257
7761,94.5322760269844
7763,112.968802370776
7765,94.0405806152235
7767,110.263419813527
7768,94.5809676663976
7771,94.991230825219
7773,91.851699789074
7774,111.250691008537
7776,105.627516464337
7779,93.7445978363777
7783,90.0889162943477
7786,106.106972023149
7787,93.0076620948314
7789,93.0780509582821
7791,95.1381497968894
7793,94.0419403691455
7794,109.581536202104
7795,90.9160769347195
7799,77.8007052586148
7800,108.66119315676
7802,94.7875153067191
7805,109.350396554281
7807,104.798024990873
7808,95.6941751630921
7811,104.310721688345
7817,109.452456502864
7818,105.452552989098
7819,93.9414696489027
7822,93.3979055109607
7823,110.00282868861
7825,110.28065658678
7828,91.3299099709482
7832,92.5672830743765
7833,77.8007052586148
7834,110.561828427007
7835,94.2004025166469
7837,94.5322760269844
7840,92.5083067081565
7842,92.5895313631292
7843,109.142479072666
7844,93.9414696489027
7846,94.5322760269844
7850,93.5971942255926
7853,110.736584939987
7855,111.909261560211
7858,93.8264699959636
7863,108.895151120211
7865,110.736584939987
7866,89.8461567034378
7868,91.944494924534
7869,108.693465218729
7871,77.8007052586148
7872,103.339509132978
7874,104.798024990873
7877,108.422996054527
7878,92.57182971935
7879,109.347143797983
7881,91.6695616480585
7883,94.5856836268732
7885,102.618025185415
7886,93.9399423113135
7889,95.4204190176259
7890,105.345671024727
7891,94.275390943518
7893,94.0944910823507
7894,104.665651945684
7896,109.962443142778
7898,104.573187059749
7901,94.4184890787277
7902,109.249370883574
7904,108.891492103019
7905,94.0272896733727
7906,116.909241023809
7909,93.9414696489027
7910,104.573187059749
7913,91.6722043575584
7918,110.354480983945
7919,90.6302727876339
7923,90.2838282329142
7925,94.5322760269844
7927,92.2935137039862
7930,93.8264699959636
7932,94.7151958336816
7933,90.5281655847601
7935,94.4368691691136
7939,102.841155362092
7942,90.1201477857979
7943,109.991864721945
7945,105.395159836707
7946,94.4632302461887
7948,94.465185163772
7949,110.445305436805
7950,90.6774851279817
7951,110.263419813527
7955,102.606408318819
7959,94.8044673036912
7960,110.263419813527
7961,93.8513529331627
7962,102.59782401335
7964,102.311503181591
7965,94.5823321617205
7966,110.736584939987
7967,104.849448970327
7968,95.0909730768385
7971,103.100957338887
7974,90.6302727876339
7976,106.241510467674
7978,109.578546895548
7982,110.263419813527
7983,93.9414696489027
7984,105.308532213071
7986,92.4858344178256
7989,110.445305436805
7991,109.249370883574
7992,109.705423213094
7993,91.0443516406035
7994,110.736584939987
7995,92.5672830743765
7997,93.9401438391316
7998,105.308532213071
7999,109.452456502864
8002,92.8401086962431
8007,93.8880281840414
8009,93.5980462313786
8011,93.8895546775765
8013,94.9127418792254
8015,104.808022598642
8017,110.539566696531
8019,115.34479351838
8023,93.184307004619
8024,110.263419813527
8026,109.91291152006
8027,91.7475845193566
8029,94.2007775216189
8030,110.657457912407
8031,93.7377293635473
8033,91.9031237425662
8035,93.7948565254102
8036,102.778386817539
8039,103.109173271111
8042,91.944494924534
8044,90.2717737678439
8046,78.7084345562284
8048,111.17304363361
8049,94.0272896733727
8050,105.082599019058
8053,92.6808724900175
8054,91.851699789074
8059,93.3979055109607
8061,92.8344135677246
8062,109.182358572305
8064,109.549090568249
8066,105.41467375664
8067,93.8830961248258
8068,95.3186956824889
8070,94.0484489406801
8071,110.736584939987
8072,91.835802539873
8076,92.0863557112721
8080,90.4006988571791
8081,109.924180857396
8084,100.103881142748
8087,110.523978169944
8089,90.6078161528225
8090,115.942203217141
8091,104.310721688345
8094,110.739777325985
8100,90.1766348111181
8101,94.7308020322484
8110,94.8798273854551
8111,109.249370883574
8112,93.6536592188951
8115,110.352395442336
8116,93.6995893937565
8118,109.549090568249
8121,115.942203217141
8125,108.993214030895
8127,109.574864915378
8128,91.9151158999714
8129,109.249370883574
8131,94.3053312700042
8138,94.6979452986775
8139,105.081642471502
8140,93.3979055109607
8141,91.851699789074
8142,110.007269921319
8143,109.458489374261
8145,109.91291152006
8146,92.0477629217765
8148,110.994615944115
8153,109.314505716819
8154,90.2865209584822
8155,114.037820469957
8161,94.0944910823507
8162,110.180998291428
8163,91.9931807937378
8166,109.239181040665
8168,110.285675911145
8170,91.226774623559
8172,109.562983266168
8173,90.8904369931955
8176,104.861618177465
8179,93.5033793172
8181,94.8036413637093
8182,114.855287055093
8184,109.486212481891
8190,107.093683681512
8191,95.0308786436119
8194,110.841249453497
8196,110.826221578066
8198,109.503298295083
8199,111.05446653475
8201,110.984803479898
8202,94.3396590083985
8207,95.5360285173489
8208,110.35095851083
8211,110.290844286376
8214,109.752253206764
8217,94.1758541439874
8218,110.625776765649
8222,94.5860602233131
8229,107.370497463
8231,94.8362655915606
8233,96.3825660041693
8236,94.6898471157414
8238,111.375232339522
8240,105.999496387674
8243,105.39672864584
8246,111.605966755605
8250,92.2447120518435
8254,96.3102874804233
8256,78.5851884424677
8257,111.078613427927
8258,92.2199088879405
8260,94.8887040340027
8261,111.894922858613
8263,114.635616211134
8264,94.5400053765447
8267,110.117281192449
8268,91.6754814699548
8271,92.8419180738814
8272,110.35095851083
8275,95.2259923371751
8276,95.6859954452152
8277,107.510769552381
8278,116.507842755008
8279,93.0148845372982
8280,110.295636171928
8281,94.887161295902
8282,111.078613427927
8287,110.313727695558
8288,91.5441195800706
8289,111.375232339522
8294,92.4291073732939
8296,92.7778625231175
8299,111.375232339522
8302,106.370383418183
8308,111.738505725215
8314,103.750647112125
8315,94.9042292013567
8316,112.392872307878
8317,94.8362655915606
8319,109.987764774468
8320,92.721414127676
8321,117.111276279145
8323,94.6310589263748
8325,95.3004863615384
8326,110.945821589135
8328,110.35095851083
8330,109.879615757496
8331,92.7778625231175
8332,112.276182572341
8334,95.6528074093138
8338,92.9207701147078
8339,95.0184745711463
8341,91.8987815432418
8345,111.853168503516
8346,95.4854676545924
8347,103.632342497095
8349,96.0974505951334
8351,95.0432684192904
8352,110.688728585416
8353,110.35095851083
8355,110.449846944359
8358,110.556091891161
8359,109.879615757496
8360,94.8362655915606
8361,112.115533037706
8363,103.634027420124
8364,95.2586036161819
8365,96.1505515585251
8366,106.51585639026
8370,109.755166271109
8372,95.0432684192904
8376,95.8394181102495
8377,112.15948393335
8379,110.562185593448
8380,91.1941817417565
8381,108.858725388993
8386,90.5588661791298
8388,104.933825167293
8389,95.750690535094
8391,111.291979741435
8394,96.3102874804233
8396,103.410005468447
8398,104.381506205793
8400,111.101895656132
8401,91.6985069160217
8404,91.8987815432418
8407,95.76040350127
8408,111.071220848766
8409,109.970185184446
8410,104.148847812149
8411,94.5298171007471
8413,92.8404086132369
8414,110.445988915112
8416,94.3396590083985
