"ID","y"
1,77.2932566813867
2,95.4368208993994
3,84.7264560238779
4,77.55285007533
5,111.206041657436
8,89.747688729007
10,109.141661014544
11,94.1617312446822
12,116.577752809672
14,93.952446110726
15,116.553100542613
16,105.333060215003
17,95.1223378283274
19,94.7671448584247
20,108.214006276786
21,95.1024066743169
22,117.662161515919
23,95.1762610468585
26,94.5236733425362
28,92.1756919694748
29,95.1762610468585
33,95.1762610468585
35,94.4118666187197
41,94.9605681727316
42,93.3601761247543
43,118.426188229672
45,106.087814380919
46,106.321218166283
51,93.385165145844
53,79.8537077153354
55,114.044210470133
56,94.3412414294769
57,106.019026542739
58,92.5163709148789
59,106.780087503747
63,109.964557036519
64,96.6889396371828
65,106.901276016239
69,93.0468303752039
71,97.2746752995519
72,103.846292048561
73,94.7611024982861
76,106.158806395416
77,110.091194738519
78,115.257830419904
82,94.6302721111995
83,106.901276016239
84,96.1613436996122
85,104.869195941943
87,109.48582437817
88,94.9605681727316
89,111.866420849631
91,94.2982627296591
93,95.4535950868245
94,108.106730518624
95,93.8364978335476
96,111.878962545977
97,92.8991877354384
98,110.952308303428
99,94.7947534016051
101,103.808878846502
103,111.866420849631
104,91.3082143317731
105,109.792638620173
110,97.7116224557905
111,111.122051006593
113,112.198210987044
114,91.6694310390129
115,108.332472755518
117,111.866420849631
120,90.9050431686517
121,111.910610270505
122,93.2922516117768
123,112.898346168561
126,112.663883491182
132,112.860477257596
135,104.527279709826
137,101.810757842343
138,95.7365248200126
140,94.2626659438678
142,110.417388342392
144,112.843446983805
148,88.3487815794934
149,110.636849862241
155,93.0625826473893
156,110.778332855169
157,92.8991877354384
162,110.523532308415
163,93.754180052532
167,90.3530668288387
172,118.426188229672
179,107.240525805792
180,93.660607764993
181,110.899827276219
182,95.3176293456548
183,111.866420849631
185,111.866420849631
187,111.039852383988
188,94.6564639397284
189,94.8072364545843
191,91.9849837221735
192,116.00290579468
193,95.0109398692958
194,114.13735029299
195,88.9903505396718
196,113.282210034284
198,99.7022085081205
199,112.274732970634
201,106.004999203606
204,96.8153064823156
205,104.854290649878
206,92.8340111962518
210,94.5706705577524
211,103.808878846502
216,111.987170305224
219,116.469906372608
220,95.9594317281728
221,110.12404405255
226,110.899827276219
227,91.2982804336098
228,110.668914939711
230,109.462519462793
231,92.8991877354384
235,117.500391860324
236,93.7883755967623
238,109.313055349296
242,108.553065995798
243,94.3506463867221
244,80.4117624852812
245,107.405853511529
247,110.516442228239
248,90.2806631350346
249,92.2441602569363
250,111.862475225947
251,93.7883755967623
253,117.500391860324
254,92.4474498364114
256,96.0851117149014
257,92.3142991254936
258,110.744645075265
259,94.8340411443926
262,79.7021897337856
266,92.2782023925406
267,111.291755472479
272,105.839726911586
273,111.866420849631
275,94.5677387512042
276,114.362667234304
279,94.9466803586805
280,106.901276016239
283,91.2543381088136
285,110.695106768232
288,111.866420849631
289,92.1302610277965
290,105.978807375077
291,95.2348469081419
292,110.651357028566
293,108.169781254295
296,95.6070738930629
297,113.68940294788
298,115.324849552702
299,94.6841953297299
304,91.1551590164482
305,79.9745970256816
306,95.1293295245359
307,110.927558666241
311,105.574713138557
313,110.966846409044
314,90.6804669826106
316,94.0485370766435
324,87.8600200036092
327,92.8532389773304
329,91.3986423940391
330,114.151985768727
337,105.587600734755
338,96.54207396043
339,104.391079037138
340,95.6923546973696
343,89.8769857234919
345,116.445254105548
346,91.3770484184716
347,111.877920017282
349,112.062610168749
350,88.8138414544692
352,113.835202187497
353,91.0824009724887
354,80.1181609014982
357,94.4728759383701
358,110.205401072542
362,113.637790818669
364,116.004893554186
365,104.75999798327
366,97.9173574024138
367,112.170724119023
368,95.8504811702899
370,80.4781811618812
373,91.9011481317824
377,91.5362683509412
378,109.660057064593
382,106.212729613948
384,110.722838158236
390,92.7823672549183
392,112.106717798742
393,112.903664545178
395,98.8167350993272
396,107.239570116465
399,81.3909564667582
406,110.966846409044
408,110.966846409044
409,90.9333663889173
410,77.2868504104568
412,114.035783880484
413,90.9369276921752
419,93.8909531085918
420,111.554624331649
421,90.8473450879838
430,96.8142179516992
434,94.3466751497033
436,96.7798412807521
437,94.2235687789915
438,90.6867076116397
439,110.233316469747
440,93.9768511171429
443,112.745715457069
446,95.5469646609471
448,93.9260490777714
452,95.6171070811915
453,105.89078587609
457,105.313071601237
458,93.5652277815082
459,113.508448295227
460,105.86362626307
462,107.970440366722
464,106.496365684284
465,116.523829591141
467,112.713784925076
471,109.941509657544
472,80.1207191301649
473,93.0717259972719
475,96.3806930021555
480,95.3788796905196
488,110.637220727884
490,110.927558666241
491,103.908925047563
492,83.8583888490657
493,94.5743236433548
497,89.2279235845922
498,113.274106052588
499,94.4483402339989
500,106.383427461083
501,93.5390359529766
502,109.253750308844
506,78.8962856024335
510,107.647257509483
511,90.1032227415949
512,91.4379301368335
516,91.7343113384291
518,94.6149416196432
519,112.851923280154
521,88.9067491081765
522,106.296077447866
526,111.057187344716
529,94.5286961765021
532,109.595511330461
533,96.2031597569934
536,112.979717878691
537,91.3693253808111
539,95.4854985788362
540,103.888993893549
541,95.4351861006116
543,94.8349678445837
546,113.999681035024
547,94.6561664932228
548,85.7657350054719
551,93.088476142848
552,104.718007504458
556,109.577941296014
557,98.1683403920055
558,112.170724119023
559,96.266632840943
560,105.126992745269
562,104.93440569694
566,95.7670754512073
570,113.274106052588
571,94.2235687789915
572,106.955199234771
573,94.6972912439964
575,116.523829591141
576,113.39776343302
577,90.8090079297262
579,91.4416792363257
580,110.718050062328
581,112.888208647597
589,110.927558666241
591,104.317547625845
593,95.6347943290934
594,109.185444418226
595,95.4201573259941
598,93.1146679713745
602,112.278535071505
604,113.683508265608
606,108.28560551763
608,97.8974262484032
609,103.862802065026
610,93.399800621581
616,111.792509291948
617,96.0366377785107
618,104.825139981125
620,106.043356226422
622,112.924465365996
623,91.3015816783437
624,144.810563929435
626,108.680896790402
628,110.584314745404
629,92.6302231355286
630,109.516442681324
637,98.7259440137504
638,106.219202938491
643,93.9759014065866
645,95.3788796905196
646,114.581277016666
648,97.4041448540862
652,95.2378429462687
653,94.249760607503
654,113.274106052588
656,113.152503696664
657,92.6205186898871
659,97.4925660700656
660,105.21602427047
663,91.4831953622017
664,110.777613838691
666,104.422390046272
668,111.301551646573
669,93.0844452939459
671,97.5338275571899
675,91.5085468791812
677,93.2737785675598
678,107.062852351357
679,107.287017082394
682,95.3577226488756
685,105.138711614074
687,96.2005906435548
688,91.2538642790845
693,110.705657415637
696,92.977260451601
698,94.9507831658577
701,96.1018772365587
704,107.315773583996
705,117.363872344744
709,112.28208528181
710,95.9511030355749
711,108.344950318973
712,95.2093108790613
714,108.236894725578
715,91.8271289899126
716,111.143251540376
717,95.9174458173219
720,116.660946979677
721,92.2545998148296
724,106.087913926455
725,95.9275654270751
726,109.845658446099
728,111.419021733548
731,91.5344709790265
734,104.82284566372
738,93.9249416845444
745,111.136391125484
746,91.5357597825765
751,78.7504512954238
754,91.9122245903663
756,91.8193157477701
758,91.7038840360739
759,113.333676576239
761,117.861679352839
766,95.7228731006829
767,115.304494299093
768,91.5172745524742
769,111.107357865606
770,94.6147020774936
771,84.0740817232063
772,107.174790630466
773,93.2779771884431
774,112.960566421771
776,110.938531032364
777,93.6927720457261
780,118.695804322332
782,104.104686767693
787,104.946753920262
788,95.7011914529662
792,91.4386990668835
793,111.290394083623
798,94.452931212011
800,89.5075662295785
806,111.143251540376
809,110.670331393308
811,110.625383909035
812,90.5059595834284
814,116.739522465268
816,106.320938857079
817,96.9752792985453
818,107.358664368161
820,110.70065914094
823,93.767824741366
829,91.1802847061875
830,111.748207020595
831,89.3196275155656
834,109.203396214059
839,97.182731278258
841,77.0461864209526
844,104.078494939157
845,93.6940689812955
848,91.3708518905767
850,84.9082714227121
851,106.184086451315
852,94.9853482561984
854,92.8091507095547
855,97.231841486515
856,107.098855745104
859,104.37686610718
861,112.960566421771
864,95.1350677997997
865,112.986758250313
866,90.9554339537352
867,91.5632974895581
869,94.9608574803443
871,89.8833284364181
872,111.143251540376
882,105.654206078239
883,94.5623680238326
885,96.851455228956
888,93.0558359371923
893,110.280499126366
901,107.304737054014
903,104.124617921695
904,92.8960984280453
905,106.522846598725
910,95.6731480502332
911,110.838797969472
914,113.090643438696
918,113.273612738378
921,90.544812575776
928,96.4920828946672
929,107.174154248859
932,96.6712551396114
933,108.062647059044
934,95.6731480502332
935,112.885329095532
937,77.7262403556995
939,94.8998882038579
940,101.759205765276
941,95.5868760250988
942,105.727028529141
943,94.764306449404
944,105.072980111225
947,111.143251540376
949,111.501126772049
951,110.30654921897
952,97.3467067698737
953,104.124617921695
954,81.4981035176954
957,112.026507989549
959,92.2388378243161
960,110.041596904439
963,116.739522465268
965,111.143251540376
967,105.813543720782
971,96.3155446345637
972,80.270342253432
973,96.815658905892
974,110.419385620346
975,90.997642839748
978,118.98356506797
980,113.994908694546
981,95.3796836801518
984,113.221602581348
986,95.6731480502332
988,91.5172745524742
989,109.38191438018
990,105.103791004832
992,107.304737054014
996,94.399973910321
999,112.25514597392
1000,92.9016743069266
1001,112.986758250313
1002,89.8349868253653
1003,110.938531032364
1004,91.1809165338086
1008,108.423534655993
1009,94.9491068273348
1010,111.635321344988
1012,109.198979372812
1013,87.9390963698074
1014,111.855971490336
1015,90.4063002668372
1016,116.713330636737
1019,92.0485885114447
1020,113.198335382828
1021,95.6731480502332
1022,107.622896970614
1024,95.6731480502332
1025,78.7750601032818
1027,95.5555695566094
1028,106.08428206491
1029,93.9357542572637
1030,95.2265754360308
1033,112.747282397343
1036,89.5525227171643
1037,109.568003701771
1038,90.8152136706512
1042,94.8998882038579
1043,105.729641955357
1044,93.6360968978891
1045,110.806186349015
1047,113.67040852871
1050,95.0899484615066
1051,110.254307297833
1054,93.7809206556343
1056,95.3796836801518
1057,94.6016557666247
1059,94.6256234250257
1062,93.7268491825839
1063,105.421273544943
1064,95.3796836801518
1066,93.327041236366
1070,105.357980622499
1076,110.745204039876
1077,89.0345647188014
1078,111.591547844423
1080,111.854384129536
1082,116.799530028407
1083,93.0820277657227
1089,113.333542484428
1091,93.1097591557241
1093,95.8359373423904
1097,96.4313556402458
1099,89.3849006110401
1101,95.7270712687463
1103,94.2797182804035
1104,109.111962337996
1106,113.526023869612
1109,92.9530491445747
1110,114.382314118585
1111,92.7359382741072
1112,99.3976112635667
1114,93.7087044570346
1116,96.7826994280775
1117,110.798134533175
1120,90.6986922270804
1124,111.487439633045
1125,93.8513676201308
1126,111.676736069484
1134,112.839351833279
1137,91.2141366969528
1138,110.482538363787
1144,111.290195142336
1145,95.6897734186483
1146,90.9500830752747
1148,91.0908538010759
1150,90.6201167414974
1152,104.132418157682
1153,94.2727181232633
1154,106.212102842939
1155,94.980003250922
1157,94.7586367686434
1162,94.953811422389
1165,111.709328039291
1166,95.1706190564989
1167,107.81072942089
1168,95.820091652207
1169,104.430789325708
1171,117.823931171514
1172,98.3724769133381
1173,104.430789325708
1174,96.2721064452727
1176,99.1754783241572
1177,106.772015279495
1178,94.7424920310273
1182,109.838038432044
1186,95.6484957831691
1187,114.537532694807
1188,92.5676995681299
1189,118.749727540864
1191,107.346731242599
1192,95.2184276748604
1197,110.738410435065
1198,90.2988816716558
1200,80.6792102808604
1201,95.665171647923
1203,95.9974363362288
1209,116.793445683799
1214,105.774397390828
1218,112.459674221578
1222,93.5915473286704
1226,97.3349684809214
1228,94.8716117341597
1230,88.4818341270014
1232,79.7676295906071
1233,93.7566406055103
1236,113.685044004447
1238,94.7824650419829
1241,111.290195142336
1244,103.648790170662
1246,93.9347390667309
1247,115.056754627998
1250,113.653513293206
1251,91.9723428033605
1254,113.130555193437
1255,95.8380989777868
1256,110.697400490221
1257,91.9327376227183
1258,92.0401044009558
1259,111.329482885128
1260,96.7576862243761
1263,111.157887016105
1267,79.9736764764996
1268,109.937526112347
1271,95.2315235891269
1272,110.334422344897
1274,102.536465803498
1275,94.953811422389
1276,110.308230516358
1277,91.4405171987143
1279,90.9500830752747
1281,96.1361860124953
1282,92.5676995681299
1283,113.256811866106
1285,111.298064543153
1286,92.8000711816224
1289,110.980373031176
1296,113.364017955014
1299,90.4878086152705
1301,94.4538971288675
1306,91.2304943272831
1307,96.8838660159908
1308,90.0439174242538
1313,110.308230516358
1314,95.3280303459437
1315,114.382314118585
1316,92.012012773937
1317,110.347518259161
1319,91.5033505946949
1323,94.7595515406247
1324,106.830065232325
1325,95.6402898080237
1328,106.093850671089
1329,95.1890008132439
1330,113.014489640321
1331,93.0892246486029
1332,107.291489447102
1337,95.7295142337118
1338,111.165642970335
1339,89.1763652008445
1340,114.458340677341
1343,111.019923046398
1347,104.85073780595
1348,96.5320642287273
1349,106.444009749865
1352,91.1657759493912
1354,97.6337657054088
1359,109.303186525461
1360,95.0538199003549
1363,110.563211133297
1364,93.2468765442596
1365,107.080424579111
1366,97.1552507482567
1372,97.1698224225345
1375,106.504377570569
1376,95.1358881117541
1378,88.6507103997179
1379,112.943446833468
1380,95.9427641428857
1381,104.646482199836
1384,112.346137950432
1387,90.7035014893937
1388,110.940943464907
1392,78.1215613653475
1394,104.818929189549
1395,95.3821756810154
1396,111.452155375817
1398,95.4281759261173
1399,111.452155375817
1400,90.2764262601087
1401,95.0490649649897
1403,98.1368302002096
1404,116.813296983159
1406,111.452155375817
1407,94.1890135836319
1408,111.373579890234
1410,80.1893693506269
1412,111.41286763301
1413,96.0715613705311
1415,96.576605138228
1420,111.373579890234
1422,112.675367095705
1423,111.987765261572
1424,111.373579890234
1425,99.3549999453287
1426,80.1893693506269
1427,96.2131292103569
1429,90.0870207886075
1430,111.795131809999
1431,97.5407453219704
1432,108.968169175314
1434,109.652906686998
1437,96.2354237980946
1438,106.523623415895
1440,111.388497972889
1441,113.042920409883
1442,94.958184905155
1444,112.105966789855
1445,96.8019336479018
1446,104.612727284285
1448,91.1933514676973
1453,93.4418220627893
1454,111.41286763301
1455,95.4341205489851
1456,117.295846448148
1458,111.41286763301
1459,91.6926377538446
1461,94.6601261197957
1465,90.7035014893937
1466,108.300970371549
1469,94.975244414752
1472,93.4418220627893
1474,93.8726429569182
1477,114.360959723067
1479,110.362337847981
1482,91.9153730842196
1483,79.9633913107228
1487,95.7858979064718
1488,113.759415019364
1490,110.39241051681
1492,108.7280776282
1494,118.93922858646
1496,107.593519721191
1497,96.2474880364353
1499,99.3139001819032
1502,94.362128771582
1507,117.007126394155
1508,91.1657759493912
1509,110.309954190921
1511,91.8053758752366
1512,110.435906592369
1513,115.996199286365
1514,104.871971584507
1518,110.692433607983
1519,91.4091407446998
1522,110.346409405554
1524,80.8818072407222
1527,94.958184905155
1529,91.3120918557027
1532,105.937560211688
1536,110.987687359348
1537,117.009138557926
1539,106.563662140093
1542,112.30954576949
1543,95.1358881117541
1544,105.987796468346
1545,85.0571208090043
1550,95.0966003689583
1551,108.04506711498
1554,105.710522744725
1556,104.348111031818
1559,92.1484304968453
1560,78.4023648743703
1562,94.9236059129525
1566,91.1655339271019
1567,109.975559819572
1569,106.706939565346
1570,99.5740163948977
1571,110.402197798565
1574,91.1657759493912
1578,104.374302860346
1580,90.890762867941
1583,113.257517491808
1584,91.1657759493912
1585,110.739050575114
1586,91.923850723099
1587,111.208147125015
1588,90.8537164112324
1590,114.887138313058
1592,105.387077576989
1596,116.167029629591
1598,109.471430868213
1599,94.2283013264248
1604,109.965934056536
1606,103.585970023813
1607,96.0715613705311
1608,106.601396971549
1609,118.039624045641
1611,94.4445958377601
1613,95.42043297268
1616,95.6984266490025
1619,113.32967174636
1620,92.3776784082563
1621,110.305953375287
1622,94.0124925307999
1625,107.574353146673
1627,118.039624045641
1629,112.413446028583
1634,96.5826621110984
1636,93.6752328146207
1638,105.834531131131
1639,97.4081545677162
1641,96.4777454628306
1643,94.5169599221221
1644,105.398517796777
1645,118.965420414991
1646,93.1218386644864
1647,105.445906492256
1648,96.223228758151
1652,90.890762867941
1653,110.731317351793
1656,95.1485151612477
1658,94.2283013264248
1659,114.676582478311
1661,96.5536395369553
1663,96.0715613705311
1664,111.344145728722
1665,95.4603123775182
1666,104.348111031818
1667,106.392137719096
1668,80.7822222312709
1669,106.404410823586
1670,94.4376657724298
1672,110.764218668132
1674,112.125587582995
1677,113.759415019364
1678,91.7740440439412
1679,108.054917844403
1680,91.0017428321694
1683,106.325700936435
1686,107.805531002853
1687,112.688463009971
1689,112.656033085809
1690,92.7456794450562
1691,116.930563072335
1692,112.158579693249
1693,91.1657759493912
1695,95.6241808066333
1696,93.4418220627893
1697,114.637294735498
1700,104.348111031818
1701,96.206261435452
1702,111.577828423505
1703,92.3161231500691
1704,112.469315220502
1706,95.8183394318006
1707,113.491218674008
1708,95.6885875156111
1710,96.8595626354542
1711,105.710636927065
1713,108.704994470775
1717,105.062270605955
1719,104.374302860346
1720,93.9980238779907
1722,94.8354992195399
1725,104.880210417425
1726,95.7147793441429
1727,104.200544513488
1729,110.761415164184
1730,91.4199953728802
1731,114.79769604706
1733,104.348111031818
1734,94.5973458203491
1735,112.675367095705
1738,95.42043297268
1742,92.6971148975559
1745,112.125587582995
1747,96.1669736926567
1749,96.3191028797173
1751,95.6368713619848
1752,78.2528068300082
1753,104.062078453956
1754,95.8290259383937
1755,96.8120787504105
1756,103.844350789142
1758,111.630216243228
1759,95.3801973304597
1760,106.464116341857
1761,114.406457402312
1762,92.720356259409
1763,110.119226921953
1764,94.0320598294259
1766,92.7370636291957
1768,96.2857378445111
1769,80.1155149780844
1771,112.43273848785
1772,93.2700817343015
1773,105.824260974225
1774,93.4642748316095
1775,113.949109962048
1777,110.34997830216
1779,95.3801973304597
1780,107.386584983023
1787,92.262199931533
1788,95.4362040339572
1790,95.6501601276111
1796,109.454874846083
1801,89.5866017222166
1803,95.1578033566075
1807,111.248242147432
1809,114.471233746077
1812,94.4116742165187
1813,108.773611243666
1814,91.6976666777455
1815,113.14370336043
1816,93.5747484456535
1818,91.3807601193683
1820,91.3384473415735
1821,113.886101402838
1822,97.2668593504179
1825,94.8220969885654
1826,105.163760125026
1828,94.6992764065901
1831,104.83277616204
1836,113.33380280671
1837,96.4764265159716
1841,93.8187197383888
1844,105.801435481035
1848,93.3158088064607
1851,106.509738921559
1852,93.310816554115
1853,91.2533590704608
1854,111.386431377778
1856,93.4175101476125
1859,114.458137831811
1860,96.3333321803328
1861,81.7274668713125
1863,106.227838778603
1865,95.8025688992238
1866,106.485699415979
1867,94.7545859599054
1868,92.183624445939
1872,96.6428217357695
1879,94.2564858642147
1880,105.354504908742
1882,95.1730029696025
1885,106.271777717906
1887,104.374248152763
1888,93.6226014429939
1890,109.494081040585
1894,95.4057974969339
1895,103.76335199488
1896,97.6968358523524
1897,111.699288341214
1900,110.089411447049
1901,92.0945072783116
1902,113.826674924267
1905,91.0613771728696
1906,109.792637460463
1912,104.34031079581
1915,95.0558917755209
1916,106.129097830102
1917,95.6819172372197
1918,106.774783113621
1920,78.0071112167472
1923,92.4754084093526
1924,107.878995318585
1925,95.7156396989294
1930,117.985700827109
1932,111.398232157292
1933,94.6237518184993
1934,112.7542934337
1935,92.0552195355207
1940,80.1354461320948
1941,94.4799501001014
1942,111.012979759794
1943,91.8885138180485
1944,94.0510845015635
1945,109.24900374818
1948,116.955215339394
1949,93.52904047629
1952,93.5022255622795
1954,91.1118527308577
1955,111.319656671715
1958,92.5035049301582
1959,82.9973365196729
1960,110.119226921953
1963,96.4447495181539
1965,94.6540198471337
1968,107.738632121518
1969,93.1929533257279
1971,95.5806289317511
1972,110.505103324572
1973,91.2632350057037
1975,91.2525390077029
1977,97.8422367800306
1978,93.5144315949181
1979,111.981015801897
1981,91.7454925911864
1982,109.813155891556
1987,110.923717353755
1988,91.1116107085647
1993,100.341068909022
1997,93.0602578042788
1999,95.4437522571432
2001,95.3665097541357
2002,113.853074334562
2003,93.0530230964608
2004,78.8643696236811
2006,112.225082666975
2007,93.466659770663
2009,108.511353759446
2010,94.5169597485362
2013,99.4881869233668
2018,75.5881143308449
2022,107.295113149781
2024,112.051209140584
2025,96.5357778339579
2026,106.724736573741
2030,108.537545587979
2031,96.2666180953393
2032,104.34031079581
2033,95.7418468707764
2035,90.8088832380232
2036,110.57066896237
2037,90.1739161230497
2040,95.4319893254589
2043,112.711341345314
2044,105.118018859136
2046,109.576497769287
2054,110.711656938333
2055,95.5355365788762
2056,107.386584983023
2059,93.1969340825408
2060,92.0945072783116
2062,89.7289040982439
2063,113.68352343896
2066,95.4057974969339
2067,112.595252048643
2072,93.209041271372
2073,111.866247122014
2074,96.851547895522
2075,112.493971310918
2076,94.8793655980656
2080,91.7899963977032
2082,92.0945072783116
2085,110.007808146503
2087,111.325232775395
2091,109.734323718376
2092,96.8565486472588
2093,107.386584983023
2098,99.3318261958437
2101,110.119226921953
2102,91.4069519479008
2103,80.1354461320948
2105,106.498795330245
2106,95.1286769922511
2107,114.302158101468
2110,96.0484928294456
2114,91.8698663458283
2115,111.281627941642
2117,79.3077401966677
2118,94.1191790056614
2119,105.34299059814
2120,94.3953724113242
2122,91.1119822208935
2123,109.286366194231
2126,95.3160126792811
2127,107.089406525131
2128,93.7794319955917
2129,111.311287866182
2132,97.5553225740726
2135,104.698644465458
2138,95.8195444944038
2139,117.985700827109
2141,111.424105286892
2142,96.2337728078379
2146,96.9086402487529
2151,109.734373331592
2157,105.580499341578
2159,113.164149931909
2162,95.4113889991808
2164,117.237927346318
2167,89.5924032191802
2168,109.717165408157
2171,90.3911964702709
2173,95.9288205100049
2174,106.089862075822
2175,95.9936321271989
2178,95.5160275577296
2180,95.6361258467912
2185,109.355706802802
2189,84.768792239826
2190,112.864868141302
2192,105.285770541576
2194,114.070306770159
2200,120.247347725787
2201,92.2876147511901
2203,111.38807077773
2204,93.0580229366503
2205,113.23819640858
2209,118.398563056132
2213,107.567728977143
2214,94.9472052123056
2215,112.536902466186
2216,92.2745188369258
2218,94.4172633040542
2219,107.855271695151
2220,95.269512774493
2222,89.0499773552357
2223,111.446612492599
2225,112.793150474348
2226,92.6649352112843
2230,95.9110080223526
2233,113.183217034414
2234,111.800046816617
2235,93.0580229366503
2236,79.0025997466675
2237,95.6929577460838
2240,113.562470410385
2241,93.7562549746264
2248,107.031501200767
2249,96.3324998937026
2250,111.751738599808
2252,110.260373671347
2253,94.5700778139355
2254,111.265647064261
2256,77.3720142639275
2258,89.6211287415178
2259,110.631528839619
2262,95.675413589603
2265,96.1865004197497
2266,106.829592766125
2269,95.4363131045933
2271,99.4483641176461
2273,91.1928793393252
2274,112.830048913081
2275,92.2483270083948
2277,95.9655807307767
2279,93.0580229366503
2280,78.673846766302
2282,95.6361258467912
2283,105.060028981794
2288,91.1297064630223
2289,119.09752479932
2291,95.6944477105903
2292,118.33389240536
2297,96.5553813957297
2298,105.993573655851
2299,95.3820011861339
2300,111.883947469385
2301,92.521467046972
2304,95.8051526715392
2305,106.363486678159
2306,95.675413589603
2308,95.1227898621895
2309,113.201746768464
2311,94.6808188257168
2312,105.758967623334
2316,103.931673959518
2321,105.926329801181
2322,112.069947437095
2325,107.478797948242
2326,94.2700341420499
2329,118.33389240536
2330,95.9786766450428
2331,105.44871814335
2332,113.261792520005
2333,95.675413589603
2334,106.131514676981
2335,111.128786238475
2337,114.140954063439
2338,87.9149921043893
2340,113.261792520005
2342,96.5870447545949
2345,94.3640766562928
2349,93.8064669090882
2351,77.9872620718371
2352,94.7042762467788
2354,111.986197143059
2355,110.958383833521
2357,112.793150474348
2358,97.1486056050084
2360,96.2340546916677
2361,111.986197143059
2364,95.1738777792827
2366,97.7649841065241
2369,104.023887421522
2370,96.9972584053626
2371,113.22250477721
2373,117.105262162052
2374,98.4264394302373
2376,111.423839999142
2378,110.177624239207
2382,98.0875849644823
2383,91.2390813348785
2386,104.793444129983
2387,96.7895113602833
2389,91.5894983374118
2390,118.427075782282
2392,93.9508596439806
2398,113.261792520005
2399,94.4823725457866
2400,93.5048491925603
2401,113.17377193486
2402,94.2662296224249
2404,89.5015376776009
2407,117.622003869674
2408,111.837203983729
2409,112.772388345669
2412,79.5952279154336
2413,95.4414054358205
2415,97.1768278290907
2420,115.10657967674
2422,95.781637361108
2423,105.774611017835
2426,94.5876646825818
2432,95.1876589617088
2434,91.3972638230677
2435,91.8803064184092
2436,111.411023914646
2438,112.458078344323
2440,109.282322663979
2443,96.0478213665066
2444,92.238172617824
2447,107.031501200767
2450,96.6466118675442
2454,90.6461544991888
2455,113.931162677068
2459,95.675413589603
2460,112.087053014853
2463,94.1914345200506
2465,93.0538885097038
2468,80.4050622247536
2469,93.3226391891208
2474,90.3313581154925
2478,94.391435616454
2480,92.5678629193702
2481,113.562470410385
2489,95.6361258467912
2490,108.807161680637
2492,92.3248356281772
2496,95.675413589603
2497,111.548202473498
2500,94.9557965849787
2505,95.7016054181266
2507,89.0766545797943
2508,113.23819640858
2509,96.7376396194183
2510,78.3264506321
2513,91.5614428431589
2515,95.6361258467912
2518,91.2390813348785
2519,114.695078894099
2520,91.2390813348785
2521,112.984080305475
2523,111.35360871196
2525,96.8160843555339
2529,111.874885924878
2530,93.2425241420574
2533,119.631364215628
2535,90.9471749888423
2538,106.944474725483
2544,116.077314399712
2553,111.525960833014
2556,95.4735321879036
2558,93.2125519917715
2559,116.782316621219
2560,95.1055145891802
2561,109.514205062379
2562,92.3593760246426
2563,110.773988404423
2564,91.6079568570051
2565,113.129293815882
2567,106.281472232177
2572,94.4904112517836
2575,95.9051407445344
2576,111.618573910345
2577,91.3023372426634
2578,95.2919862093185
2579,112.096375920779
2580,91.7425755091357
2582,115.248188219884
2583,93.7865275240228
2587,95.5791941393783
2589,109.720378156554
2590,94.6481852013467
2591,111.874885924878
2594,91.6048606201681
2597,98.6697041412673
2598,104.940529168138
2599,96.9082718564019
2600,106.077100894646
2602,117.192094586716
2603,94.4904112517836
2604,104.396870105866
2606,111.381360644118
2607,78.4684997041345
2608,93.4247341454984
2613,113.18427319005
2614,92.9230367107008
2615,112.511902725399
2617,114.115848404767
2620,90.9975792712122
2623,109.047273130855
2624,92.1901977785112
2627,113.18427319005
2629,78.4684997041345
2630,91.9215411048942
2632,94.8929517893752
2636,88.9221747171749
2639,93.4229320651388
2640,105.527841382874
2642,111.874885924878
2644,104.914337339594
2646,112.513354878716
2647,89.6990272045749
2649,97.2899916381297
2650,104.875177387915
2652,104.509880687404
2653,105.364972219875
2655,108.950174103325
2657,113.207869301474
2659,111.613925031416
2662,91.1589662878151
2663,113.508547191854
2664,96.6527225374682
2665,105.969388875506
2670,95.02529210718
2671,104.775184434114
2672,96.6224077030917
2675,104.509880687404
2677,110.041363958674
2679,112.137548833174
2683,113.161398974786
2684,93.816633148313
2685,95.393423804353
2688,105.527723244917
2689,95.7446605457748
2690,106.671142817432
2693,93.0774143123589
2694,113.327677246802
2697,103.498691121941
2699,96.2844088019906
2703,94.4241406871841
2705,104.665607106774
2709,79.019265045757
2710,94.4805997073231
2711,115.783015136536
2712,94.2055432753556
2713,96.3652464352899
2714,113.561406653172
2715,91.3496532774336
2717,91.242903372158
2718,116.879914511278
2720,108.805980111231
2721,96.5288019560427
2726,96.9908292050616
2728,95.5533576337899
2731,106.419163554626
2732,111.667657672067
2734,95.0474449688882
2736,104.820619922424
2737,95.7785692966995
2738,104.321042862516
2739,113.414130708641
2746,94.2510035311838
2749,105.310422808626
2751,119.127190070585
2752,106.553882408539
2753,96.0163485316902
2757,108.727046633574
2758,97.74892783849
2759,112.176548846123
2760,94.7464707254317
2762,112.689482435636
2764,95.3731513867641
2765,115.125620039015
2769,113.183220297001
2771,115.832550041096
2774,92.3063179026056
2776,92.5922949974438
2777,118.307369201741
2778,92.3102001524375
2779,112.711164028942
2782,90.006182652529
2784,90.4415328917301
2787,90.5286212231427
2789,96.8867595538559
2792,97.4993884214738
2798,98.1637326373332
2799,102.640486772809
2800,96.1899114389854
2801,81.462813054866
2802,92.9681869549604
2804,94.8756735786919
2807,107.242194234701
2808,97.8548912319014
2809,117.757747975021
2811,115.932640432286
2812,95.5922660019457
2814,91.4319529603692
2816,95.7436633923442
2817,113.65813620442
2818,111.293336003054
2820,111.313521228627
2821,78.825445843295
2822,97.5888478345712
2823,107.345709046407
2824,94.6324674940985
2826,87.6965028815115
2829,92.2902689984285
2834,94.4892007689703
2835,80.8571030622264
2838,100.001635154007
2839,111.840521915028
2840,90.6379529706654
2841,110.848617828223
2842,95.6214903710671
2846,111.563428553407
2848,95.4064749635933
2849,90.3692584949326
2850,113.561406653172
2851,95.3312739521145
2853,92.4248545329526
2854,111.874885924878
2858,112.170345487146
2861,94.0132354739619
2864,92.2709124096461
2865,113.508547191854
2866,109.57358078416
2867,91.2133430041956
2868,112.976667494404
2870,111.360833759719
2877,94.4486607945895
2878,113.18427319005
2880,111.304437209279
2882,77.781160445543
2883,97.4650359939622
2884,105.011412275999
2885,95.0040752511815
2887,95.5822026282672
2888,114.357838548888
2889,96.1704976301407
2890,105.178953592055
2891,94.3622793547327
2892,117.144716384991
2893,96.3879266763047
2898,114.413009976807
2899,94.6285325978404
2900,113.686454675992
2901,95.6777553617401
2909,96.2237460104652
2910,111.280359774295
2911,111.416708243017
2913,112.902295207364
2914,94.4577507523298
2918,91.2478013433697
2919,112.671335029723
2920,92.7324678832069
2921,113.18427319005
2922,95.5477691719781
2923,106.498688681722
2925,117.985832507211
2926,91.7425755091357
2927,111.914173667674
2929,110.854203263586
2933,92.9109694218513
2934,110.751791196587
2936,116.677756684543
2941,102.582603507237
2942,94.6719361524752
2943,112.696010647488
2945,109.156454820526
2950,92.1563002269594
2951,110.417976921157
2953,112.259206440587
2954,96.2852181452783
2955,107.433680648868
2956,97.217270633888
2960,99.5121135496125
2962,96.379946000474
2963,105.458131593577
2964,104.72057372135
2966,78.3988802015689
2967,92.5437107923023
2968,113.406244929176
2969,91.4143086633014
2971,91.6377722909714
2972,96.4475349586576
2974,94.2277699662907
2975,113.392939815386
2977,119.047075023524
2980,110.063103251597
2981,94.7611120498314
2983,96.5433877658937
2984,106.412239275022
2985,118.226045968296
2986,105.140203092486
2987,96.4475349586576
2989,93.6940573402339
2990,110.932731914264
2991,89.3696433521378
2992,80.2772846336793
2995,103.444767903409
2996,107.844360268172
3002,108.705488306105
3004,112.852178467925
3005,118.239141882561
3006,97.6466904795284
3010,97.6364412851086
3011,107.023507668293
3014,91.6886522906044
3015,92.3869938725692
3016,96.3432702351552
3017,118.406916790066
3018,91.6112927671418
3021,105.838935015048
3024,104.886605949574
3028,95.1479621047923
3030,92.2562769339076
3032,94.063769422786
3039,97.8586055079483
3040,107.928311906743
3041,96.8692652563712
3043,91.039561071042
3044,109.605828870497
3046,111.117266285859
3055,91.7152036028311
3056,113.120790901789
3058,91.3758409832577
3059,107.737446705634
3061,117.116984994989
3063,107.395139395165
3066,95.127492863918
3067,104.886605949574
3068,78.5398085007062
3069,96.4748787375118
3072,116.156429380489
3073,113.711134193757
3074,93.2731982545478
3077,91.3302697351731
3082,95.1736238813281
3084,103.444767903409
3085,110.489116257016
3088,104.860414121064
3091,91.6790925718705
3092,109.577721119525
3093,96.9406145244743
3094,106.365240336084
3096,112.916063089296
3097,91.5278418099428
3098,77.6879494842161
3102,115.839429470959
3106,92.5334386631664
3109,91.5631158311199
3111,90.5853348798936
3112,118.239141882561
3113,96.5141664803037
3115,93.3708109269666
3116,111.886639320545
3117,93.2200228768636
3121,112.218494886646
3122,92.5995463621628
3123,94.847950147919
3124,106.652077825984
3125,96.3432702351552
3126,105.28362735211
3127,117.038409509398
3129,95.7676200317709
3130,111.485982688862
3132,106.756970621887
3134,107.788259395224
3135,94.2629153668218
3137,77.5825284464117
3138,91.8665663926894
3140,104.693073654219
3144,111.611719555288
3145,94.7268128068024
3146,112.457979506866
3147,96.7790136031747
3148,109.028420536867
3149,105.475507616079
3150,111.550680554502
3151,92.9454778296619
3152,96.3282162581799
3155,95.6756246864562
3156,113.507483434636
3159,91.5714749777966
3161,94.4417554511081
3162,109.130572028141
3163,98.060177473983
3165,104.807673949165
3172,91.2082723051591
3173,110.245954279224
3176,94.7486250907579
3177,106.279892813782
3179,113.392939815386
3183,93.065756660329
3186,94.7431828337994
3187,105.089865294276
3189,111.39362477902
3190,97.0800469107379
3192,117.038409509398
3193,91.2082723051591
3194,112.335525885299
3197,95.5550629003142
3198,96.228954807288
3200,94.5862871528602
3201,119.024401217213
3202,96.228954807288
3204,95.5937589810711
3205,93.3350557263398
3206,112.459700831445
3208,106.40044760814
3210,106.056584322398
3211,91.9896120332494
3212,117.116984994989
3213,95.7901053637308
3214,110.261065423538
3216,105.125030373533
3219,92.4900249594203
3220,112.742322686212
3221,96.5141664803037
3226,106.540659510916
3227,97.0475812163066
3228,114.731204313201
3229,95.1561970805766
3232,80.2972157876902
3233,95.7541066494663
3234,95.5506998073974
3236,95.7549273034803
3238,112.085578958816
3239,111.77781051199
3240,89.0585243524067
3247,109.872250661004
3249,106.151544971145
3252,108.461593473518
3253,96.7674037118024
3254,105.144468354181
3255,93.2944799148534
3256,107.611727561644
3257,96.007558671214
3262,97.0371552099667
3263,104.455957468873
3264,97.217270633888
3266,112.89061687715
3267,96.5874348800944
3269,96.9395528335353
3272,118.226045968296
3274,95.5550629003142
3275,104.787450252994
3277,96.0467937213479
3279,99.6787534833374
3280,108.019027551005
3283,98.0454963830283
3285,95.5282794097379
3287,102.864697250638
3288,104.886605949574
3290,104.044195208482
3291,95.5720153947586
3298,110.384358966047
3299,97.0567598984312
3302,119.450389577478
3303,93.6677171690542
3304,105.92191838355
3307,95.043194790675
3309,89.1318440033573
3314,78.5005207579109
3316,115.070317996085
3317,95.5562452332967
3319,93.954374382656
3320,112.130047903411
3321,96.4296222646021
3322,110.302243791194
3324,92.0348346401786
3326,93.2323614756449
3329,111.108605695075
3330,91.5540336384737
3331,112.998106287773
3335,117.09079316646
3337,97.259474336284
3338,105.465646533098
3339,99.5215342860533
3340,110.226321076834
3341,91.1313046374542
3343,91.9692462770817
3346,89.7967288112243
3348,95.8869310550044
3351,104.832682731053
3352,118.132835006968
3355,92.3307586257972
3356,114.131056538294
3358,103.713466339984
3359,93.4186629911785
3360,110.865233745902
3371,112.377383560465
3372,95.8210919508736
3374,96.8808058724868
3377,111.517586194584
3378,90.2280456610657
3380,105.852202056438
3382,95.8588259646996
3386,95.9366071648221
3389,110.917046067697
3391,106.819043798894
3393,92.3604676715804
3394,108.556930232653
3395,95.4455209916374
3397,113.076426752986
3398,98.6614495947819
3399,78.3179087287954
3400,96.7009717329038
3404,105.882819288572
3407,109.532609381914
3409,107.439882137134
3419,96.0059664170689
3421,91.8740668930856
3425,96.6954066406037
3427,81.6842535643744
3428,118.172122749764
3429,109.893063824816
3431,90.1016318146702
3435,95.7690948841317
3436,113.074400344382
3439,94.8856206645848
3441,90.6975659684397
3442,118.172122749764
3443,96.9832319914028
3444,105.268830361245
3445,94.3432770719217
3446,109.926675789804
3449,92.2023537153764
3453,93.7012102684843
3457,90.3839603386084
3460,105.097298983527
3461,95.0378917163697
3462,93.4957452813194
3464,107.341216176656
3465,78.485885282176
3466,95.1092725519475
3467,107.645023785322
3468,97.9141905031172
3469,106.172062223062
3470,107.620348085927
3472,111.767039487814
3473,91.8743203693748
3475,90.6184963389795
3476,112.188504642244
3478,107.687829410873
3479,96.2263461445552
3483,95.9003972988689
3484,105.129289738747
3485,93.2672193394047
3487,92.0410704319982
3488,111.650042020474
3496,111.913598029222
3497,96.2601231941694
3499,97.5946685405017
3500,78.8932137481334
3501,95.7972943074697
3504,98.3879530268395
3508,107.494431420088
3511,90.3659171739586
3512,113.746310043705
3515,93.597599170554
3517,94.4218525575148
3518,108.194976336016
3526,112.528896043169
3528,116.498053841918
3529,92.3842194411277
3530,111.655252299911
3531,93.7372408120492
3532,116.583601676285
3533,94.9215233903931
3534,96.2218188378362
3535,77.8915621671
3536,92.2647276186219
3537,109.705146927647
3538,94.7591887561344
3539,110.679948895095
3540,108.703508123947
3545,109.713082559201
3546,91.8795308567798
3550,107.234034634235
3551,96.6296469085278
3553,97.7433076347528
3554,105.097298983527
3557,95.5311880904878
3558,111.865840768004
3559,92.2023537153764
3561,95.5732064490738
3562,113.076426752986
3563,94.9577902924964
3564,104.832682731053
3565,94.3432770719217
3567,91.7425932351052
3571,104.832682731053
3572,97.392254292957
3574,95.9027368936835
3576,96.5973688673008
3577,110.945277715305
3578,96.2902478909491
3579,96.5711770387686
3583,95.2345409376688
3585,94.418665203658
3586,106.726686311762
3587,109.562721283159
3593,96.088814117382
3594,113.024844179003
3595,97.8046822894158
3599,96.5241299547436
3600,104.744536116382
3601,111.767039487814
3602,92.2023537153764
3604,95.0992801998114
3609,118.944150657777
3610,111.247302831461
3612,111.208090594359
3614,119.190693005673
3615,96.7298081795712
3617,99.6641180076029
3618,110.89346845446
3619,112.153795822389
3620,110.896314103583
3621,96.6361245535788
3625,96.7394473988965
3626,106.398851245494
3630,105.375521224194
3631,94.5365894338848
3632,104.799355491876
3633,98.466528512432
3634,111.88491087633
3637,97.5012061313782
3639,89.2274924692606
3640,117.871230496611
3641,91.9172569449807
3644,114.17034428109
3645,96.3082752805241
3646,94.3504510424005
3647,91.5043858076338
3648,113.341043005454
3653,111.658061002595
3654,93.3037917941703
3655,114.102514386062
3659,104.91135524048
3660,98.1458383843366
3662,111.803634536998
3666,91.6301147718788
3668,95.5135218583123
3671,90.8360001935224
3673,92.4375865860479
3674,111.561458905751
3675,96.9622283416876
3681,88.7737722188521
3682,111.485990548479
3686,110.207142205006
3687,89.8943709510175
3692,76.0270793132262
3695,113.464419546698
3696,92.6952896994661
3699,116.047095376283
3705,106.423127069569
3707,80.2432925691584
3708,97.2473024761233
3709,112.952782963001
3710,95.2808494066665
3712,95.3239563321818
3715,111.235878515029
3716,95.8449583858686
3720,110.909635477429
3722,80.2432925691584
3726,95.8912498447596
3728,91.3559817292939
3729,114.33318201247
3731,105.438517881356
3735,114.493736877566
3736,91.3252642441454
3739,104.273893061399
3741,110.146336277306
3743,104.674487889728
3744,95.5962369090781
3745,113.838930789592
3746,96.2139654982666
3751,94.8433084475575
3753,94.4078437329505
3760,111.312655109777
3761,98.5042066337089
3762,110.632065615499
3763,93.4720034062294
3765,94.1957031799479
3768,110.564515562719
3769,96.9688994091823
3770,108.439917056661
3773,110.381017708256
3774,96.9884818454958
3776,97.5743752760513
3778,92.8901560970091
3779,112.554966174669
3780,94.51790647609
3781,112.07152322825
3782,92.7542830489308
3783,111.670749403545
3784,97.4571410185974
3786,95.7294801891645
3789,109.124114470819
3790,97.993594525107
3793,114.706602893509
3795,111.034821116624
3797,97.9732529443606
3798,118.010353094168
3800,112.912630688788
3804,96.9622900169682
3810,96.7198047277626
3815,110.662758657515
3816,96.9622900169682
3818,103.805257728059
3824,111.605269832219
3828,106.898035392486
3830,108.837320677804
3831,98.3370152935221
3832,78.1988836114758
3834,111.167544542627
3835,91.2611168877193
3836,114.262211319522
3838,95.3125865356186
3839,116.901292120863
3840,112.799423592165
3845,93.2559859264429
3846,111.344308938773
3847,94.2600829019158
3849,78.2648967297736
3853,112.50692959238
3855,107.332661764492
3856,95.4871966376712
3864,76.7115643444055
3865,95.670502239632
3866,111.089951183585
3867,92.1072871769356
3868,112.912630688788
3869,96.8040060167938
3871,90.0413005155606
3875,106.551962211021
3876,93.0763590229656
3878,97.2582270269273
3879,110.578672361782
3881,112.912630688788
3883,110.466864303526
3884,91.5364417768479
3886,109.920456766321
3890,96.4720874370714
3893,124.605931042581
3897,105.483828845657
3901,94.7539003693802
3902,110.065303703421
3913,110.898980695068
3914,92.0924172793653
3916,93.6263465483033
3917,109.908801219328
3924,105.982063089038
3925,96.6399678763829
3928,97.5769736268748
3929,109.501810364182
3932,97.3594042644752
3933,104.370105314081
3934,77.2400341794485
3935,91.4620641316657
3936,94.7477541838115
3937,110.805076753457
3938,90.3469261175031
3939,113.722979134204
3943,89.5353880586107
3944,111.066037646902
3945,109.899606267269
3946,92.8685924213006
3947,113.14266861489
3948,90.8671269348839
3949,111.330653899371
3950,95.1164469085448
3951,110.857548106875
3952,92.7947434404079
3953,111.504158573756
3961,112.356507175817
3962,92.9589630494364
3966,95.4160496827973
3967,104.188028278139
3968,98.5201126229964
3969,111.426363835321
3970,96.8543789567934
3971,107.944390184126
3973,90.5975503162982
3974,111.396133470698
3975,111.744106473587
3977,95.5540110293212
3979,110.708079177061
3985,94.8757798709862
3986,106.027907548878
3988,113.987595386673
3991,94.9697210187139
3992,104.312059020015
3993,98.5371333755496
3994,92.7341556330302
3995,111.923206765196
4005,112.063385695579
4007,96.1216955360617
4008,104.70463730444
4009,95.0921161567932
4010,120.98498947717
4011,78.4212369754043
4012,96.3473606079525
4013,105.916583517711
4015,112.615020154036
4016,111.713852716965
4018,112.638014755938
4025,94.8132337551383
4026,112.752558375194
4028,112.373460538417
4029,96.7269618269142
4031,91.3260411792584
4032,111.245603972822
4033,91.9538365239775
4034,105.155539084167
4037,94.5062026304367
4038,106.342683149058
4039,94.093543884029
4041,96.1810468540532
4042,109.565359780851
4043,95.7229831351025
4044,104.370105314081
4045,92.8418146451703
4046,114.815794565626
4047,99.9516321492255
4048,105.850195094679
4049,92.9474813097242
4051,95.0641355095432
4052,112.679328907338
4058,104.396297142614
4062,108.878216514783
4064,111.321771894555
4067,96.1347914503274
4068,77.7586916127326
4070,96.5078818450405
4072,118.906921951511
4074,109.843914859056
4075,91.2663535949112
4076,110.52229267455
4077,95.0225431459354
4078,112.023190665035
4080,104.370105314081
4082,113.532740050403
4085,93.6815629738124
4086,112.858657289987
4088,112.752558375194
4089,96.50101392366
4092,77.8110752697928
4094,93.6924429027616
4095,110.598059286293
4096,92.9456076564373
4097,102.750298844239
4102,92.3697361799462
4105,113.741152861805
4107,110.469097867077
4111,96.1293646704364
4112,105.738773456044
4113,96.1860106588734
4114,113.16508720608
4115,94.8847353727013
4116,112.531724427199
4117,95.2934215528906
4118,96.5293900839506
4119,109.894099751489
4120,97.1214127298422
4122,79.5479224360103
4125,94.0076688289828
4126,112.309751865122
4129,110.561068502631
4134,110.191958935925
4137,90.0123534298497
4141,106.816455147891
4142,98.876083215917
4144,94.7733543502959
4145,105.982063089038
4146,94.7336235608313
4150,94.5156427288011
4151,77.7097462368952
4154,96.1347914503274
4156,96.9496163990815
4157,110.667121314648
4159,111.713852716965
4160,96.7877188947456
4161,112.015733989352
4168,95.7532726907527
4171,106.171575897532
4172,108.300699258756
4173,96.7138659126495
4175,93.9587431367665
4176,104.370105314081
4177,94.7733543502959
4178,100.963515751018
4179,95.0616393981007
4181,109.402090607581
4183,96.7269618269142
4184,111.049745103083
4185,90.7850925785277
4186,110.697278209187
4188,111.706275141601
4190,110.547194941965
4192,90.784579680518
4193,124.092890685794
4194,111.105325389696
4195,92.2811788770783
4196,77.6596514261589
4202,96.462345574449
4203,108.594942435773
4208,98.4257682366934
4209,113.718418959263
4210,95.7134884918167
4211,110.408464208956
4212,117.471120908851
4214,106.986827569984
4215,96.0240885437276
4216,109.971236592785
4217,92.1131516406638
4219,96.1135246422048
4222,110.805076753457
4224,81.1070157107712
4231,106.600347337275
4232,96.7269618269142
4234,93.0249008809261
4236,94.7733543502959
4237,104.131680890159
4240,91.8477162455945
4242,104.390680455093
4243,95.2413000056383
4247,93.9421892576578
4248,110.577778318937
4249,88.9988189484081
4254,105.161825353776
4263,95.0415543975694
4265,111.954741395714
4267,117.174169312557
4268,109.485886775535
4271,111.54955832839
4272,95.2094134953801
4273,108.817678585486
4274,92.9760121277826
4276,94.6984851808194
4278,95.3237289232393
4280,95.6233057978331
4281,110.738257047488
4283,93.060264509816
4284,110.588383962355
4285,96.7688350983609
4286,110.702065554911
4287,91.4697719098009
4288,113.083985472431
4289,91.671146392152
4290,79.6883218854472
4293,91.1317807041519
4296,107.162558122878
4297,93.8956629741693
4299,94.5325161703111
4303,112.398785013932
4310,95.2563977777203
4312,107.068928517871
4318,104.185604108675
4320,111.09841542899
4322,93.656539544297
4323,109.62693590432
4325,106.461638866767
4326,110.958481191148
4328,104.556900419808
4330,107.028566648532
4332,109.568998324478
4333,94.1395971162743
4335,92.8189288113197
4336,115.786359022149
4338,105.92027540213
4341,96.029906023126
4342,106.664505314602
4344,104.45022036115
4347,97.7501377147936
4348,104.159412280139
4351,103.626734071426
4352,96.4573986138635
4353,112.870292044689
4355,107.163880957893
4356,93.7354861923417
4359,106.23083442751
4360,95.8423859249701
4361,95.8236664174401
4364,95.0222051749924
4365,104.537214610486
4368,93.2972972734401
4372,95.5645937829762
4374,89.6379204416755
4376,94.9779076204293
4377,106.270000571176
4380,94.3650771213916
4383,105.710119420149
4384,95.3776521417744
4385,105.445970675136
4389,92.3934906777325
4391,95.5385896570704
4392,109.395860056732
4393,95.4075607010319
4395,91.9675865436474
4396,112.429348130604
4398,113.809076771192
4399,90.0912219442087
4401,93.2103574546595
4406,93.8369049349229
4408,107.020819634476
4412,104.159412280139
4415,93.2371430639801
4418,110.382902926434
4419,89.6379204416755
4420,77.7993834046252
4422,111.119960865433
4423,89.6379204416755
4425,95.0226305254442
4428,112.185888395106
4431,109.400005508503
4434,95.7510757615889
4436,97.0633403835609
4437,108.929640990797
4439,116.415983154077
4440,94.7915956476759
4441,111.314556016456
4444,98.4954603559318
4445,107.040750788492
4446,95.2606179407098
4447,113.465170869442
4452,104.794820369763
4456,110.834763296353
4457,93.6961984495439
4458,112.849248030896
4460,93.7354861923417
4461,116.376695411281
4462,92.3802714056048
4465,104.498155284455
4466,107.994019581462
4468,97.6969869800552
4469,106.250510218314
4472,108.049297621593
4475,96.8035867871973
4478,93.2441708130679
4479,110.229493615003
4480,90.4710705059344
4483,78.6463382304541
4484,94.584795076072
4485,105.372169215729
4486,96.9083021753253
4488,94.6289178693434
4489,107.781149656536
4490,95.2679014054359
4491,105.674483033047
4492,96.6517399873475
4493,106.017616669724
4494,95.0958244332187
4495,105.288475472093
4498,76.8815266054992
4499,96.0079823728676
4500,105.024438950622
4503,110.90621323907
4505,104.524347112988
4506,95.2522739666585
4507,96.8505333991104
4508,104.185604108675
4510,111.331865509582
4511,92.903174304854
4513,97.0406103015597
4516,77.51440004857
4519,92.7719989916644
4521,93.8552123729791
4531,95.8544022962616
4532,78.1785640793564
4533,93.6151213192705
4534,111.250683418864
4536,104.185604108675
4537,93.6961984495439
4539,98.7822987014648
4542,104.598739076078
4545,92.0677426406922
4549,92.9774197087022
4551,94.7267760940412
4554,104.832505447233
4556,114.401132427625
4559,114.744078237682
4561,110.07113012151
4562,107.96419582368
4566,112.058242280945
4569,94.8710135538398
4570,112.429348130604
4573,95.5485483869275
4574,106.799397558084
4575,94.0775185978488
4577,94.8665462913158
4578,110.858999971978
4580,109.20690000297
4582,93.640375261342
4583,111.119960865433
4585,94.4017097581227
4587,104.185604108675
4595,91.5867555298218
4596,113.932385052995
4601,95.1332687480723
4602,111.401976567114
4603,95.6038815257689
4605,114.179972193398
4606,92.0150260639591
4607,112.034525623242
4608,94.8569581822649
4610,97.3269928501444
4613,103.778510334752
4617,90.2029959852738
4618,110.780424486366
4619,90.864694727582
4620,95.2694259316264
4622,90.4279614547218
4625,93.7354861923417
4626,104.185604108675
4627,95.0954321117579
4629,91.2022195260206
4631,93.7880573878862
4633,104.185604108675
4634,110.560385142859
4635,93.5108470926337
4639,94.073002241281
4640,110.488210287839
4642,104.585240196917
4644,111.539153845292
4646,104.185604108675
4647,97.7351016650227
4648,78.3757192391966
4649,94.8448217253058
4650,111.105631664813
4655,92.9774197087022
4660,95.425611548573
4661,113.004674001737
4662,90.8647399038877
4663,112.514889670949
4665,96.5812581064455
4666,110.073207567794
4667,105.145437635099
4668,96.2241553392838
4670,90.4658794539345
4671,117.250087470042
4672,93.1593517383689
4673,105.020401066749
4675,104.706131321321
4676,93.0201814600742
4677,111.097335927659
4680,96.9424412940371
4682,95.5092606441333
4683,112.764023571583
4685,104.159412280139
4686,90.506423835129
4688,111.023670781165
4690,110.72512139674
4692,111.341390027432
4693,92.1732407593298
4697,92.8156500531066
4700,108.523321324442
4702,107.616385401206
4707,116.228021669952
4708,93.5737165367439
4710,79.720359044936
4716,90.5625377799288
4717,96.5221494503886
4718,93.600393843839
4720,95.5547471035627
4721,79.92405523822
4723,93.5711469128161
4726,110.161441128699
4727,92.3687564814874
4729,92.0340326323784
4731,94.7843167961371
4732,115.048723669907
4735,91.8456155697029
4736,106.906189631865
4737,95.4421118701767
4738,111.793951408184
4739,110.816442528352
4744,106.037537631934
4747,94.9075919243472
4749,109.280978706575
4750,93.5737165367439
4752,110.95819120984
4755,98.3729784431235
4756,104.024600618833
4757,111.274573175806
4758,94.563623902108
4759,103.975910018031
4763,96.5090535361281
4764,103.182190759209
4765,94.2280450234143
4766,95.0475865976862
4767,112.85245882277
4769,111.114914547892
4770,92.256768038701
4771,77.2655203930163
4772,104.02383445309
4774,110.997478952635
4776,112.669671842133
4777,108.324320583233
4778,95.7684549221574
4780,97.0360566390909
4784,96.8566783674326
4786,93.426335698845
4787,77.6770370041994
4788,95.9672060170725
4789,110.95819120984
4791,106.592163027651
4792,95.2575234584768
4795,110.58178776947
4796,91.0635848381695
4803,90.2373106686903
4805,96.1459130664866
4807,95.3668475773205
4809,91.7430990195229
4816,93.6413987753907
4817,80.1993503741744
4818,93.1295909186184
4820,93.208760014512
4821,104.94267173908
4823,111.539777152476
4824,92.0472478424106
4825,111.113349970196
4829,105.141744668671
4830,96.3544991373837
4831,112.614790607898
4833,106.195976841359
4836,93.5697265681308
4837,111.023670781165
4838,89.9817962848311
4840,95.2148492909909
4841,76.4408195855239
4842,89.2098944563826
4843,112.169585568672
4844,90.0483625168619
4849,105.586348381843
4851,105.70165303636
4852,94.6985536897275
4858,89.4901134495237
4860,96.3544991373837
4863,111.59443297663
4864,95.0506029204224
4865,108.767627525595
4867,112.038788279751
4868,97.4192296799747
4869,109.492998264926
4873,89.4106712147545
4875,97.4111569648333
4876,112.079483421318
4877,90.7602702818257
4878,111.015579209498
4880,77.6377492614039
4886,113.83088174204
4888,105.378854112559
4889,97.020045360295
4890,113.525851238522
4893,95.5400637293768
4895,98.0788974259272
4896,105.478104580806
4899,95.5270665691631
4901,91.3326162235926
4902,106.354547418939
4903,93.6929050669644
4904,110.95819120984
4910,90.4715718927458
4912,90.629159424367
4915,97.5077404516977
4916,107.828339274261
4917,94.7187334256937
4920,104.02383445309
4927,104.488950112644
4928,93.5989250686124
4931,105.04914755081
4934,90.8248759811642
4936,95.1898289761309
4939,112.277842662604
4942,114.180173540856
4943,96.315211394585
4944,104.227263632028
4945,96.5370498174767
4947,110.12663496697
4948,90.8389022764534
4951,95.3867787313271
4952,110.95819120984
4953,90.8010905476179
4956,93.6929050669644
4957,113.245999264254
4958,90.066989852825
4960,93.9985320639742
4968,92.9830135740437
4969,103.465771901505
4971,101.510743201349
4973,112.306866217805
4975,113.400783745909
4976,96.2386461011781
4978,90.5594634761742
4979,110.201530567933
4982,96.5869567127287
4983,109.745193438423
4984,93.6678724392689
4985,116.214925755686
4986,92.4698887198032
4987,112.248660738754
4988,98.3336907003323
4994,94.3720955097669
4995,96.2759236517944
5002,77.6210607387573
5004,92.4885230374317
5005,103.835893493449
5006,94.6655079132235
5007,104.986721077321
5009,111.165245281131
5011,112.306866217805
5014,95.1185426534914
5015,106.311521885932
5018,91.7422374132719
5019,109.926174465361
5020,90.029426707178
5021,109.20094627903
5022,96.4005178122612
5023,94.3454169369414
5025,96.3283073088513
5032,95.015417649827
5034,91.8671224581017
5036,92.015587949905
5038,97.6051607605595
5039,113.334386144432
5046,96.5564463975583
5049,109.926174465361
5051,93.7646687535855
5052,90.2704564606261
5053,110.997478952635
5054,96.3414032231177
5055,95.3415222584225
5057,93.5344287939479
5059,89.2677169145375
5062,97.9929346542382
5063,113.216699253475
5065,117.247517103839
5069,93.5037132905538
5071,97.2089364697597
5074,114.598461638156
5075,90.8258807940991
5076,114.232491510498
5077,77.6508451756693
5079,106.65078561323
5080,94.8056443373538
5081,112.333058046335
5083,104.288450671364
5088,105.437541063687
5089,95.1764205277076
5093,110.016759273294
5094,106.337475930872
5095,95.1641771225037
5099,107.26249644973
5101,108.727681176654
5103,104.037440441272
5104,93.8033311105248
5105,110.34624697364
5107,92.2864175481687
5108,111.972752112738
5109,95.8649482654229
5111,91.1454757207092
5112,110.804886175566
5113,95.9321163964626
5114,108.262932742983
5115,96.7337956762141
5118,96.5231216738177
5122,96.3953264416527
5123,77.9873983920253
5125,94.809882470907
5127,105.244057256844
5128,96.4352356691834
5129,114.487480990124
5132,94.7194311317573
5134,110.345113034017
5135,95.0268791486334
5137,111.823644431203
5142,94.8414482863228
5143,102.897209158658
5144,94.8770165564447
5148,90.5902227621489
5149,94.9259142199742
5150,105.928139870506
5154,77.7309602227314
5155,90.0544434122224
5159,92.8140921408898
5164,95.6315395968286
5165,110.915366159669
5166,89.4241227269488
5167,110.884683458025
5169,89.8974790046999
5171,93.0629031990433
5172,110.876826582602
5176,95.1284887148256
5184,107.93854605017
5185,92.1161017150392
5186,111.280826057871
5188,105.773141222271
5189,112.398022892319
5190,90.1730638591585
5191,110.915366159669
5193,110.507145284107
5196,95.3555831689332
5199,78.4661862261923
5200,106.275345699671
5203,89.4671992556291
5204,109.472148299572
5205,90.275530455258
5207,94.3070692432105
5208,106.100294661503
5212,96.7729426243141
5214,96.1107734015463
5218,91.0972169932119
5220,93.6008382079075
5222,92.5661401008783
5224,96.0902930696968
5225,104.077757671611
5227,108.817813313247
5229,105.303193503047
5232,92.5045197867944
5233,118.176265196441
5234,103.073022452274
5237,112.32150169354
5239,116.91655381455
5240,94.6551962685069
5241,109.9800976839
5244,91.2901494015944
5248,109.092217585802
5251,91.9047463301526
5253,93.6523766800916
5255,96.3674994987991
5256,104.597530735122
5257,94.8589268613828
5259,95.877110060916
5260,110.946861026096
5266,94.1213559548329
5268,93.9096860451809
5275,112.386981264868
5276,112.548863442518
5277,91.5033683064962
5279,93.7238907667403
5280,105.958806807177
5281,94.7036918464584
5283,93.9128738711437
5284,79.4883675097139
5285,96.3298468703205
5286,105.024946039006
5287,92.5785863317722
5289,93.5843620438684
5290,110.507145284107
5292,106.543905787023
5293,94.8333757273555
5294,103.83045079338
5297,91.2222372627106
5299,106.207347949102
5302,90.6673930493823
5305,77.5368562032282
5306,93.736663931503
5308,93.7335166084128
5309,91.3700252533959
5310,112.236064307295
5312,109.644239277162
5316,114.280703809382
5317,98.9421476402462
5319,78.0073295460355
5320,96.3822305273827
5323,94.2024261745948
5329,112.228613353633
5331,111.148077913616
5334,110.807236077473
5336,109.987999872083
5338,105.075141400488
5341,95.593086164421
5345,96.7138376210594
5348,93.8567470914579
5349,109.453434843478
5355,104.760319711709
5356,96.594726615337
5360,106.921376465567
5362,111.539932906608
5364,111.473888731555
5366,104.290512565768
5367,92.6480201649117
5368,96.4860352299442
5370,93.5983844056232
5371,77.6915369675624
5373,104.746613608634
5375,112.32150169354
5376,89.7318155080985
5378,111.738504984024
5379,93.6666439376629
5383,94.3013702242324
5384,105.609725356684
5389,110.7478930443
5391,77.2114956559354
5393,108.635262766515
5395,114.131993406
5397,107.783196152925
5398,93.6305496798988
5399,116.045946912841
5401,117.371074707779
5402,88.687285134886
5403,112.475796074611
5404,95.4256438722658
5407,77.6057282076262
5408,96.3721607352003
5413,115.097233690941
5414,93.7841368876122
5417,95.3561577341594
5418,106.543905787023
5420,112.281732735351
5421,91.6332011786915
5424,96.0260370726312
5425,109.472148299572
5426,88.9253043679549
5429,113.136137817907
5431,94.5221419175909
5437,104.249994826551
5440,90.0045343712578
5444,108.546316403574
5446,106.070775693047
5447,94.5719360800631
5451,94.709824002403
5452,120.402669078792
5455,103.073022452274
5456,95.0240842224566
5458,90.5236641522727
5459,111.544370436681
5460,96.9550280436778
5462,94.961393846164
5463,110.020308133044
5464,90.2760768653015
5465,110.891670140175
5466,97.2366678597613
5467,105.726508874541
5468,91.5887027515032
5469,112.407043233879
5472,95.7528858242011
5474,89.5761962784179
5475,114.794367096375
5476,96.5944631227945
5479,105.567809755544
5480,112.625405688805
5482,109.586591812987
5485,94.9090118923738
5486,117.404101776055
5488,78.8992832958016
5495,105.303193503047
5496,93.6797398519183
5497,111.158672969772
5499,113.42209794454
5503,90.8737726845476
5504,95.7578362279367
5507,96.6599426941175
5509,92.4234200074528
5511,92.5979154732935
5512,109.895601000955
5516,112.424348290415
5517,96.9500270631883
5518,106.387322514502
5521,95.3736977660223
5522,105.177987997377
5527,97.0356104613705
5528,94.3297286440295
5529,112.262445065254
5532,89.2730576023441
5533,110.506898492272
5535,105.434077734214
5536,98.7640284675662
5540,96.3099045092173
5547,93.2744877128787
5548,110.738557584874
5550,76.7566192934404
5551,93.8222253999288
5554,107.029476014609
5555,93.1828702524281
5559,109.022504808167
5560,96.5249507022389
5561,111.263292935869
5562,89.7560866193811
5563,112.165511497071
5565,77.3054238096756
5566,94.6876938133953
5567,104.354094185242
5568,92.6571200121606
5572,94.6848877199591
5574,95.6775181624851
5576,92.9744169900843
5579,110.99076915067
5580,78.8855104433513
5581,95.062629747035
5583,92.3198042277436
5584,113.620301445309
5586,112.30693204121
5587,94.1762070634848
5589,103.317910603564
5591,104.753468514996
5592,92.093098060017
5593,111.723869245951
5594,94.9362223242291
5595,80.5045259097408
5596,110.915824344101
5597,110.174571212754
5598,116.225484596503
5599,96.4292033804256
5602,110.489529077568
5603,94.9362223242291
5605,94.2901192237798
5607,93.4767500286356
5608,111.777187614756
5609,90.6822828097705
5610,94.6690424985745
5612,95.208911135672
5613,112.236253236724
5614,94.9898825915078
5616,93.9913545242947
5621,96.009605527541
5623,95.3178589360861
5628,112.405430554159
5629,94.6969643138049
5631,99.2405082507909
5633,95.5779426051259
5638,106.488770219475
5639,94.3536373171069
5640,108.453700007532
5645,95.8155363808124
5646,77.2788939712545
5649,90.8264979741452
5653,111.580069442308
5655,111.018212756549
5656,94.4880656682882
5658,95.1695021312255
5662,117.26852394899
5663,94.3950000946493
5667,94.9481014710933
5670,96.4292033804256
5671,103.265526946497
5672,95.1228947625783
5673,106.744715835086
5674,94.4827923066905
5675,106.6038395064
5676,94.5969492189665
5679,111.15424876804
5683,109.89132504444
5687,94.9624141527594
5688,77.5953823956659
5690,91.5024088027589
5691,109.976591492523
5692,93.1741613719988
5693,120.345442457079
5694,94.9660507475521
5697,111.461169744766
5698,93.618759683172
5699,111.18044059657
5704,93.4523815042544
5707,111.15424876804
5709,106.800654599576
5710,95.9244266761659
5714,95.0842408151522
5718,93.5484108861793
5721,95.3073110487402
5723,94.7034499065571
5724,117.139670666775
5725,93.4658700996851
5726,110.92724516298
5729,96.4719812099923
5730,106.880276097946
5731,93.38690193293
5733,76.9480854439967
5736,94.4667432278454
5741,104.414364401569
5745,110.082944280765
5747,94.664547282004
5748,105.566048690639
5750,111.760883837086
5751,93.6512737915366
5752,94.8375776420478
5754,93.782937657131
5755,93.7872122459719
5757,95.564877685494
5758,118.089553004218
5760,107.721424268946
5762,105.474927786413
5766,109.785503720113
5768,96.2073649575259
5769,117.975072285677
5770,93.826315304846
5771,109.015707866637
5772,93.3904340243977
5773,117.374069681182
5774,93.8022957949881
5776,93.6132012758911
5777,111.18044059657
5778,91.2129203590377
5780,113.226539707368
5782,95.2950709291014
5783,77.0428907605937
5784,96.2466527003192
5786,96.6116832730295
5788,96.3175580035034
5789,112.600675952025
5790,96.4684911232248
5791,105.141423847468
5793,102.343909001538
5794,93.286954344327
5796,116.146367061418
5797,94.7515282748972
5801,93.4087232647498
5803,94.9624141527594
5804,109.451537749895
5805,95.2351029641988
5806,77.5299028243401
5808,110.473941332424
5813,93.1877652517861
5815,96.8981610138202
5816,99.9407535242063
5822,94.0924790833884
5823,112.489827861741
5825,104.891629409142
5827,111.584338744745
5829,103.252431032242
5830,96.0134199012888
5831,110.601963624084
5832,92.9048999680963
5833,110.473941332424
5837,112.444718296955
5838,95.5575819868267
5839,96.6895897614514
5842,108.453700007532
5844,108.134925608817
5845,108.905359567638
5846,107.755320338736
5848,76.4115486340537
5850,112.604254313207
5851,94.9041334301012
5853,96.2073649575259
5854,106.64065017414
5858,108.453700007532
5860,110.782242808312
5864,104.957286040642
5866,96.4716412182191
5867,111.15424876804
5868,89.8905156946763
5869,109.015929099985
5870,93.2216859525847
5871,113.013598662799
5874,110.753596504067
5876,111.783790226819
5877,92.7121490410992
5878,93.9836160739883
5879,109.818328028314
5880,88.6207081633721
5884,91.8098592192381
5886,109.310378643976
5890,91.5339612301769
5896,96.5089279964743
5897,105.37319613346
5898,96.2073649575259
5901,108.03948516712
5903,110.88963251557
5906,94.6690424985745
5908,112.463636033211
5909,92.8612384567837
5910,112.236253236724
5911,93.2270529945811
5912,111.312119075959
5914,110.753596504067
5919,112.199019780742
5924,96.1257057068112
5926,94.7765647649937
5929,106.045500409912
5930,89.8942048410096
5932,96.0380666294204
5933,114.608878915949
5934,91.1106856092103
5935,109.067901916901
5936,90.8924398528986
5937,109.158911305618
5938,92.4501228434994
5939,109.357540445785
5942,111.274908085047
5943,94.6936473238438
5944,102.369742803051
5946,111.114961025244
5951,93.1857177247925
5953,105.590870443615
5954,93.1207461189882
5957,106.359591124467
5961,96.1127351867414
5962,105.646967425052
5964,77.5040436294753
5965,95.3303940246788
5968,110.699673285524
5969,91.9167246355132
5974,94.5889274515122
5975,112.329486730109
5978,76.2790499299292
5981,106.333399295964
5982,96.9198016160512
5983,110.219306203068
5989,109.880327292041
5991,93.8060682840554
5992,105.980572785083
5995,97.8811718642695
5996,104.496574690466
5997,109.465858320926
5998,90.7532368213735
5999,77.1553524291029
6001,109.925790773823
6002,91.8784285743869
6003,114.091448795922
6004,93.1207461189882
6006,111.218908114632
6007,88.2420243922853
6011,93.3262830448939
6012,106.036469646488
6014,93.1731297760507
6015,103.130855097896
6016,93.6361831891379
6017,107.90902247259
6018,96.1534417389915
6024,94.5430260004307
6025,104.40296318553
6026,117.204152726125
6028,110.164896113217
6029,76.9844576662069
6030,92.5261305079752
6036,110.699673285524
6040,95.1811797456687
6041,109.999671473114
6042,91.8608954573709
6044,93.7462002577842
6045,105.087500628923
6047,104.85944852636
6048,90.66111305334
6049,112.320765758086
6051,116.013868357295
6052,109.135658921059
6053,92.4748676795456
6054,109.665949516563
6058,104.20327261674
6059,92.330524919743
6062,96.166537653257
6063,116.079347928621
6064,105.772483226986
6065,95.1811797456687
6067,94.7212424711229
6068,110.982134369857
6070,106.580986777996
6071,96.45597210294
6072,109.256455425445
6080,109.256455425445
6081,96.7990724683308
6084,105.673159253582
6087,93.7987685987649
6089,108.257917793193
6092,109.256455425445
6094,96.2906144560191
6095,110.861901125569
6097,105.491796878793
6100,94.0450497717636
6104,106.165964656257
6105,93.5887797101532
6106,111.890852293564
6107,78.2546123362372
6108,88.8983930413406
6109,109.256455425445
6110,90.775943038801
6114,109.256455425445
6116,94.2702783519466
6117,106.436832600955
6118,95.4788322654077
6123,76.9956672694352
6125,110.835709297039
6128,123.757795021809
6130,104.053026239965
6132,112.489037811275
6137,76.9172272962168
6139,114.633531183006
6140,95.2099509981384
6141,105.756413131262
6142,105.772461703388
6144,110.905867427642
6145,98.1277961069758
6146,91.1490032609131
6149,91.8285643209863
6156,93.7047330110721
6159,117.361710234428
6160,95.2099509981384
6162,103.502793885611
6164,111.279092914251
6165,91.2418083939225
6168,76.9565150390119
6169,110.420018113891
6170,94.5682086158628
6171,113.47492734752
6172,89.2148773123915
6173,111.907401517481
6176,96.418057991461
6177,89.4689846630776
6178,95.3471896440132
6180,95.7036852177372
6181,105.743113933036
6182,94.6917306240379
6185,93.6242857077052
6186,110.65417581037
6188,109.032480576679
6189,96.6020605100803
6192,105.673159253582
6193,95.0031197118713
6194,105.087500628923
6195,93.1394691890638
6196,114.814888318855
6197,93.6116519295558
6201,108.79444428371
6202,94.4968495145348
6203,113.483214918545
6204,94.0653896826499
6207,117.838950609936
6209,96.0555057586348
6210,88.0228424762255
6211,108.618027854667
6213,109.721804041406
6216,89.2410691409216
6217,93.9737425516284
6219,95.1549879171384
6222,77.8702121574998
6223,91.8907540850172
6235,96.4442498199899
6240,95.4689813490363
6242,96.5180074366792
6247,94.4288690881602
6251,109.714314739559
6254,111.334495176446
6255,97.8965148346783
6260,103.777594984901
6261,93.4377460285135
6262,104.020801146641
6264,110.437946363617
6269,105.931202789215
6271,103.772643155905
6275,109.716510701524
6276,90.3802662889242
6278,97.0219197193335
6279,110.029021062249
6281,110.9309886121
6284,93.6175017460696
6286,93.7010573189116
6287,78.3089747714087
6288,95.4503375854065
6292,95.3403987660436
6293,93.6042755406811
6295,94.9987905012236
6298,111.522812109897
6300,109.391006303568
6304,106.007730185513
6308,111.444236624306
6310,96.5988821006173
6312,109.256455425445
6320,93.3329787143934
6324,92.0080452760203
6325,113.47357455734
6330,93.2121823861887
6336,110.022202680074
6340,103.137304343819
6341,96.4442498199899
6342,107.716361277965
6344,93.6929434176875
6345,109.680854342624
6347,110.684634366358
6348,97.329851571081
6349,111.522812109897
6351,77.5152673486041
6353,112.654039297486
6354,92.4469839491978
6357,94.5671211354227
6358,104.920628073364
6360,106.427172087071
6363,112.351507335628
6364,92.5796349936682
6368,116.912421439854
6370,91.2456793922991
6371,93.0734303144848
6377,92.5701282653641
6379,94.5992226298655
6381,96.71921470137
6382,77.407420911541
6383,110.576787929287
6388,110.51256422896
6390,108.234230646807
6392,103.090661376655
6393,96.266646058004
6395,96.1985476763683
6398,104.181183088491
6401,77.3681331687461
6402,92.5293884970902
6403,111.783675500129
6405,93.1849330923357
6406,93.1861190570385
6407,111.018670940975
6409,105.016218341766
6411,91.2432605931037
6413,95.6444309207934
6416,104.409604717882
6417,92.19082848478
6418,91.0519666221988
6419,117.054370636333
6420,109.994705437775
6426,108.748478621927
6429,93.8235169184661
6430,95.2305205904423
6431,111.783675500129
6432,95.9476593215723
6434,97.0555636723502
6437,110.856443100941
6438,95.7863209713809
6439,105.538302793988
6440,96.2825281746144
6441,95.8204968935551
6442,109.148608988381
6443,93.5447061081809
6445,94.5027776264205
6448,112.301866377616
6450,111.275510926724
6453,96.5773446088344
6455,93.9657165673948
6457,94.5072728429784
6458,111.859664979174
6461,94.869760663282
6464,109.029190154076
6467,93.5585885553146
6469,96.622320467571
6470,77.2770207532473
6471,95.1021045610747
6473,104.979869639209
6474,94.0576676120129
6479,95.3627142467657
6481,93.5758804256547
6484,110.631643688315
6495,97.3919198331244
6496,112.027316408214
6505,108.059130073415
6506,100.832124888921
6508,96.3102115543983
6509,95.4740529955465
6510,105.244270444323
6512,106.18626511609
6513,93.2906118486617
6514,112.643301298294
6515,95.6140900012638
6519,96.6336910068447
6521,94.4591316888019
6523,76.5948496378447
6525,108.291930351938
6526,95.498402098578
6528,94.6492987409803
6529,113.740192464505
6531,104.954709209209
6533,105.604600559315
6534,96.0355902735791
6535,110.953191369648
6536,93.2629077488547
6537,112.637155331993
6540,91.7046619899247
6541,110.576787929287
6547,96.2161020201073
6548,111.73292178459
6551,110.464077486537
6553,108.331366713345
6555,105.56531281652
6556,96.3364033829312
6561,76.7601239598712
6564,90.5054250039529
6565,110.953191369648
6568,94.463218858888
6569,109.148608988381
6573,105.220587644674
6574,94.8828565775474
6577,110.106371093255
6579,112.243660898564
6581,91.7826863698882
6582,111.80986732866
6585,100.368137628994
6586,95.9291188956844
6589,105.830151044506
6590,76.7524071461474
6593,92.4461427923941
6594,110.009020070093
6595,90.434950526956
6599,88.2578048493591
6600,96.2246909474126
6601,111.417098988446
6602,92.4717885566012
6603,112.301866377616
6604,94.4603621787997
6607,105.134769924332
6608,103.549652763175
6609,93.5998894986857
6611,90.6407918618223
6613,109.148608988381
6614,92.8945893760977
6616,93.3655900467956
6617,109.148608988381
6618,93.0128996819273
6619,104.952432008579
6621,105.56531281652
6627,109.574652359865
6629,109.905105920688
6631,76.210355723288
6634,96.1258295643526
6636,93.2644200201288
6638,94.463218858888
6639,109.148608988381
6641,112.328058206146
6642,95.3896592970882
6651,113.862597160954
6654,80.8276767498341
6657,97.0756331445646
6663,90.2315806196832
6665,108.20741975578
6666,90.8476525021887
6668,93.0259955961884
6669,105.578408730785
6670,94.3741886616334
6671,91.4043995889502
6673,93.3540213867533
6675,90.108588958142
6676,77.407420911541
6677,95.1564503814627
6679,93.2753602907438
6680,112.413453957994
6681,105.244270444323
6685,104.97965419187
6688,95.2407149936565
6689,89.9419969434767
6690,111.386288854545
6692,109.148608988381
6693,94.9163046099208
6694,93.9835299320149
6698,117.691816430076
6699,94.5179089751316
6700,107.95504841886
6701,94.5072728429784
6702,109.12614205272
6704,89.9419969434767
6707,108.173673692669
6712,112.037250125147
6713,94.6462041655032
6715,91.4974239914408
6721,110.776666028146
6722,95.0471414800757
6723,109.860465899184
6724,96.0481172042767
6725,117.067466550599
6731,109.331233394241
6735,79.1102054689236
6736,91.5367117342554
6737,107.918939706038
6738,95.0501958430526
6739,106.094066606864
6741,104.953447411566
6743,94.2103176523103
6745,93.0259955961884
6747,111.5479045636
6749,95.0945358539864
6750,106.683057610353
6751,117.862303777296
6752,95.3120698543926
6753,109.148608988381
6755,109.810640555549
6756,94.3801427403585
6757,104.646808032146
6759,112.0603209155
6761,94.6281426482551
6763,95.1021045610747
6764,117.813302630082
6765,93.1893639347123
6766,109.895705725786
6768,111.111061677568
6771,89.9419969434767
6773,94.0967123841509
6774,93.6102514995265
6778,105.881804460826
6779,92.9054903298295
6781,88.2935933997422
6784,86.2166710625539
6786,93.1691862117782
6787,109.740702379205
6790,88.7496440379789
6793,108.985322680227
6795,109.202532206913
6798,110.662622042983
6806,106.697417922269
6807,93.7585151379249
6810,93.3927877305521
6815,110.979508732949
6816,90.8740456844581
6817,102.689033046501
6818,96.3999324289472
6819,104.805525307848
6820,94.4596239920484
6822,91.6349394905781
6823,115.959945138763
6824,110.366094895366
6825,92.2972771203
6828,76.3230587857739
6829,115.863180986907
6831,108.53737231404
6832,92.7586576124006
6833,109.19419983796
6834,95.1560277796074
6836,93.5626612607904
6837,112.091173343678
6838,92.549626172869
6840,106.199145956816
6843,92.7670625786426
6845,91.9964792701959
6846,91.8245404829347
6847,109.220391666484
6851,107.812887131749
6852,93.4037102002582
6853,112.003620999437
6858,96.5505375289333
6861,109.718383779421
6863,111.471022206977
6864,77.3361121149672
6865,92.6416364554802
6866,112.051885600883
6867,93.3421440168637
6868,107.876159234581
6869,96.479657044978
6870,110.366094895366
6874,111.044988304275
6875,96.4172319564246
6877,111.178080810365
6878,87.5658197625267
6880,92.8627372805504
6883,109.355754301338
6884,94.4902822262936
6886,95.7928953367506
6890,95.6183982657271
6893,109.544164832813
6894,90.1534995725365
6899,111.178080810365
6900,91.3969216236742
6904,95.3406100928175
6905,112.154848114165
6906,88.980965589615
6910,91.2382448910599
6912,106.915145936728
6913,123.288188450191
6920,93.3054858801718
6922,90.0871632490411
6923,109.202532206913
6926,94.0274683400305
6927,108.832020366977
6928,88.9991296506968
6931,106.473593701432
6933,92.3707238851975
6936,88.2212638036293
6937,112.117365172208
6939,117.842158411371
6941,94.2118572137819
6942,107.755073317777
6943,92.1005012016664
6944,103.31486616439
6945,94.9833264676495
6946,109.81740123644
6947,116.05161653862
6949,103.78194975043
6951,103.337630790202
6953,110.63473728892
6954,94.2988712390861
6955,110.215292976458
6963,108.541936546068
6964,93.8255797209188
6966,93.0893709458277
6968,92.0702360961963
6970,105.689190714513
6972,111.880516125594
6976,111.540358277854
6978,112.051885600883
6981,102.702801395922
6985,105.381274831391
6986,95.0592142897949
6987,112.831619753101
6989,110.921625569634
6991,115.959945138763
6993,118.873007555711
6994,94.1956903784353
6995,111.086409410509
6996,98.1713144282589
6997,110.645750066992
6998,78.2729138549875
7001,108.303512122129
7003,109.581791962939
7006,94.1540583005569
7008,98.8393663680509
7010,91.9702874416648
7011,93.3429699307648
7012,116.988717487004
7013,94.0888911025219
7014,110.499572166635
7017,105.629681641254
7018,93.0930147289849
7019,91.8307493343037
7023,96.1823712746102
7024,103.658041879349
7025,93.1386261090329
7026,110.888923408518
7027,95.6165748432944
7028,112.450254788398
7030,109.202532206913
7031,89.6489039243859
7033,113.578927699808
7036,93.4872668532663
7037,94.9873575101881
7039,93.422048330224
7044,94.508686005992
7045,112.091173343678
7046,94.043416405415
7049,104.235879901125
7050,98.4884165287042
7051,105.689190714513
7054,110.067948317266
7055,94.6318391330939
7057,94.3030252254437
7060,111.178080810365
7061,96.0995185204619
7063,88.4653798466659
7064,110.311206065288
7067,92.8627372805504
7071,94.7189070537569
7074,104.556079959203
7075,94.1571868892078
7078,112.091173343678
7079,89.9959201620082
7080,112.505391513821
7081,94.3452663647681
7082,110.781786078505
7083,90.6765203320952
7085,114.147757779023
7092,104.805525307848
7094,95.3226357613763
7100,89.5113213364599
7101,112.249218973148
7102,112.051885600883
7104,113.486792582667
7105,96.0995185204619
7106,93.3115079989149
7107,104.477122722174
7108,76.8932128435271
7109,90.5330633440747
7110,112.117365172208
7112,93.7093642594031
7113,105.298193662877
7114,94.3883570565395
7116,110.742498335712
7117,96.377230687195
7118,106.154859986732
7120,94.1494493343046
7121,105.023194384939
7123,105.795355414919
7124,96.3896033823546
7127,103.777135842773
7131,105.491425468372
7132,96.3999324289472
7133,91.8524242132764
7134,109.306173843296
7135,89.9759890079976
7136,109.811283307042
7137,94.5211117266628
7141,91.7394957142982
7144,105.070141560312
7147,109.970391982048
7148,93.6327499619245
7150,91.4760678731266
7151,94.1494493343046
7152,103.779296212805
7154,92.8144787748671
7156,96.8296023195505
7157,104.600786522416
7159,116.02542471009
7161,96.5963192169288
7163,94.1997995669879
7164,103.181941521501
7167,77.7770011961725
7169,105.928539661469
7170,95.3661292432168
7173,96.3838400794082
7174,106.123304828453
7177,108.46993909957
7178,106.044888594226
7179,95.8112521391375
7180,78.9754219916894
7181,109.710481591236
7182,93.5884435723966
7184,93.344535067192
7185,110.910366319486
7186,92.2491654781742
7187,115.104156838384
7188,93.6186499464689
7189,112.456118686378
7191,104.359234708108
7193,108.171203995895
7197,97.2997012187909
7199,90.2420870128934
7200,110.781786078505
7201,89.9759890079976
7204,91.553597973913
7207,107.22548002538
7209,111.471022206977
7210,95.1008158204064
7211,103.074238986639
7213,92.5154298266448
7214,110.645750066992
7216,110.645750066992
7217,95.4902152981298
7220,111.351025662978
7224,109.202532206913
7225,93.6617594299782
7226,110.645750066992
7227,93.6334167702198
7234,110.910366319486
7236,77.5614204005045
7239,103.973017276122
7240,94.7424253882901
7242,111.856562733295
7244,111.596494414828
7245,91.5747372436094
7247,110.085359289151
7248,89.8971834496089
7249,115.783540007432
7250,109.603271964692
7251,91.7469444673059
7252,110.64438804227
7253,77.1204192408407
7256,93.2754375487195
7260,94.9403349054801
7261,113.629045192108
7264,99.0174534872036
7269,116.973824376262
7270,93.8602290341634
7273,111.227004188708
7279,88.0603764321479
7281,109.759404969572
7284,95.0987253901578
7285,110.590775287927
7286,115.822827750227
7287,91.8464935696492
7289,93.128842193065
7292,95.2997282629137
7293,112.14009672202
7296,91.701709040989
7297,112.84451127817
7298,92.3264267002074
7299,112.89126499558
7301,104.148383112227
7304,112.097420368734
7306,112.32489132334
7308,93.128842193065
7309,104.762742577473
7312,93.7442832395773
7313,77.1204192408407
7314,94.522292414178
7316,90.3846191105978
7319,107.953487431703
7321,95.4940583163874
7323,94.3712949243079
7324,105.459625389931
7325,94.6284774993858
7328,104.775737701852
7330,77.6660756361671
7334,94.6284774993858
7337,110.694673445362
7338,96.695620524835
7339,91.1636674566152
7341,90.6889696224644
7342,110.694673445362
7344,111.89793791177
7345,110.426993495454
7347,107.955511121768
7349,109.759404969572
7350,95.5623151164582
7353,109.656507895969
7355,109.645944038455
7356,93.3194533607183
7357,113.886415702231
7358,93.9832393707519
7360,92.427435675117
7363,104.388663166161
7364,94.2734099077785
7366,93.6702285410745
7368,94.467597931369
7369,109.807454954732
7370,93.8395799670178
7373,95.3227526106571
7374,109.854842343353
7375,95.3235365287242
7377,95.0762056932458
7379,91.8881363199944
7380,117.743339886716
7382,111.771719312687
7383,95.507935767622
7385,95.0897271804647
7386,106.584692898665
7391,94.7494010781253
7394,105.422300070452
7396,109.603271964692
7397,91.8564728045639
7399,94.5832521097684
7400,102.811221960493
7403,77.1858988121665
7405,111.028375484612
7408,111.290292042513
7414,111.216041590055
7416,102.744587915397
7417,92.8485347810102
7419,93.5349170728285
7420,115.132975343445
7421,95.0136899532344
7422,94.2341221649779
7423,102.146679581381
7425,76.6168293190822
7430,95.834284584157
7432,94.341007970824
7433,96.2530325751097
7434,108.411222716923
7436,109.726207991424
7437,93.2605982989291
7438,106.530768401478
7440,105.331728752694
7441,93.7895716970207
7442,112.022967008115
7445,112.137217079843
7446,104.893600930235
7448,112.06500565263
7450,103.683093688127
7451,93.1681299358591
7454,112.330726194807
7455,90.9920115682369
7457,107.421383517302
7459,104.854313187442
7462,93.058375032322
7464,93.1681299358591
7465,108.071841928715
7466,92.2846858811388
7467,110.013124602212
7469,110.915659051375
7472,93.9799975043081
7473,108.986839332786
7479,94.6284774993858
7480,103.830873128755
7484,108.35089074613
7491,93.5364521913991
7494,103.547778856955
7495,95.244961043123
7501,88.3107476370367
7503,93.15878163701
7504,105.082500788758
7505,94.2985925232043
7508,109.360374081954
7509,92.3842643048533
7510,77.1204192408407
7511,116.816131355585
7515,96.6955791753774
7516,107.2412902076
7517,93.6803992589084
7518,107.519919958417
7519,93.4578767058048
7521,97.819461999107
7522,104.222117319558
7524,107.005408536039
7526,103.515699768282
7527,94.8260316660232
7528,104.689674567065
7529,94.1836250901223
7534,110.060142274241
7537,111.192716665739
7538,95.1217186897628
7540,94.1839882858425
7541,111.590981079892
7545,110.415018273697
7551,123.046303747533
7553,94.7191554850768
7554,104.263412243637
7555,95.6804963224245
7561,110.345394633277
7562,94.6807625114409
7564,94.3589425734532
7565,107.378966170278
7566,93.1735035906204
7567,119.11109315552
7569,103.331301985625
7570,95.2879276880807
7571,113.70082750536
7572,86.4310846949312
7574,107.317727888826
7578,110.832532396412
7579,92.8588588985988
7586,96.426737860642
7587,81.6946526151677
7590,95.1473264204405
7593,108.986839332786
7594,96.8165019087896
7595,93.1735035906204
7600,92.9684026392099
7601,76.7163816342907
7602,94.1617538505504
7603,110.952589888742
7604,93.1947820934785
7606,93.119632244852
7608,122.967728261942
7613,76.765474431946
7615,110.072397297517
7616,109.746139145435
7617,109.231478407609
7618,94.8260316660232
7619,105.473497840394
7622,96.7399071725963
7623,104.038829035274
7624,95.9199813269772
7625,103.835059715012
7626,94.6798677422863
7627,104.174164883482
7628,77.5263174164529
7631,104.417349301304
7632,104.817884536272
7633,95.4607377066741
7634,109.452323879464
7635,91.7095491302172
7636,110.430057192876
7637,110.430057192876
7639,93.214113595787
7640,77.2325553416801
7644,110.566093204379
7645,94.3193113588537
7648,104.168941980126
7649,95.8423282239933
7650,110.150402021218
7652,108.071841928715
7653,85.8098915045615
7655,92.1208719889745
7659,109.506468665668
7662,96.3212398042945
7664,94.0223561681854
7666,95.6957050893962
7668,95.4186703954763
7669,107.618625975488
7670,93.9513515711605
7672,94.6630270524931
7673,109.518015242497
7678,92.9049892769812
7679,77.8538339783779
7680,105.44283090372
7683,91.8304045777634
7685,115.822827750227
7688,92.8773218548613
7690,109.719947316904
7692,93.1539727105427
7693,98.0381176513654
7695,110.694673445362
7696,95.0458243619793
7698,92.4880331476979
7699,109.0593478004
7702,90.5166681833945
7703,110.430057192876
7704,95.7924180588794
7707,116.816131355585
7713,75.7324022114277
7715,104.40081543684
7717,106.412337593803
7718,96.306826323354
7719,109.62857931996
7721,117.12708192485
7722,92.9148349035281
7725,104.575359045513
7727,103.861342815177
7730,77.9904706826694
7733,87.065558915042
7735,103.310818280224
7740,110.376133974347
7741,111.761762078666
7742,90.1484997323481
7744,113.282496732974
7747,95.3176359211946
7750,76.457732249309
7752,109.36770928701
7754,113.882058302969
7756,109.774145048497
7757,94.0003717962517
7758,104.09706633354
7760,105.388907685187
7761,94.199233067438
7763,106.639044362877
7765,94.3492257711808
7767,110.376133974347
7768,94.525255710833
7771,96.1151484449379
7773,91.5473104532251
7774,115.54368823578
7776,104.530313789042
7779,93.8669053530352
7783,90.7912599361139
7786,111.083460317378
7787,92.8621633482193
7789,93.9475903721299
7791,94.1689896143831
7793,94.8154295551637
7794,109.924596187441
7795,91.4732211013654
7799,77.1057837651053
7800,108.576588831861
7802,97.8831183098165
7805,109.563642906753
7807,104.556631854963
7808,97.5664020994338
7811,103.512333657761
7817,109.692215926903
7818,104.763961317748
7819,92.8495904648605
7822,93.7123879440122
7823,111.118805054889
7825,109.1613362918
7828,91.5330973857103
7832,94.8864116869476
7833,77.3009772330493
7834,112.529356592827
7835,91.5133215339005
7837,94.87143849186
7840,92.2762482497997
7842,92.973744712189
7843,108.211781520839
7844,95.0301025035835
7846,94.199233067438
7850,94.3374575756728
7853,112.112365332018
7855,123.16303395157
7858,93.7986974360368
7863,108.222441055859
7865,111.821557251018
7866,88.123115394821
7868,93.0031309654282
7869,107.991374733458
7871,77.5073851035142
7872,106.127096222504
7874,104.352454763173
7877,111.981724412984
7878,94.2653881403221
7879,109.045895078042
7881,91.8905098292204
7883,95.5295700579962
7885,104.051001208063
7886,94.6652322665495
7889,96.1592750324964
7890,107.484887840779
7891,96.0795232967994
7893,93.377518007719
7894,102.700878582147
7896,110.096478802695
7898,103.014915684571
7901,95.6125778200268
7902,107.901587903236
7904,108.424146802768
7905,95.1765877950598
7906,114.481880873099
7909,92.8103027220598
7910,105.053637462923
7913,91.5156917866815
7918,111.801626097008
7919,89.7063729153389
7923,89.2043637142697
7925,93.9346168149706
7927,93.1113917748612
7930,94.8344856770631
7932,97.127398303332
7933,91.0077169408941
7935,94.0878465368932
7939,106.621917113343
7942,87.9860890008645
7943,113.370826632346
7945,103.322269480809
7946,94.4136747128404
7948,96.2589857101963
7949,108.932916114255
7950,90.8859896547455
7951,110.376133974347
7955,103.101315802628
7959,94.219486689242
7960,110.376133974347
7961,93.5792955868922
7962,104.4504717468
7964,107.167525898963
7965,94.6048827770477
7966,110.512169985849
7967,106.335514270073
7968,95.1756261350232
7971,105.145746473993
7974,89.7063729153389
7976,110.93410736584
7978,108.814915973501
7982,110.376133974347
7983,92.7972068077946
7984,104.535909215167
7986,94.834494717084
7989,108.932916114255
7991,107.901587903236
7992,111.34131120915
7993,91.4426195778793
7994,111.782269508223
7995,94.8864116869476
7997,95.5390462046916
7998,104.535909215167
7999,109.692215926903
8002,95.7100816427019
8007,93.4485557009966
8009,91.9101396794335
8011,92.8387427428679
8013,95.828158741356
8015,102.112781166053
8017,111.740358175421
8019,115.768904531696
8023,94.3426911463071
8024,110.640750226842
8026,110.248384612405
8027,91.3235558871708
8029,93.9301834743321
8030,114.430546246896
8031,91.4080037745167
8033,91.0032696661111
8035,93.1668861522388
8036,105.715914141964
8039,105.041527970894
8042,92.2037120254154
8044,90.1839221043724
8046,80.680405867683
8048,112.870611541315
8049,95.1765877950598
8050,104.987459055268
8053,93.3207216729844
8054,92.1737373079627
8059,93.2259526561669
8061,96.0949518870409
8062,112.49630676497
8064,111.225464627236
8066,107.225197779167
8067,93.9784579428374
8068,95.0646224569309
8070,95.3950749282515
8071,110.776786238316
8072,93.8295691846344
8076,92.7774611036054
8080,90.2533052515791
8081,114.243963636875
8084,95.0228386774861
8087,112.748467586318
8089,91.4601600297926
8090,117.637033011124
8091,103.803141738782
8094,114.559104582698
8100,89.620769384099
8101,94.8220260686844
8110,93.8290930239862
8111,107.901587903236
8112,93.0701739265413
8115,108.722164416854
8116,86.1658642814619
8118,111.225464627236
8121,116.838677762206
8125,106.134216123792
8127,109.186802684969
8128,94.4796179025564
8129,107.875396074705
8131,95.6578035647539
8138,94.8506839330857
8139,106.207666774928
8140,93.2521444846964
8141,91.5473104532251
8142,111.847334069873
8143,111.194010769955
8145,110.248384612405
8146,92.7939396317222
8148,111.201406114319
8153,110.638663904634
8154,88.7116295557834
8155,109.846765894149
8161,93.5511072678013
8162,112.343239893339
8163,92.3303410863212
8166,108.397004097986
8168,111.288243089564
8170,93.6833768538753
8172,108.33297365149
8173,90.1377586635929
8176,106.366893768048
8179,91.4250049836789
8181,93.8155823728134
8182,116.180359125939
8184,109.690751657868
8190,105.820293433442
8191,95.3937115132995
8194,112.905307730987
8196,117.138520261703
8198,110.279061478824
8199,112.478271508947
8201,114.281596313125
8202,94.9346567486105
8207,96.114732895937
8208,109.385246193595
8211,112.026075478072
8214,107.719270771199
8217,92.4772775257792
8218,111.993666261831
8222,96.5490605770933
8229,107.779139973063
8231,95.9833879251891
8233,98.1590699135297
8236,95.3505636433897
8238,112.150600345718
8240,106.124974792202
8243,104.267047335156
8246,114.448077383821
8250,93.4785551646431
8254,94.4246850224172
8256,78.7277699848331
8257,110.87054747777
8258,92.4604480617969
8260,94.33324875522
8261,115.578763123454
8263,113.140893764622
8264,96.3406028979648
8267,110.630791981569
8268,93.3024204700009
8271,95.1174793392007
8272,109.385246193595
8275,97.000536515525
8276,96.4211097375324
8277,109.451762333433
8278,117.26565873632
8279,94.0595069293739
8280,111.098098560669
8281,96.4396986379043
8282,109.625518443368
8287,111.103520231588
8288,91.2162230342279
8289,112.235307750261
8294,94.6609262298908
8296,93.030968743584
8299,112.435687661608
8302,106.310375586535
8308,113.504041585203
8314,106.703387482624
8315,96.1531613387398
8316,109.240644336257
8317,95.2882409621112
8319,111.952017860561
8320,93.232928284332
8321,118.387815623891
8323,94.6539962801581
8325,96.3045899661236
8326,111.671974613986
8328,109.411438022125
8330,111.123107911597
8331,93.6442996840566
8332,116.850736357888
8334,96.4861542011844
8338,93.7223279768234
8339,97.4493749864265
8341,92.0133318367919
8345,112.24734861441
8346,94.8940467434496
8347,105.651253131435
8349,97.6893774709749
8351,95.0609573866969
8352,112.686736614468
8353,109.411438022125
8355,111.353786464107
8358,111.202066045792
8359,111.293761334165
8360,94.7513963327351
8361,115.944774639529
8363,106.737373852698
8364,97.0776779938985
8365,97.8374986834943
8366,106.538427689109
8370,110.637311413902
8372,94.9135599551428
8376,95.7879340818735
8377,120.869071483031
8379,112.993319950419
8380,90.7719239398258
8381,112.634489456327
8386,90.4437385351935
8388,107.239446710084
8389,100.16961027872
8391,114.851038494301
8394,94.4246850224172
8396,106.531446935777
8398,108.329246955591
8400,111.12208301683
8401,93.6243685300456
8404,92.0133318367919
8407,95.6900490653359
8408,111.870945174039
8409,109.509776633622
8410,107.797048067658
8411,95.1565789941795
8413,94.9894670793301
8414,110.950418667578
8416,95.4475665725704
