ID,y
1,80.31648419541546
2,97.6148922804802
3,79.38295197271194
4,80.48277665709165
5,122.56635949210298
8,94.26783779194326
10,113.91786371191165
11,95.3136978985967
12,118.11096914830279
14,95.27329084553972
15,117.54110385792237
16,105.25481708393502
17,101.89799231427222
19,95.2247880768899
20,105.1958503875563
21,103.54328260418163
22,117.8902944214162
23,101.46729951427307
26,96.69557649354726
28,94.28438878537878
29,96.46698085978173
33,96.33647616678098
35,94.76574719214207
41,96.88957658302562
42,94.44680425152188
43,117.331410644633
45,103.79114740290217
46,104.10835366237987
51,93.99660082689971
53,80.21238299554736
55,112.48653016919343
56,94.45179184611288
57,104.14761827105971
58,95.3841493925897
59,104.34013664733214
63,112.1909596259654
64,94.9863070414078
65,104.62649007468141
69,94.88584002382498
71,94.99040655549845
72,104.26992379630423
73,94.3753668709501
76,104.24992601413305
77,104.05188651292434
78,116.05510341423016
82,94.33586072148847
83,104.59022527331678
84,94.280099844629
85,104.02635730524173
87,112.35023798651571
88,96.28428326582855
89,112.72309980627509
91,94.83932001017362
93,94.62682803889513
94,104.28911358577875
95,96.31920072497587
96,111.53215787177504
97,94.30601910513954
98,113.05526724079786
99,94.14534581224856
101,104.16594162803378
103,112.72308615787213
104,94.15997041082088
105,111.9785544839792
110,94.6803316684711
111,112.43757878603083
113,112.73436028352461
114,93.57755594961375
115,114.73925950640646
117,112.72307250946918
120,94.3315976030853
121,112.46447028228877
122,93.93351673485643
123,112.83588251708724
126,112.35523536635523
132,112.19909354397649
135,104.72591375411997
137,104.25524321858259
138,94.62476297726309
140,94.43803045130062
142,113.54981341229242
144,112.34972465434609
148,94.01386705920908
149,114.94419457239692
155,94.53316480815926
156,112.36400281167201
157,94.56065268962075
162,112.2925247943877
163,94.7031562520466
167,94.41020691737845
172,116.0738309658916
179,113.03385648792855
180,94.12162699265483
181,111.8661375581762
182,94.92392088670454
183,112.72300816699811
185,112.72300621722627
187,112.13487713122396
188,94.10873711990851
189,94.02569450309122
191,94.30883856684866
192,113.13764126955516
193,94.75306944876237
194,112.05331207948342
195,93.75968180606495
196,112.43779346711389
198,94.57041427574765
199,112.39174714646003
201,104.26292358399596
204,94.40118789260453
205,104.84373313553374
206,94.25775564340631
210,94.31855885714694
211,104.16583439058198
216,112.52219321988366
219,115.69336317211156
220,94.07940535872152
221,111.9930745759228
226,111.86609368830958
227,94.19443121753739
228,112.36983777125258
230,112.40319153437133
231,93.69981699825757
235,116.5301243073352
236,94.17397507025962
238,113.1862571605769
242,104.37013718945047
243,94.62158149548173
244,80.11724217738879
245,112.24312131508381
247,118.1754375345528
248,93.99416965606576
249,94.23957120013534
250,111.75336124563722
251,94.17396044697071
253,116.53010675938853
254,93.92405299873286
256,94.17404379755064
257,93.5769855891237
258,112.33678401026845
259,94.19486481829347
262,80.89237474117752
266,94.53175225322366
267,114.95683588351397
272,103.75426338047993
273,112.71268177980389
275,101.43676237400925
276,112.94994539567347
279,94.61649946341922
280,104.51803462459807
283,94.3815366288965
285,112.51645731261812
288,112.71266715651501
289,94.77713009508645
290,104.32131612823062
291,94.59266075450978
292,111.52670251190713
293,112.36529594907756
296,108.36984002462728
297,112.04085204709247
298,115.86445925182659
299,94.33547369516847
304,93.7721487856866
305,88.14847606419653
306,94.30678466507078
307,111.82592988368245
311,109.6201810060264
313,111.83661281610517
314,93.96472021358517
316,94.61238017135196
324,95.44115376125211
327,94.5106220254986
329,93.85978615670251
330,112.0492122098413
337,103.81234796585204
338,94.86663226885565
339,104.8261745146728
340,94.87699103685725
343,93.77265979767475
345,115.63174741656309
346,94.36086429276875
347,115.4484418526009
349,112.0796494174441
350,93.76535230475801
352,112.45756936342516
353,94.109412469143
354,78.6595612805296
357,94.07132234823231
358,112.68139469086742
362,114.38681223907764
364,116.25286847924923
365,110.01341680209478
366,94.3711913990729
367,112.23413555068316
368,94.57144796377227
370,79.15435962873818
373,94.80224260128665
377,94.02943235534218
378,112.34571998074657
382,104.18611298956725
384,112.36968568904823
390,94.66417375374508
392,111.93629776300767
393,112.3268836411491
395,94.67601731315088
396,104.63028092007693
399,78.84425208016432
406,111.83652215171409
408,111.83652020194225
409,93.96999869317224
410,79.85468851694586
412,111.92302914150784
413,93.2468197448004
419,94.51206876086184
420,112.80443452870179
421,93.3017893627052
430,103.14509232240303
434,94.04354495047312
436,94.73603926430278
437,94.3866926313722
438,93.47789707853138
439,112.85022289063483
440,94.28352170613803
443,112.83358691101299
446,94.43045483886294
448,94.48412453458016
452,94.64444903338583
453,103.98466232348116
457,104.10045987678004
458,94.23625531785933
459,114.76333191972117
460,104.0721964004781
462,104.66458136607869
464,104.34862837269623
465,115.69312335017392
467,117.80452886909245
471,111.86676273920708
472,78.36394119722254
473,94.1923066230568
475,94.46189235703295
480,94.66867515510279
488,112.76362726966198
490,111.82575147955811
491,103.94163106363615
492,79.12406451911232
493,94.07434070368788
497,93.52157523929091
498,112.35526943730662
499,94.42301301654754
500,109.86792508520847
501,94.22701234795986
502,114.7540616193059
506,80.15474237808596
510,112.14000200137085
511,93.70768095434477
512,93.76491933705083
516,107.70567290510499
518,93.9180125477939
519,114.96189264146
521,93.69332765989978
522,112.85744473220674
526,112.30005872985618
529,95.29303841020709
532,111.84444069792346
533,94.33871363452042
536,112.93447128324303
537,100.56182736024039
539,94.34423477869873
540,104.11112369949927
541,94.26332426083283
543,94.06161190568068
546,112.24519914424707
547,94.17036072351027
548,79.41218611682777
551,94.11774119155422
552,104.13517927559096
556,103.63077179119745
557,94.68555690520466
558,112.23394934747142
559,94.61843644180198
560,104.78383163729117
562,104.85534036248885
566,94.47395958866042
570,112.35519924552
571,94.3865619966582
572,104.5623381896529
573,94.1975799284757
575,115.69301611272215
576,111.35768632545665
577,93.5530796140514
579,93.674926346354
580,111.70140379109435
581,112.1516978331469
589,111.8256549658515
591,103.30932848535505
593,94.59209931015172
594,103.29237834296822
595,94.53179894354616
598,94.06817297201337
602,111.62579030258837
604,112.45557656082431
606,112.63646335648073
608,94.31913662902272
609,104.1759673210423
610,94.01451900043307
616,112.12577665418542
617,94.19958560207868
618,104.00603375052893
620,104.29576097962132
622,112.50092339276048
623,93.43726263097267
624,122.48557542803908
626,111.92317596294333
628,112.05128680614024
629,94.16228184967079
630,112.36228949504027
637,94.61256755539586
638,104.40729429406704
643,94.58749540547888
645,94.66851429892512
646,114.88894595655486
648,95.04232549039014
652,94.46935151751381
653,94.37973767124672
654,112.35511735510227
656,112.12945317388511
657,94.68048450412488
659,94.47991370768901
660,104.66512076054047
663,93.9005415066294
664,112.65055590946568
666,103.72099764274418
668,111.6787349933204
669,94.14437730109614
671,94.85619924721308
675,93.72021211211003
677,94.45893790679699
678,111.58058981447815
679,104.34820008722568
682,94.54527659844024
685,104.07030688704938
687,94.29031205444088
688,94.20844681506333
693,112.12156645613322
696,95.1216819703265
698,94.17178141659215
701,95.96695546365771
704,104.15405112674725
705,116.06866757579402
709,112.67115718120061
710,93.9313374053952
711,104.09193348968688
712,94.78503159258514
714,111.94839687464207
715,94.2200665890166
716,111.8465577666671
717,93.92791223445957
720,115.67244323570827
721,94.29795353014026
724,107.90643919679147
725,94.31791630516241
726,112.75138657981955
728,112.70670689567271
731,94.30970830764818
734,104.96651013315318
738,94.24970725257779
745,112.12646723911587
746,93.9634445706779
751,79.97073780470083
754,94.10377920012584
756,94.26126349613506
758,94.44332465490115
759,113.56186158386618
761,115.96116821899861
766,94.31468277516228
767,111.66022112121536
768,93.45353972954473
769,112.56094548980289
770,97.1308906363385
771,79.2286356655876
772,104.76330774156054
773,94.09896244998427
774,112.29803167982638
776,112.35668451521079
777,94.55354839419056
780,116.4170874173779
782,104.12229372192954
787,103.48346298498379
788,94.3439920321033
792,93.62403330005597
793,111.97848198975544
798,94.54207993927682
800,93.87562308828345
806,111.87224212166038
809,112.57292279075259
811,113.87325958609793
812,93.25623519913998
814,115.73152518041567
816,104.24719234004573
817,94.61659037777619
818,107.333486695776
820,112.3726633487457
823,94.2402024630122
829,93.45685578161095
830,113.07771060257951
831,93.36819662756739
834,112.06977036684665
839,94.52486579070677
841,79.31781160111157
844,104.23693359638497
845,93.96235661366637
848,93.88952311082915
850,95.7681163727921
851,104.26971562645292
852,96.17608544857117
854,93.81588968060149
855,94.52379788333954
856,103.75937619064729
859,103.89280407242526
861,112.30621712842276
864,93.96742689698615
865,112.28816971081264
866,94.39997309217935
867,94.02478938980883
869,94.5979965164519
871,93.77530457296024
872,111.87576359461897
882,103.62024933810602
883,94.05114860852856
885,94.6820169750045
888,95.07751896215072
893,111.94856569281535
901,111.68606241735819
903,104.10849625633804
904,94.41028908618529
905,104.56033124915709
910,94.74608340776817
911,112.29153520541556
914,112.68977141649998
918,113.06358496080392
921,93.64938541583629
928,94.25527496571272
929,104.49395177399214
932,94.63507244418372
933,104.53066138282293
934,94.74606001050597
935,112.31377438139555
937,79.47331189039326
939,94.46297019053952
940,103.65728076963563
941,94.80080214815271
942,103.46420578132293
943,94.23246328487247
944,104.2926763344656
947,111.91746904262772
949,112.4612979644379
951,112.31789391505666
952,94.91446508538186
953,104.140117128741
954,80.06208763684523
957,112.52836780206923
959,93.45907889995627
960,115.87694398055791
963,115.85415213920967
965,111.91745149468105
967,104.159768907695
971,94.24875568966087
972,78.82610713179017
973,94.2351653615369
974,112.54968301611788
975,95.58597018952815
978,117.09793807663635
980,112.39421299443904
981,94.55394085581841
984,112.85908336247348
986,94.75069376468002
988,93.46698950024663
989,112.24228008716494
990,103.86082855970344
992,111.77970844394991
996,94.60548513351884
999,113.0340260145752
1000,94.52614746191435
1001,112.34732515122914
1002,93.4515220262482
1003,112.51698567704324
1004,93.56215392657401
1008,112.02035299499641
1009,94.44712468267372
1010,104.80820352635814
1012,116.02916837193902
1013,93.79201089656573
1014,112.87938645232148
1015,94.45686584954322
1016,116.16738629789234
1019,95.42087409599563
1020,113.16034068601377
1021,94.79188126232498
1022,104.25914479216476
1024,94.79187833766721
1025,79.77420752936507
1027,94.6628067789093
1028,104.99979828306832
1029,95.6710539592624
1030,94.44886743907628
1033,112.5839272556608
1036,94.52035220632305
1037,112.25442506510146
1038,94.21156536053067
1042,94.59783376654701
1043,104.08814975883627
1044,94.24017011869145
1045,112.10576614296718
1047,114.95261616970723
1050,93.97681282894621
1051,112.05861826484303
1054,94.29573287959784
1056,94.59509698742087
1057,94.12410672495957
1059,94.94262767932614
1062,104.11144410182152
1063,104.3290280251185
1064,94.59508918833347
1066,94.13701451592766
1070,104.43673731068449
1076,112.24892439806601
1077,102.71390378738778
1078,112.11729062168698
1080,112.4466744047723
1082,111.95221893146078
1083,94.66602057082108
1089,113.00788523067834
1091,95.19836903394068
1093,94.38496324782548
1097,94.25892448056499
1099,93.75131645113743
1101,94.93123045650955
1103,95.89667456672737
1104,112.22254517254916
1106,112.10046528088276
1109,94.45325680869348
1110,112.33385218944454
1111,94.49712758318532
1112,112.33644592965067
1114,94.06622034591496
1116,94.3023096319285
1117,112.84351180811416
1120,94.47900250972853
1124,112.6014929599869
1125,93.83379471471318
1126,112.66042045357443
1134,112.15723119696747
1137,93.9598663901055
1138,112.36318280279488
1144,111.75346626011995
1145,94.53158319085753
1146,94.16570659384683
1148,95.9254621787943
1150,94.61292254293593
1152,104.35166934226217
1153,94.83126248172076
1154,103.86449240469736
1155,94.36906302094135
1157,94.40546121221666
1162,94.60422465377113
1165,112.54924504288661
1166,93.83350696394669
1167,104.29740980577591
1168,94.98608915038304
1169,103.92003634265168
1171,116.51802712172625
1172,95.08524879323167
1173,103.920032443108
1174,94.46506474582586
1176,94.8886964317739
1177,104.20955643663069
1178,94.16965831942667
1182,112.59431056211105
1186,94.90120984706527
1187,113.06060978655631
1188,94.57015297463425
1189,116.4477861011438
1191,104.79186272942431
1192,94.8058860810215
1197,112.34344144663464
1198,93.91823130740542
1200,78.9941044696757
1201,94.62363064802696
1203,94.90627875243206
1209,115.9138640994986
1214,104.44970659270993
1218,112.20772791752933
1222,94.46012684755576
1226,94.74815339612732
1228,94.21571400628275
1230,94.23031321692233
1232,79.16291725638666
1233,94.63178940360118
1236,114.92623451537042
1238,95.17667990439617
1241,111.83203075380237
1244,104.96995607653736
1246,94.88656371640684
1247,112.41870245575635
1250,112.89626148178218
1251,93.65877630070335
1254,113.1457540421994
1255,94.31800549442136
1256,111.52826851791329
1257,94.26368866812712
1258,94.51165186175578
1259,112.05503566679323
1260,94.77164556385816
1263,112.25508975064795
1267,79.22780503091053
1268,111.30398741240413
1271,94.67662052743574
1272,112.17044047374495
1274,104.91273391701571
1275,94.7203330585561
1276,112.10412187693561
1277,94.47981838574373
1279,94.22168350140157
1281,94.82982429542466
1282,94.49383605459553
1283,112.23090033105444
1285,112.36131525139979
1286,94.17757849294247
1289,112.51629487236389
1296,112.567700655149
1299,94.58162646706197
1301,94.66728343540146
1306,94.13192787039955
1307,94.33270241998216
1308,94.38931117453396
1313,112.11269939258216
1314,94.95206841446986
1315,112.35865386370875
1316,94.41267651256547
1317,112.14932421618298
1319,93.95733176182392
1323,94.92717427956993
1324,104.91445817749695
1325,94.26443993795345
1328,103.85570989593054
1329,94.45229086553593
1330,112.55040407196284
1331,94.43305133717305
1332,104.59551015376826
1337,95.06947000332406
1338,112.21552688810979
1339,93.95929961239253
1340,112.59243228697076
1343,112.95767899610206
1347,104.72485651305425
1348,94.17801462251077
1349,104.22854369206598
1352,94.24704873609619
1354,95.78816584641513
1359,112.6808918525171
1360,95.01233565752113
1363,112.18563343637183
1364,95.07822221381355
1365,104.18068532437258
1366,94.74819197701476
1372,94.9125602719651
1375,104.10257119998207
1376,94.25950740627127
1378,94.13721721928286
1379,112.75143662481813
1380,95.00525350728171
1381,104.00743800423786
1384,114.10934805799826
1387,94.60110244467867
1388,111.9909603215479
1392,79.21632233369249
1394,103.78182656172802
1395,94.84934473559633
1396,112.16601660937457
1398,94.261015165412
1399,112.1660136847168
1400,94.77616550527293
1401,94.24909142078744
1403,94.4736229300544
1404,110.85356198495867
1406,112.16600686051532
1407,94.21853022435837
1408,112.29050900009895
1410,79.4115586306219
1412,112.16836612350446
1413,94.74659739028641
1415,94.82083591778829
1420,112.29049730146784
1422,112.14742578075513
1423,107.20228192161588
1424,112.29049340192412
1425,94.97232851871561
1426,79.4115430324471
1427,94.91483418169571
1429,94.07156262039342
1430,112.40822436901482
1431,95.01672847551137
1432,104.1220951742074
1434,112.37420862865082
1437,94.53298030281744
1438,104.47932820181015
1440,112.4754066977923
1441,112.24280074243762
1442,94.4576852513002
1444,111.7152004150008
1445,95.06002633673785
1446,104.45655392941339
1448,93.96057122637896
1453,94.4716969767193
1454,112.16832517829559
1455,94.87938304295673
1456,112.23817275189651
1458,112.16832127875188
1459,94.4647712665639
1461,94.34293922123152
1465,94.67001138892803
1466,111.69998121360419
1469,94.93730111126388
1472,94.49229307791015
1474,95.12439447243105
1477,112.91982863482556
1479,111.91238039599122
1482,94.19129646338271
1483,79.12117410295173
1487,94.96413903206721
1488,112.53615091889287
1490,112.76139921326165
1492,111.43508658135349
1494,116.41893956660061
1496,104.58221068310655
1497,94.90023569751571
1499,95.24290424869815
1502,96.54789012484389
1507,111.84472093310495
1508,94.25612822127465
1509,111.92144538769469
1511,94.39122661497626
1512,112.63223500454083
1513,115.25916404765385
1514,109.89837687150109
1518,112.76086837641668
1519,93.61988702877949
1522,112.18594382257609
1524,79.05352458560336
1527,94.45760238599655
1529,94.05304808549616
1532,103.75536372702999
1536,112.46013061362626
1537,116.02671877539163
1539,104.9621619370896
1542,116.68813684927167
1543,94.25934460032173
1544,104.7988885053388
1545,79.28190373098093
1550,94.28517853539759
1551,112.5121713492241
1554,104.65452891529935
1556,104.86339096686396
1559,94.27633370570265
1560,79.61320497961327
1562,97.06829754279892
1566,93.8142534405863
1567,112.80388090974071
1569,104.30130965706246
1570,112.54861065117618
1571,112.32201208099778
1574,94.25606387880359
1578,104.49228339876811
1580,94.47674589569897
1583,112.59224879545263
1584,94.25605412994435
1585,112.72496779294639
1586,94.84169615158845
1587,112.4493463363386
1588,93.63722241057641
1590,114.66880272655479
1592,103.76710965933339
1596,111.33861289201329
1598,111.98746544370113
1599,94.18985488708103
1604,114.57404780980943
1606,103.7162420606777
1607,94.75292376534657
1608,103.43610040881484
1609,116.53005892296048
1611,94.688497258381
1613,94.89951598219639
1616,94.87836452786519
1619,112.20975789834279
1620,93.49988167312307
1621,112.72188093924058
1622,94.22824646616957
1625,111.48517765630902
1627,116.53004137501384
1629,112.39950833302427
1634,94.84989812862136
1636,94.45352120887989
1638,104.0075295529621
1639,94.89213980521822
1641,94.8713668891155
1643,94.87547015138685
1644,103.53326888103908
1645,116.56065332073996
1646,94.50433848638784
1647,105.30999397600596
1648,94.71869157867403
1652,94.47667570391235
1653,112.51298743820348
1656,96.06183110612645
1658,94.18979736881141
1659,112.46698396925902
1661,94.6590708723763
1663,94.7554936834535
1664,112.5850744927786
1665,94.46649673732256
1666,104.85212192521294
1667,103.8681788062892
1668,79.17118550769567
1669,103.70899996554505
1670,94.73281229870514
1672,112.48159684505839
1674,112.49627385036467
1677,112.54078844279672
1678,94.12492402800129
1679,112.0144955994702
1680,94.76666096983101
1683,104.48762759747748
1686,104.22575737063104
1687,112.15452980170755
1689,112.49841834572814
1690,94.16235337992688
1691,115.86250614295912
1692,112.57974476677347
1693,94.25594786737847
1695,94.29024805340327
1696,94.49207470346289
1697,112.33184560523449
1700,104.532272189736
1701,94.70051246831372
1702,112.45925161947673
1703,93.93482883376313
1704,112.87390726247833
1706,95.0507621396944
1707,113.11188041203928
1708,94.58667174998115
1710,94.5904954545943
1711,104.18229122602199
1713,104.67210289067512
1717,104.11875540844471
1719,104.49214593985266
1720,94.23143919639185
1722,94.264582648317
1725,103.7263229560483
1726,94.50846053748373
1727,104.00911361180843
1729,112.20726454316221
1730,94.25398918917736
1731,112.56344087708177
1733,104.53224001850049
1734,94.5857150536898
1735,112.1732970940972
1738,94.91267689733462
1742,94.54250090931538
1745,112.49620463346398
1747,94.84614328274085
1749,94.83939694820336
1751,94.60057969081433
1752,79.08917727584856
1753,103.92023705801338
1754,94.76410133356165
1755,94.74166562121255
1756,105.03956234424354
1758,112.75582788523991
1759,94.49292487343621
1760,104.47567887397847
1761,112.41463080775011
1762,94.4262144625543
1763,111.7500914527578
1764,91.52187437633819
1766,94.62000259797608
1768,94.49762012403542
1769,79.42866080903798
1771,112.08963174004319
1772,94.86044734021436
1773,104.40435419739563
1774,95.04455751257868
1775,112.17725906608544
1777,113.03562503623544
1779,94.53546213841301
1780,105.45341975951033
1787,94.10958977781806
1788,93.94632679339722
1790,94.9943099808101
1796,112.20245374240679
1801,93.83922423253057
1803,94.45048932389466
1807,112.13192452500925
1809,112.7995708906671
1812,94.03496126225781
1813,112.58252597549838
1814,94.54369126351526
1815,112.28753923281079
1816,94.7151632835581
1818,93.67134638284438
1820,94.26934334397532
1821,113.40926863825644
1822,94.65898921987119
1825,93.98929429186578
1826,104.00377944980696
1828,94.13857530330901
1831,103.68318618882736
1836,111.3162789894827
1837,93.98778723190657
1841,94.8970469432027
1844,103.42586263179464
1848,95.06954405707762
1851,104.73437058393324
1852,94.5174742526851
1853,93.67992157481984
1854,112.104107709277
1856,94.55532159605036
1859,113.0246350614099
1860,94.39409067678363
1861,78.88366472080506
1863,104.90224962804956
1865,94.71425377054987
1866,104.84084704951155
1867,94.66642761922475
1868,93.69409027983153
1872,94.5537244854109
1879,94.46998189959754
1880,104.13627121298126
1882,94.19340132102428
1885,104.20797204622602
1887,103.85510997721613
1888,94.07704404847578
1890,118.00723082583903
1894,94.73002206854824
1895,103.62229316514467
1896,94.43693277815592
1897,112.65260399719003
1900,112.53886968825492
1901,94.07656029227479
1902,111.77441578248138
1905,94.12387844219316
1906,111.44248744446111
1912,104.28804542722295
1915,94.13405018061633
1916,103.80998023904945
1917,94.2465403254829
1918,104.10525226030182
1920,80.32610665558536
1923,94.15187186437015
1924,104.1345314429986
1925,94.64926870324143
1930,116.48742573311361
1932,112.20986662911233
1933,94.71813436413416
1934,112.64040606727272
1935,94.18342259293067
1940,79.37493575393538
1941,93.98756710118266
1942,115.00538910681558
1943,94.0452617176714
1944,93.94659461175905
1945,110.52698551875883
1948,116.11888554112397
1949,93.98864659980424
1952,94.68139530436483
1954,94.22253607351914
1955,112.33524093525168
1958,94.33061017690514
1959,79.40314643325058
1960,111.7772660384141
1963,94.9472276154479
1965,94.67421640158625
1968,104.40961232210046
1969,95.09077022521151
1971,94.90062710395816
1972,112.3335764129722
1973,93.57184131036408
1975,93.58227207064127
1977,94.85596739826764
1978,94.50581498338585
1979,112.21376520644651
1981,93.60424650697024
1982,112.35492896880044
1987,112.01530922620677
1988,93.77523730239767
1993,94.7626018563333
1997,94.16508666528568
1999,94.74089425455406
2001,94.88322280946517
2002,113.70605873663831
2003,94.23644981223399
2004,79.36722494390025
2006,112.96228167017105
2007,94.4484114492962
2009,104.66606271544043
2010,94.20564709601425
2013,95.01753755867608
2018,79.1702323492145
2022,104.67238274058923
2024,112.99277218819535
2025,94.86133315631912
2026,104.89873607147587
2030,104.66955176432037
2031,94.51067272082437
2032,104.39486203466191
2033,94.57486074222166
2035,94.39711749861422
2036,113.13091544849564
2037,94.01842960556564
2040,94.79057919809375
2043,113.4353260271478
2044,104.76746543042799
2046,103.60007560708789
2054,112.2359739304751
2055,94.45945275853265
2056,105.22631200078243
2059,94.20065941850478
2060,94.19746088843999
2062,94.13401009279798
2063,112.21607131651706
2066,94.85155848973156
2067,112.34330618420293
2072,97.08816629754656
2073,112.08813188015779
2074,94.59714484016223
2075,112.63541691769063
2076,94.20987479081103
2080,94.60564573257591
2082,94.19743944094964
2085,111.85471223187267
2087,112.93749109552436
2091,111.61498631151014
2092,94.81110456991917
2093,105.2262759300032
2098,94.81623221906659
2101,111.72293699014315
2102,93.9299348716869
2103,79.35719109313501
2105,105.0083157729668
2106,94.42688987171152
2107,112.6126730138215
2110,94.60561648599815
2114,94.53830568991563
2115,114.96689800282002
2117,80.24310352978571
2118,94.1237016152372
2119,103.58330376054644
2120,94.48520683534929
2122,94.55678391377742
2123,112.31997095324434
2126,94.91587211480379
2127,104.05614706172295
2128,94.29244281012183
2129,112.46039173967097
2132,94.88063845024146
2135,104.5545974368413
2138,94.68117692853818
2139,116.37402465529505
2141,112.11822483161825
2142,94.18736476962903
2146,94.8199172825245
2151,112.22668956708296
2157,104.70434318062647
2159,113.0609942069604
2162,94.39318964821689
2164,116.00860569086174
2167,93.65185206571331
2168,111.64240633142458
2171,94.3363770039721
2173,94.73718402221607
2174,104.74503488015739
2175,94.10654493970208
2178,94.49800193090144
2180,95.47198415693529
2185,111.97677086187946
2189,94.06152150338329
2190,112.49553876270039
2192,103.54253180172586
2194,113.40110737320529
2200,113.73781998248043
2201,94.43322486343405
2203,111.77715121144675
2204,94.26545918242863
2205,111.99672323628428
2209,112.13362694844929
2213,103.97526375328681
2214,94.02580318379941
2215,113.00613004303608
2216,94.4545801742272
2218,94.05209017781041
2219,104.03541449781261
2220,94.88297247535192
2222,95.02966227088493
2223,112.13507427031587
2225,112.4664627014034
2226,94.63108076951812
2230,94.38995384539024
2233,112.20766267512514
2234,111.92909089965104
2235,94.26542896096493
2236,79.6410499101564
2237,94.40399606424563
2240,113.74003832361095
2241,94.54400740910015
2248,104.5319918078387
2249,94.81648828644359
2250,112.33237460855213
2252,111.92845725350685
2253,94.2204437616511
2254,111.87533945900844
2256,80.79263769028952
2258,94.05487284149552
2259,112.80761607871943
2262,95.67115348386756
2265,94.47586816563063
2266,104.58961029987364
2269,94.41819799036651
2271,94.68240584818955
2273,93.86894235954759
2274,113.48632765171962
2275,94.4428496823248
2277,94.14582843590799
2279,94.24167390778109
2280,78.73028709812343
2282,95.4419240862467
2283,104.2267706740839
2288,93.44424873066305
2289,112.1581121160792
2291,94.37940353317634
2292,115.92009436981877
2297,94.948779397728
2298,103.97587812694061
2299,95.22411079221669
2300,111.90095540258389
2301,94.1386406591968
2304,94.8933530783435
2305,104.16983645568041
2306,95.67111058888682
2308,94.08570910311619
2309,112.55744526411067
2311,96.87899106135905
2312,103.45306977107609
2316,103.80601699009736
2321,104.00786065459482
2322,112.00354429425991
2325,103.47993957211443
2326,94.32901916267954
2329,115.92005829903954
2330,94.14621164244224
2331,104.19309621835791
2332,111.82501306083259
2333,95.67108426696686
2334,103.50947392591331
2335,111.56435761864967
2337,111.6338931353265
2338,94.66004356503453
2340,111.82500526174519
2342,99.9041875419012
2345,93.88699559136452
2349,94.28039379143019
2351,80.2594565223053
2352,94.35010822529117
2354,111.63508388936123
2355,115.74114645365688
2357,112.45469156040656
2358,94.09436511999593
2360,94.74830515351852
2361,111.63507706515975
2364,94.34381033225827
2366,95.4538979520654
2369,104.08895974204964
2370,94.77525551811772
2371,111.8327188757307
2373,113.22253838491903
2374,94.89400610424846
2376,112.34562610153881
2378,110.82187421850105
2382,94.78243343907451
2383,93.72563901613876
2386,103.60179019928782
2387,94.84054499051425
2389,94.12589808169218
2390,111.29209255372692
2392,94.04185699828852
2398,111.70938627939665
2399,94.31888537187314
2400,96.77351548027553
2401,111.94287650966413
2402,94.46166269089
2404,95.09514900596412
2407,111.76723449635375
2408,112.77657940225953
2409,112.77885961633845
2412,80.28430008282373
2413,94.90460322981784
2415,94.61739980505874
2420,110.49516434675607
2422,94.9127464036207
2423,103.3091725540749
2426,94.89910502163283
2432,95.76388716745677
2434,94.1300576302281
2435,97.96257656457632
2436,112.81962003758252
2438,110.79690240079464
2440,111.97293645053881
2443,94.48480414887783
2444,94.12574157512839
2447,104.24434288559723
2450,94.47064594285916
2454,94.4826114182967
2455,112.35293433945697
2459,95.69659619696526
2460,112.07484566375783
2463,94.19610792255557
2465,94.49864562334446
2468,79.46480263648124
2469,94.1171295485959
2474,93.93384771891806
2478,94.22568009125888
2480,94.06060818342476
2481,113.47495657434513
2489,95.67765368134451
2490,104.45004953640469
2492,94.08930505754446
2496,95.68492529952584
2497,112.78348879219732
2500,94.37304286063124
2505,95.7675276095369
2507,94.09031427384417
2508,111.87158043373952
2509,94.39340457005636
2510,79.3226108630478
2513,93.47412734275562
2515,95.67762833431047
2518,93.72550740653884
2519,113.42303206709204
2520,93.725505456767
2521,112.55115796085309
2523,112.43346497104218
2525,94.48332039963819
2529,111.4348686769554
2530,94.23227393797634
2533,111.67901582954315
2535,93.89655708943107
2538,104.15930856046543
2544,110.26744931958379
2553,111.86371068784331
2556,94.41128395258858
2558,93.70606284300618
2559,114.1288247957994
2560,94.13400926926533
2561,112.13098346736919
2562,93.7940603977886
2563,111.65044222028706
2564,93.99183885404219
2565,111.86666365899401
2567,104.49475535408536
2572,94.34707462882784
2575,94.62058174369855
2576,113.29564932503735
2577,94.27146245459352
2578,94.66915891256647
2579,111.91390964500849
2580,93.81769061693726
2582,112.62475266761632
2583,94.39483546792835
2587,94.2509754108124
2589,112.04046392202812
2590,95.70584045090715
2591,111.4218153751413
2594,93.89094484516619
2597,94.7400491434172
2598,104.43791363436549
2599,94.55282832033313
2600,103.38108997030076
2602,112.06059271548881
2603,94.34704440736414
2604,104.22266688717684
2606,112.43642818392834
2607,78.93443978720074
2608,95.44309724990151
2613,111.54375742862752
2614,95.30296259509748
2615,113.52954379960346
2617,112.14125907395268
2620,94.48156087175849
2623,113.15445970657072
2624,94.55749996537884
2627,111.54374378022456
2629,78.93441833971039
2630,99.44786800789487
2632,94.78953974307052
2636,94.3840873878415
2639,94.3482716243679
2640,104.8095510377753
2642,111.41012319990443
2644,104.46438511906956
2646,111.9013244912257
2647,94.39198071683069
2649,94.81486122512112
2650,106.70324016561943
2652,104.39206591861497
2653,103.0896352856495
2655,107.91839679463541
2657,111.60630480444982
2659,112.09889024788444
2662,93.78328175685232
2663,113.73198892293874
2664,94.65386205968159
2665,103.19821757852228
2670,94.57117314997762
2671,103.54286576357882
2672,95.35796594134331
2675,104.34313144789886
2677,112.0466037180042
2679,112.38672017643549
2683,112.07193508792693
2684,94.3741071216374
2685,94.19336186662062
2688,103.7911132822575
2689,94.74307164909541
2690,103.69130999427551
2693,96.43025023052795
2694,112.74209037980674
2697,98.25246697942208
2699,94.42591129729695
2703,94.00147243269797
2705,104.08407712429329
2709,79.22952147991688
2710,94.39253335628888
2711,111.88870125748261
2712,96.477365117293
2713,94.82944254319958
2714,112.78128596997888
2715,93.78351234726918
2717,93.47871972579247
2718,112.20076130596757
2720,111.58683862339981
2721,94.54215461976028
2726,94.72964715182368
2728,94.4993240040549
2731,103.30561077900185
2732,111.47346049966893
2734,94.07773269374738
2736,103.82628441655308
2737,94.17331997619405
2738,103.26467648644442
2739,112.93880859490105
2746,94.01836801137213
2749,103.22750448793346
2751,117.96779348069558
2752,104.76126715132375
2753,94.06285248835206
2757,104.38021473798707
2758,94.93281178683984
2759,113.91709109913566
2760,99.23359067488968
2762,112.10888352359899
2764,94.43380968987756
2765,111.50126162808405
2769,112.43170689959283
2771,112.30757470079752
2774,94.0565373872752
2776,94.26344891886055
2777,114.77542892343402
2778,94.13998296624405
2779,112.04608466294059
2782,93.53534622237393
2784,94.69904510624386
2787,94.49323163471107
2789,94.62907552733125
2792,94.77010196058364
2798,94.54327421185403
2799,104.14217335109197
2800,96.94788509888934
2801,79.0661758375933
2802,93.86788010120839
2804,94.05747745178707
2807,103.3684530337733
2808,94.86770330452629
2809,113.3757903686375
2811,116.20795662912118
2812,94.5623600945942
2814,93.52925382396708
2816,94.7673885436833
2817,112.50158664046674
2818,112.56688251885436
2820,112.40965400658251
2821,79.57099104194779
2822,94.66015659011859
2823,104.1382855811695
2824,94.68789771236933
2826,100.76184710580475
2829,94.16038765380011
2834,93.89151650354916
2835,79.37441763840238
2838,94.79228038119072
2839,112.14502519322258
2840,93.73867890685057
2841,112.46725385599751
2842,95.58052304758942
2846,113.06637998836666
2848,95.48172432045595
2849,94.161265623688
2850,112.75891370043442
2851,94.48693170913853
2853,96.43526298869611
2854,111.37453902164685
2858,113.49055413916159
2861,94.90863906375253
2864,94.15663801765601
2865,113.45531036756384
2866,111.95013650557993
2867,93.58325707711808
2868,112.67948941420653
2870,112.46413829163609
2877,99.12021062202547
2878,111.4991417840526
2880,112.09460833080979
2882,78.93653825169292
2883,94.77726057298372
2884,103.95401376000328
2885,97.13568370331225
2887,95.57320836473451
2888,111.57440364163867
2889,94.66658549119822
2890,103.76053825593684
2891,96.27249911385044
2892,116.42066147683778
2893,94.51196919558618
2898,112.4907699820819
2899,94.47775684690149
2900,112.66795309090378
2901,94.39902720813478
2909,94.82452554097918
2910,112.24184928686876
2911,112.47537644918987
2913,112.69170598135159
2914,95.53539926624799
2918,94.43266998985143
2919,112.31252497046796
2920,94.0449201606881
2921,111.49909986395781
2922,94.86625734552743
2923,103.87486445983322
2925,111.70558850124127
2926,93.83432870923912
2927,111.70898628759147
2929,112.18277162096976
2933,93.82011206190802
2934,112.45708162691122
2936,112.90011919019838
2941,103.52138502471979
2942,94.43364324232451
2943,111.98387491592618
2945,104.2150315666421
2950,93.85572466224468
2951,112.0398287257255
2953,113.54241196275365
2954,94.71112788158405
2955,103.48734946188324
2956,95.06034675494396
2960,94.76743514055653
2962,93.90616555368803
2963,104.73413832398583
2964,103.96221019396819
2966,78.67428142574488
2967,94.61571355313927
2968,112.84055525569212
2969,93.52999535580881
2971,93.9369264117262
2972,94.91306428185729
2974,94.53142518553523
2975,112.37964144906877
2977,117.57500266087098
2980,113.15642337883835
2981,93.61283527019526
2983,95.24607057173688
2984,104.02853813726543
2985,115.87838789008345
2986,104.16133918586468
2987,94.91304965856841
2989,94.65396732730966
2990,111.9843231241727
2991,96.99288696061592
2992,79.26379512267238
2995,98.31540888529133
2996,103.6234464840212
3002,112.27546565814743
3004,112.1452839537441
3005,115.77610398806806
3006,94.98423627489598
3010,94.71543021950245
3011,103.36040635896072
3014,93.83424291927767
3015,94.36150541087048
3016,94.27343772307805
3017,110.86601346717717
3018,94.09133768437289
3021,103.17870111095394
3024,103.98830526526581
3028,94.03487776150993
3030,94.16782109626038
3032,94.53802147418281
3039,94.3254745504378
3040,104.1634919531198
3041,96.94360657227978
3043,96.47638330236248
3044,112.36828267803367
3046,112.15669472972667
3055,93.60843390598598
3056,112.38813792276193
3058,93.98541035046338
3059,111.48658109119083
3061,116.38292958244452
3063,103.95123000249296
3066,94.80367883598072
3067,104.01633951704602
3068,78.75378999647378
3069,94.52343614803246
3072,114.99250748174623
3073,112.41018555868558
3074,94.33592751918604
3077,93.79469872291403
3082,94.95523558601366
3084,98.32136460091272
3085,112.48643540502934
3088,104.04392982325018
3091,93.83716924897007
3092,112.6506410566029
3093,94.86824999977142
3094,103.25359214164126
3096,112.8771272537337
3097,94.08854061435568
3098,79.06627152398929
3102,116.01536641876223
3106,94.1689835218474
3109,93.7871636651451
3111,93.37580054781384
3112,115.62525809812561
3113,94.75615845080566
3115,95.39160048029595
3116,112.03492238614939
3117,94.57897313248674
3121,112.24168173291116
3122,94.31421329290069
3123,94.30044453990288
3124,104.24408418146538
3125,94.2842033477192
3126,102.76886213434202
3127,115.66598444163361
3129,93.92432914936327
3130,112.27971312007065
3132,104.38554865079499
3134,104.65125752126289
3135,96.74126355895709
3137,79.019183166874
3138,97.79272381595914
3140,94.25699431372868
3144,112.1247693569216
3145,94.69896740393597
3146,113.53143702384895
3147,96.89422497509435
3148,103.78271767170367
3149,103.16134280725251
3150,112.34144594168808
3151,93.88243244414545
3152,94.8919574823422
3155,94.50336690576282
3156,112.75861538534127
3159,93.57986658500255
3161,94.73760662012614
3162,103.80382865317091
3163,95.55943541986602
3165,103.25092149880763
3172,94.41846932896598
3173,113.48445177858915
3176,94.37871236022892
3177,103.83114663649357
3179,112.37447583650015
3183,94.44790043871689
3186,94.4720902754099
3187,102.69773844993455
3189,111.69000070390481
3190,94.22551202271853
3192,115.63325963606019
3193,94.44651739884202
3194,111.95433146179943
3197,94.33321305095211
3198,94.59160109819732
3200,94.48635098901573
3201,116.376933723415
3202,94.60884725968876
3204,95.51458786349383
3205,93.74569212288688
3206,112.26571538372079
3208,103.11058456623243
3210,103.17795991171326
3211,94.80372058299028
3212,116.2616886246698
3213,94.56997572792625
3214,111.23019087033092
3216,104.14285746705093
3219,94.06618962260873
3220,110.5438664804307
3221,94.77330322416088
3226,107.25448110327915
3227,94.7269962875979
3228,112.4066775177734
3229,94.38003790597605
3232,79.2664908375503
3233,94.4916563013864
3234,94.65100231342728
3236,94.80668753022246
3238,111.36043175529525
3239,112.47725395223134
3240,94.22631843246089
3247,112.1526764509955
3249,103.73894747004013
3252,117.46555587722003
3253,94.79610032128704
3254,104.13770872704984
3255,94.41666454825426
3256,112.46930220460285
3257,94.34422111942405
3262,94.6227626606831
3263,104.0197607268885
3264,95.05652933920007
3266,112.54943364669242
3267,94.87504460483271
3269,94.55833971341599
3272,115.70106799772523
3274,94.34642076061476
3275,104.83772396956695
3277,94.71297974147703
3279,95.14703864293432
3280,103.84837327504053
3283,94.54068217813446
3285,95.60278099246045
3287,94.23844326202212
3288,103.97389132300208
3290,104.12020049832802
3291,94.4167319622147
3298,112.30464241784847
3299,94.54404780073449
3302,110.82549527671085
3303,94.427876146551
3304,104.43614216186634
3307,94.06560399831724
3309,94.00409492023684
3314,79.8890901830811
3316,112.32150871999946
3317,94.45476591008023
3319,94.34440453325468
3320,112.42200683461593
3321,94.62101414676701
3322,103.91739231602168
3324,93.58200980597329
3326,94.28871783276085
3329,112.21546272128711
3330,94.00279558263429
3331,112.67367457766761
3335,116.30130260041975
3337,94.98811349319209
3338,104.45135273046102
3339,94.81460385299056
3340,112.45687655808882
3341,94.68899465234307
3343,96.27044533544125
3346,93.38567706965046
3348,94.29277890150718
3351,104.01208368936847
3352,115.82190828077697
3355,93.8997557978004
3356,112.35527557173043
3358,104.13453035715185
3359,94.70852524119715
3360,112.82357856304864
3371,112.63405428340249
3372,94.58352741531192
3374,94.88865504373092
3377,112.02787589703055
3378,93.4348664251468
3380,103.68829614996937
3382,95.60017650969212
3386,94.52971890606912
3389,112.00743456260426
3391,102.96050742193972
3393,95.24745416291924
3394,103.04090303714119
3395,94.32183589428055
3397,111.48851924110892
3398,94.96883614345091
3399,79.1435571399366
3400,94.48247887882576
3404,103.54671574465615
3407,112.05054598194275
3409,104.46475053699186
3419,94.6957667227147
3421,94.48680608707471
3425,94.75432955252899
3427,78.9050669912138
3428,115.70775948241538
3429,111.76745873855396
3431,93.9922836574718
3435,94.00956768206893
3436,112.51377454618842
3439,94.71982923395535
3441,96.70598420655224
3442,115.70774583401243
3443,94.6225862063306
3444,103.2341547448359
3445,94.40951701044625
3446,110.89238877821813
3449,94.1634453339014
3453,94.14200738030416
3457,94.56150241133639
3460,103.76801227787684
3461,94.7620829234138
3462,94.22334713450857
3464,103.94686011316216
3465,78.75031306197627
3466,94.79217558371798
3467,103.81805775002783
3468,94.7595464520812
3469,104.27809719286836
3470,103.2236084824543
3472,111.4030426822817
3473,94.37097712600729
3475,93.78379016124131
3476,112.00592305075142
3478,103.87408967145544
3479,94.43762786188029
3483,94.20292173724204
3484,103.34449694567664
3485,94.95703373928524
3487,94.32827309151645
3488,112.04559946247187
3496,113.90162498857978
3497,94.58846384314549
3499,95.0217085662029
3500,78.75855864427692
3501,94.54845860138246
3504,94.14176317184189
3508,104.9141465218832
3511,94.29558024888729
3512,112.61960186912555
3515,94.00520922287873
3517,94.32758341533932
3518,102.96789669280611
3526,112.37182584454109
3528,116.0192699127854
3529,94.3492895590808
3530,113.6217532804466
3531,94.23499861737972
3532,111.7947744900597
3533,94.41089998792037
3534,94.52108310683889
3535,78.78030669792784
3536,94.20695973585043
3537,112.08618584833496
3538,94.19359077476614
3539,112.53570782434437
3540,104.16031673190218
3545,111.79143927971631
3546,93.56096513422756
3550,104.2297151590752
3551,94.51792322323129
3553,96.93927315709004
3554,103.76792063859986
3557,94.40399095310542
3558,112.3406514597149
3559,94.10890999586368
3561,94.2501708304172
3562,111.54608238395465
3563,94.40934264691353
3564,103.97552197372497
3565,94.40474609347115
3567,94.19537889493344
3571,103.97023098839611
3572,94.79065475015733
3574,94.88443017614244
3576,94.1029208237394
3577,111.71966125719482
3578,94.54606419922871
3579,94.14163707632773
3583,94.63507189748714
3585,94.83978573675552
3586,103.44625549252754
3587,112.2412655830426
3593,94.5709523463818
3594,111.56394359701562
3595,94.35101741376565
3599,94.3838019219778
3600,104.08422017586645
3601,111.35562993469264
3602,94.10205502645249
3604,95.44886700846695
3609,116.40666444896135
3610,112.64513567775617
3612,111.53853582759368
3614,112.89470453211871
3615,94.34618419478988
3617,95.17680709291733
3618,112.12637482691096
3619,112.03488215280626
3620,112.16039997674847
3621,94.27067022779855
3625,93.9529121642774
3626,103.07771376063906
3630,103.11593822043625
3631,94.33292396770884
3632,104.30797651423126
3633,94.44421919866687
3634,112.61154294455645
3637,94.48821777180171
3639,94.29730940635994
3640,112.45119011037761
3641,94.30264078134957
3644,112.5962972948183
3645,94.15120865914963
3646,93.89493594397487
3647,94.45466920458307
3648,111.6973962488432
3653,112.2898233719192
3654,96.21145618133295
3655,112.28928736453014
3659,103.59523022413069
3660,94.76422682769447
3662,112.41367781816069
3666,94.19824199034426
3668,94.54854399664274
3671,94.43727759965876
3673,94.31957365272848
3674,112.0883716249007
3675,94.24569197404082
3681,94.56466235794508
3682,112.29724138928984
3686,111.28318226226008
3687,94.18783056625523
3692,79.4330136814227
3695,112.20646943842908
3696,94.09415889455417
3699,111.75597842663367
3705,113.64575142836392
3707,79.22340615418693
3708,94.48238460761311
3709,112.48936899803394
3710,94.25339443707227
3712,94.61159703330574
3715,112.29798741629651
3716,94.14741629771768
3720,113.64428075964031
3722,79.22339153089806
3726,94.43594219394379
3728,94.32312873761586
3729,112.59378970859103
3731,103.6004583610013
3735,112.0083923663849
3736,94.53607592640955
3739,103.12780553500096
3741,111.53904330705541
3743,102.54783226524651
3744,94.64577114257918
3745,112.5982129914961
3746,94.29545071080787
3751,94.21325399110896
3753,94.3811821834783
3760,112.9896320840275
3761,94.3734538980114
3762,112.35674896970488
3763,94.45718122549519
3765,94.31307097014741
3768,112.97183253689323
3769,94.44637585923238
3770,104.11475107298313
3773,112.20230978849318
3774,95.09962650772968
3776,95.36743432939414
3778,94.19817487377881
3779,112.33012809365843
3780,94.30434728401283
3781,112.36896799570042
3782,94.63231805844404
3783,111.66298576961438
3784,94.51224868711537
3786,94.47202414268281
3789,113.64819603645677
3790,95.13054755712622
3793,112.7395312482412
3795,112.33813159339121
3797,94.0998717119474
3798,115.68855417013083
3800,112.47038227316082
3804,95.19851999064412
3810,94.69468534618372
3815,112.39339468844616
3816,95.198508292013
3818,103.33607925005035
3824,111.39178948825628
3828,103.58366730552893
3830,112.06224145431742
3831,94.66314784477069
3832,78.87328442830909
3834,112.3582504331917
3835,93.80747876262501
3836,112.47545887160345
3838,94.99665106023122
3839,116.20068308408523
3840,113.45452754286052
3845,94.45212261794524
3846,112.10318044598637
3847,94.31416966196832
3849,78.99587815587833
3853,111.96798649732617
3855,104.26733998835408
3856,94.72628550591247
3864,79.42872112077742
3865,94.55571787864784
3866,116.53565606545536
3867,93.59098250190664
3868,112.47031598091789
3869,94.67138696813763
3871,94.27694200924691
3875,103.8928221913626
3876,94.39334605859094
3878,94.05139835163746
3879,112.01927834066882
3881,112.47030330740085
3883,112.39544936788292
3884,93.51887707323212
3886,111.74322288077815
3890,94.41766680231001
3893,111.89601561868471
3897,104.1207235022708
3901,94.16218154972404
3902,111.58381397205645
3913,112.5363960734536
3914,93.9297848643127
3916,94.50987658219688
3917,112.41088863387083
3924,104.86110892429667
3925,94.56621790439908
3928,95.79906896562923
3929,112.40100449871628
3932,94.40488753283432
3933,104.13502682747429
3934,79.77661270431571
3935,93.8327484558456
3936,94.41231896523374
3937,112.03940917521481
3938,93.90021709547389
3939,112.46669909556016
3943,93.80986464713823
3944,111.47574842967961
3945,112.42852338540476
3946,94.51793736066097
3947,111.84103516854307
3948,94.36210216074963
3949,111.45163466853126
3950,94.57630346982128
3951,112.44514961616733
3952,94.33111529001451
3953,111.87937465614158
3961,115.18673088360708
3962,94.22886832671168
3966,94.47895968561133
3967,102.5467345721456
3968,94.87836374225299
3969,112.1781369117245
3970,94.57353363565474
3971,104.19764864802443
3973,94.62691733894891
3974,111.72103473485967
3975,113.76415698062388
3977,126.39933585194842
3979,112.53578241457626
3985,94.60853405828658
3986,103.56583372657141
3988,112.2527078447045
3991,94.1700756796929
3992,103.60917468632269
3993,94.39218284620134
3994,95.36863357021599
3995,112.47410747633722
4005,112.67441368375316
4007,93.84627506196807
4008,102.88237270240859
4009,94.78072522936145
4010,119.37373816591816
4011,79.301345252756
4012,94.18417939905237
4013,104.92117993532824
4015,112.51810052913217
4016,111.7409160215314
4018,112.40853186961112
4025,94.24248580146062
4026,112.72531179025029
4028,113.08886574868154
4029,95.06430558515856
4031,94.18767862305938
4032,112.41303482277067
4033,94.38848604305903
4034,103.5867556820308
4037,94.38805306873488
4038,103.24103731856059
4039,94.13359738124348
4041,94.7349705084616
4042,111.88079088201687
4043,94.69416438992164
4044,104.13491861513657
4045,94.55424152713323
4046,111.83407794639336
4047,94.64227686902021
4048,104.33188952769976
4049,96.5045279556233
4051,94.18670114935477
4052,111.66994093252703
4058,103.79663287200705
4062,111.93481038576323
4064,111.56949588428654
4067,93.84212721334382
4068,78.87520123300808
4070,94.35896198443234
4072,116.42829254455134
4074,112.14637705627274
4075,95.32625706415567
4076,112.41997282378605
4077,94.22865674883437
4078,112.5649217407134
4080,104.42254221064951
4082,112.17819909116972
4085,94.31138179195011
4086,112.26330871701663
4088,112.72525134732291
4089,94.75789250901752
4092,79.10602424681963
4094,93.56218912028206
4095,111.98077583415659
4096,94.72709161980123
4097,102.72477710717465
4102,95.55584101047222
4105,129.06240780946243
4107,112.23182012649022
4111,94.41831292684967
4112,104.73583271563956
4113,94.65506259375474
4114,114.1578944746372
4115,94.88751280140184
4116,112.48675206565372
4117,94.02388694072724
4118,94.90818950962816
4119,112.02797838904283
4120,94.27602749794858
4122,81.08358307369062
4125,93.9849151619176
4126,113.36083441884526
4129,112.33189320073043
4134,112.75195515979689
4137,94.56079371253998
4141,104.89688869243645
4142,94.78500868729728
4144,94.79464681252088
4145,105.02177451698765
4146,95.0017669617088
4150,94.499761141562
4151,78.89162123265433
4154,93.84459061604176
4156,94.42816830537558
4157,112.1326166363464
4159,111.7508626724144
4160,94.55546848298033
4161,112.39132490110214
4168,94.4096323881148
4171,103.5140850731203
4172,103.42745481530707
4173,95.15085038224939
4175,94.04598948678716
4176,104.21324299415926
4177,94.79461464128534
4178,102.06321392159731
4179,94.54540242553423
4181,113.24593552424045
4183,95.07230364608543
4184,113.0237493720436
4185,93.78077799444566
4186,112.09669206338503
4188,119.37409459517761
4190,111.43652240168728
4192,94.28148098780258
4193,111.92093067243835
4194,111.88813288202641
4195,94.41978326632119
4196,78.89942264234205
4202,95.08855862178802
4203,104.2428481956758
4208,94.44068317539262
4209,112.50665804432907
4210,93.63741630451082
4211,112.05873434162754
4212,116.24910180026788
4214,104.02765811304229
4215,94.77089223198467
4216,114.40983420352603
4217,93.82608857366228
4219,94.68156295457712
4222,112.02184312471829
4224,83.20239910253792
4231,103.9644396356847
4232,95.07225587667511
4234,93.1970809883914
4236,94.79455712301575
4237,103.88650048168424
4240,94.76981500339122
4242,103.99543816364672
4243,94.38835718426805
4247,94.15763252954562
4248,112.39839848888951
4249,94.03082615993628
4254,103.2925887890049
4263,94.69619181197197
4265,112.21194860452584
4267,112.67503784568368
4268,112.26068225213368
4271,112.54202088021029
4272,94.656594109776
4273,112.30882648659079
4274,93.9009991519616
4276,94.23949884060337
4278,94.4460736890129
4280,94.811054907346
4281,112.31826387793308
4283,94.38936717029861
4284,111.98261337026747
4285,94.79869587635528
4286,112.01953769002688
4287,94.13680437972909
4288,112.97864674662429
4289,93.99420754544676
4290,80.31814054221402
4293,94.21341224844522
4296,111.5395658325713
4297,94.30249650497592
4299,93.41926951289611
4303,113.13264565910984
4310,94.90098717941103
4312,103.8554009688487
4318,103.92928345440083
4320,112.25027846968666
4322,94.59949888184818
4323,117.28487454563628
4325,104.02635208576316
4326,112.37025247876954
4328,103.35203586333967
4330,103.82758614053438
4332,111.77175114605555
4333,94.57304950510391
4335,93.95536661767053
4336,112.22540567057311
4338,104.82069677660172
4341,94.68424127634776
4342,106.73427147227036
4344,103.8141000263121
4347,94.81981625220877
4348,104.08566442510823
4351,106.11368340262175
4352,94.74224762524963
4353,112.73951174034565
4355,103.3286383968155
4356,94.32528538350888
4359,102.86766794807951
4360,94.71811682569268
4361,94.50048192509487
4364,94.54662920795664
4365,103.74479738199753
4368,94.820597413283
4372,94.59128013003837
4374,93.78260454521043
4376,94.29205137697903
4377,103.04796755934589
4380,94.67839238710332
4383,104.81711467747803
4384,94.4703538960267
4385,102.82190510878294
4389,94.35955777103413
4391,94.8646156105579
4392,111.56038705920304
4393,93.83198999178629
4395,94.07860429655153
4396,111.61801560594839
4398,113.33073831725636
4399,102.76908349026957
4401,93.84661508754283
4406,94.4768666889261
4408,103.94280550958845
4412,104.09439109490901
4415,94.58923657863696
4418,112.48979169551441
4419,93.80102381010943
4420,78.8887457975303
4422,111.57533431409013
4423,93.80101991056571
4425,94.84194936271547
4428,113.41130742104406
4431,112.24001103835275
4434,93.41908449753447
4436,94.72618215328893
4437,112.26757468635373
4439,116.40767871893627
4440,94.06259574374954
4441,113.1053851178647
4444,95.00307517262675
4445,104.16945409359275
4446,94.6065282393906
4447,112.87636010351008
4452,103.18710037551867
4456,112.68860718891176
4457,94.57350082383903
4458,112.2580098411907
4460,94.41305173218905
4461,116.36789286714904
4462,94.33993358891524
4465,103.23869100305629
4466,103.18319725214604
4468,95.07568791297172
4469,103.29873236202826
4472,113.24017392716274
4475,94.61514739942751
4478,94.13049845638517
4479,113.80859514251205
4480,94.8042642583082
4483,80.14987891020047
4484,94.22053108150888
4485,103.99715213648182
4486,94.8437444006696
4488,94.6513023576583
4489,103.1146344267523
4490,94.40950158031558
4491,108.90759184023537
4492,94.8365794493443
4493,106.83774546235145
4494,94.0968684077568
4495,103.19255375134466
4498,79.13838762461955
4499,94.77887581630952
4500,103.25513021322769
4503,112.25908749232013
4505,103.13488461259973
4506,94.9630785878735
4507,94.95522696601492
4508,104.1096859946297
4510,112.53021409097022
4511,93.426212418626
4513,94.99507763685509
4516,80.13581805528142
4519,94.087314259988
4521,94.59861210536809
4531,94.1152151882219
4532,79.0062302943831
4533,95.25366701171436
4534,112.77299617466505
4536,104.07394550202301
4537,94.55018369722279
4539,94.74578747629639
4542,103.17867941340253
4545,94.21289954838343
4549,94.02639509952334
4551,94.71744119619265
4554,103.48074150405986
4556,111.88834454851676
4559,113.09579437331769
4561,112.21330798751069
4562,111.63392316252711
4566,112.52440472266099
4569,94.53973837733804
4570,111.73096700851224
4573,94.67830384294058
4574,103.358236534924
4575,94.6846964708242
4577,94.68536476273283
4578,112.25107980556325
4580,112.62880917903357
4582,93.27344003131205
4583,111.6232883193702
4585,94.57207195922862
4587,104.08221182287988
4595,94.10511612391139
4596,112.62716851982361
4601,94.56407577921493
4602,112.50055286826196
4603,94.69319726537398
4605,112.72877565161201
4606,94.3407511813281
4607,112.63424863811738
4608,96.94159064478475
4610,94.84054123942423
4613,103.12897527923627
4617,94.36322827284246
4618,112.1859697041692
4619,94.34942408651247
4620,95.04690014415061
4622,104.08323987790502
4625,94.45630976028872
4626,104.08217380232881
4627,94.50242041831663
4629,94.2204968184401
4631,93.89042772901436
4633,104.08216697812733
4634,115.84805554800803
4635,94.39767241612648
4639,94.21817175144608
4640,103.36936821015806
4642,103.60787584819596
4644,112.18421248457653
4646,104.07569983683686
4647,94.885344281215
4648,79.09559957514057
4649,94.55549138011634
4650,113.04215493848363
4655,94.02120295546291
4660,94.48975342248445
4661,113.24669591151581
4662,93.372841715731
4663,112.26865135920488
4665,94.6090225125804
4666,112.10839300241821
4667,103.5236767262127
4668,94.41312748909743
4670,94.31420285854122
4671,112.11903103999578
4672,94.67015747913322
4673,103.6209605559315
4675,103.59914652722296
4676,94.40124502439457
4677,112.08711462808455
4680,94.72574216244851
4682,94.66924067119504
4683,111.77340597970345
4685,104.26233784167638
4686,94.66208039958101
4688,111.97840293632851
4690,114.1725022955857
4692,112.29366276036461
4693,93.9332447672196
4697,94.04116628271498
4700,112.23120836703893
4702,112.54349279422021
4707,116.45818344071921
4708,94.55152761184675
4710,80.56970347239414
4716,104.11568843981536
4717,94.92172812536069
4718,94.24016657383689
4720,95.1722134819529
4721,79.14049857688477
4723,94.94241628657954
4726,112.61465927732911
4727,93.55683070068798
4729,94.17209402147842
4731,94.53976719110543
4732,111.90817724105483
4735,94.09578145691586
4736,103.98910912798632
4737,94.65887168437092
4738,111.85232610653003
4739,112.04724090312848
4744,103.69810455638054
4747,94.03925634413724
4749,112.9936880634489
4750,94.55148666663789
4752,111.69776193034804
4755,95.06364692206878
4756,102.62316740112419
4757,112.61939742744744
4758,94.44582325766493
4759,103.76053833884006
4763,94.79688164486592
4764,103.58881261818897
4765,94.29833636219666
4766,95.63973612975582
4767,112.1627970507115
4769,112.34378911016398
4770,94.84243732964589
4771,79.04012614073955
4772,103.60653723521904
4774,112.01726715522096
4776,112.94989953449766
4777,112.85354693607658
4778,94.81131321984151
4780,94.49850571630427
4784,94.04648307896758
4786,94.9474329529584
4787,78.93843613699002
4788,94.8912442668807
4789,111.71114596454927
4791,103.59830984389896
4792,94.32052683715168
4795,112.03263705414557
4796,94.00940414188511
4803,94.4417670368338
4805,94.98667529438362
4807,94.68429367617702
4809,94.5953521686454
4816,94.66774770258479
4817,79.48723651979964
4818,93.57037571409614
4820,94.21883453049202
4821,102.98378575244007
4823,112.58841114894122
4824,94.47942415424325
4825,112.39649940913031
4829,102.32120897531698
4830,95.23802421325112
4831,113.00203410888497
4833,107.2672249611179
4836,94.43670614888404
4837,111.9853530152397
4838,94.08741953212547
4840,94.32907466455498
4841,80.05263725537668
4842,93.82873005388035
4843,113.45614372641802
4844,94.44618627273567
4849,107.00265561206763
4851,107.3354514961745
4852,94.38064900805867
4858,94.15457685325461
4860,95.23799496667337
4863,112.11441890643388
4864,94.41190620803516
4865,111.94926345324407
4867,112.70563204790582
4868,95.73293225544438
4869,112.51893881395426
4873,94.0648558090673
4875,95.01083800940009
4876,112.13192271850534
4877,94.30338464567615
4878,111.54457243500048
4880,79.0119843886146
4886,112.45565167204589
4888,103.89489750053829
4889,94.64795079663213
4890,113.0880025088303
4893,94.9371428353407
4895,94.85616680955545
4896,103.63243258471584
4899,93.96298514765903
4901,94.05143447439696
4902,112.35402016810937
4903,94.350688072738
4904,111.71103385266784
4910,94.00376169385447
4912,94.43872279552227
4915,95.19457586943184
4916,105.22893028394247
4917,94.71572968344228
4920,103.62326917280521
4927,103.61438068844646
4928,94.42027828586896
4931,103.64739716846216
4934,94.46381398710395
4936,94.6334705892325
4939,113.31716051935663
4942,112.28066269122704
4943,95.40133568200093
4944,103.54592316923211
4945,94.62418016983949
4947,111.55404954043021
4948,94.25562866909726
4951,94.70348617834597
4952,111.71732708499891
4953,93.5793451333017
4956,94.35063640378394
4957,112.74747096564118
4958,93.57560157168481
4960,94.06200470270937
4968,94.2279938070335
4969,103.57661560883056
4971,102.86318031295156
4973,111.96298074569526
4975,112.91130678952274
4976,94.23135057093438
4978,94.4705002180998
4979,112.60328897396343
4982,94.67399085721843
4983,112.2682478429744
4984,94.29443482076255
4985,116.34872052790072
4986,94.61183028042865
4987,114.31207830925914
4988,95.01604123360912
4994,94.66055512992133
4995,95.00823384047186
5002,79.29225578211683
5004,94.37740329121831
5005,103.32647900621822
5006,94.94092407559933
5007,102.95829045263142
5009,112.09447066488565
5011,111.96294370003008
5014,94.76629429919501
5015,104.45609817453274
5018,94.37034036613545
5019,112.09351487110453
5020,94.75592832806672
5021,112.32654514789519
5022,94.32013476670917
5023,94.53391002254958
5025,95.29271997475348
5032,94.62018970072467
5034,94.04752508534347
5036,94.36098807910113
5038,94.29828013567692
5039,112.90304058648158
5046,95.14426200214905
5049,112.09348562452678
5051,95.0079842103271
5052,93.72838952461336
5053,112.01699516204778
5054,95.18704747698743
5055,94.51162716136932
5057,94.61590753046741
5059,94.64732373946893
5062,95.33688902704557
5063,112.36006590922929
5065,113.65870297626353
5069,94.70949324394567
5071,95.28832637511812
5074,113.01243708245676
5075,93.91769052753006
5076,111.84288326369361
5077,78.89330595255524
5079,104.2378091050775
5080,94.88904965805071
5081,111.91495523096452
5083,103.51567538375645
5088,103.64517412537
5089,94.55654251697666
5093,112.97491245610857
5094,103.3153362182814
5095,94.74912547381345
5099,111.42140476430998
5101,112.3689628845602
5103,103.0887399684
5104,94.71902305595563
5105,112.24635461489933
5107,94.2313946312434
5108,112.84835669512435
5109,94.52351344790634
5111,94.44403388834985
5112,111.58146894548301
5113,94.60217343246106
5114,112.39556916856273
5115,94.69871013537863
5118,94.6659002024042
5122,95.15354154851403
5123,79.52245669588194
5125,94.5234459427262
5127,103.35372811158305
5128,94.78380373584187
5129,115.7111137136634
5132,94.95087967014851
5134,112.56086339154734
5135,94.65636313478493
5137,112.2149742364208
5142,94.14292857620845
5143,102.97288043823826
5144,94.29037192716336
5148,94.5919928126878
5149,94.24222927895056
5150,105.0149400570495
5154,78.89098135461748
5155,94.50086784573261
5159,94.49276181306371
5164,94.58267305889387
5165,112.94572849479067
5166,94.53061967392082
5167,113.01665702597586
5169,93.9028011905873
5171,93.64387648903246
5172,112.52804283758138
5176,94.64319661629224
5184,112.17430189090342
5185,94.34061284573383
5186,112.2284381247253
5188,104.66063970572026
5189,111.92650130723806
5190,94.8125486353972
5191,112.94570314775663
5193,112.48766286790664
5196,94.46897108673119
5199,79.03595733407963
5200,103.6118338443379
5203,94.31916513919239
5204,111.83779369401915
5205,94.16708723476458
5207,94.56634238147484
5208,109.3395117151124
5212,94.76169146587114
5214,94.6202939631232
5218,94.04269940506367
5220,94.46226326583019
5222,93.85866719212541
5224,95.0681390108056
5225,103.63258176472871
5227,112.23207887719838
5229,104.0933704066889
5232,93.49112231884257
5233,116.44091650033187
5234,103.82077682165422
5237,111.72688353206095
5239,112.59496803225082
5240,98.48195161692314
5241,112.0729584806088
5244,94.60703594238896
5248,112.06340728384873
5251,93.55301633263107
5253,94.44059133075572
5255,94.85487427846357
5256,103.0649129250435
5257,94.6090716523153
5259,94.99497714321618
5260,111.7495967053878
5266,94.42014381095916
5268,94.49313924621117
5275,111.89477708942314
5276,112.41315720872251
5277,93.55289175373926
5279,94.98017131577166
5280,104.09737189600281
5281,94.40446991567535
5283,94.42548264514636
5284,79.33981138470728
5285,94.98008094533085
5286,103.12128534107435
5287,94.53830598736863
5289,94.36026812663408
5290,112.4875683039719
5292,103.65485204336818
5293,94.90577163381346
5294,102.38577352595178
5297,94.23639739119884
5299,106.6714446213146
5302,94.72307960129632
5305,79.08658873022648
5306,94.84689761836339
5308,94.29081847374857
5309,94.52717243573179
5310,111.93804622619686
5312,112.30224412210654
5316,112.29279503213314
5317,94.81958402153032
5319,79.43282622615075
5320,95.35011823545628
5323,94.29847902135813
5329,112.4284482521708
5331,111.89741755484036
5334,111.90034243492306
5336,112.55522670628963
5338,103.46930930792706
5341,94.06521145720697
5345,96.89293235047666
5348,94.54948825729025
5349,112.59387980425697
5355,104.37081979760924
5356,94.578209118189
5360,103.12649811279613
5362,112.3396099285915
5364,112.13330915069466
5366,104.75517797034846
5367,93.77834277416511
5368,94.64183087161823
5370,94.11838626543482
5371,79.24682691984916
5373,103.47623128149056
5375,111.69072299682671
5376,94.22728353226717
5378,111.9567818304167
5379,94.98042030656444
5383,94.36106215897388
5384,103.73880318144649
5389,112.2976066779606
5391,80.20969412711798
5393,111.78729546640517
5395,112.80436047219973
5397,111.6462316913732
5398,94.56224562659341
5399,112.72063922646461
5401,116.9123332248675
5402,93.7291619222741
5403,112.6277321897139
5404,95.44324012119799
5407,79.01575166614919
5408,94.3455398930258
5413,112.82022536925919
5414,94.52391951075236
5417,94.50136366916826
5418,103.74503401683899
5420,112.68736222309846
5421,93.3786325390324
5424,94.5257517737
5425,113.23767132284294
5426,96.29368396928166
5429,112.74571068789467
5431,94.83309842004317
5437,103.23328152172476
5440,94.09194035555836
5444,103.92908954912275
5446,105.19376203702885
5447,94.75704496411666
5451,96.79375038333251
5452,110.70224350448271
5455,103.89371626419674
5456,94.63997407230909
5458,94.86611197785174
5459,112.47051206875832
5460,95.01538216007009
5462,94.60387079286582
5463,111.98445470241774
5464,94.01443681701275
5465,113.86837914424746
5466,95.21472962525573
5467,103.42257122294706
5468,94.87295744308426
5469,112.23715728816077
5472,94.76891481804276
5474,94.38750477282537
5475,111.66447762161172
5476,95.51424990569333
5479,103.48278700966853
5480,111.8731310097811
5482,112.5485841288039
5485,94.15155473933427
5486,116.94617064764978
5488,79.4416138696437
5495,103.5114503055367
5496,94.99068222147369
5497,114.22984391957752
5499,114.41290166218849
5503,94.44041256811619
5504,94.42328398049173
5507,95.51169435463981
5509,94.43967467490978
5511,94.17132032558126
5512,112.18861530703083
5516,111.86677877521592
5517,95.02873630255792
5518,103.5320021782774
5521,94.67663644318242
5522,103.60414753621379
5527,95.01588628270255
5528,94.65312230939188
5529,111.77941844221485
5532,94.56916455242629
5533,113.33930589399671
5535,103.74528423424232
5536,103.20969437956987
5540,95.88061915568264
5547,94.32154223129538
5548,112.75759571406721
5550,78.73198490742266
5551,94.20005118096091
5554,112.47164778711493
5555,94.53583219352657
5559,111.58406967049783
5560,98.14033105967701
5561,112.11493625099939
5562,94.15670578014519
5563,112.74824271187208
5565,79.20579939568506
5566,94.86188320553313
5567,103.53358448780003
5568,94.6428638002607
5572,94.99687573803124
5574,94.69793612179649
5576,94.39554197474027
5579,112.75544452092385
5580,78.69779974523266
5581,94.38011550045601
5583,94.69125773398042
5584,112.88344562793952
5586,112.42881568744502
5587,93.18304376705083
5589,102.85794612505961
5591,102.53237502245574
5592,93.98400779266922
5593,113.13124533497623
5594,94.9293429392437
5595,79.13328363215112
5596,112.1368729034825
5597,113.84952792512561
5598,115.73864111130504
5599,94.59525279952243
5602,112.32188175430926
5603,94.92933416527035
5605,94.03901831251156
5607,93.99295746504498
5608,112.45176634688826
5609,93.93935926160066
5610,94.86184727809578
5612,94.25053312396415
5613,111.90683899320337
5614,94.32051523224331
5616,94.37964479579765
5621,94.71220910396292
5623,94.66125085480883
5628,113.33912199001745
5629,94.51681957720027
5631,94.8931952359853
5633,96.74818899788093
5638,103.41791823093493
5639,94.97065629309662
5640,104.42726154942324
5645,95.27644089413485
5646,78.92288429469136
5649,95.03243369869273
5653,113.36081061178723
5655,115.66712885244507
5656,94.66523937449125
5658,94.66710346974816
5662,116.43320457309801
5663,94.04583977728609
5667,94.544963911243
5670,94.58329698594204
5671,102.5792187424253
5672,94.93247714920486
5673,102.80086236888275
5674,94.35127987097817
5675,103.48383978184643
5676,95.00180196892387
5679,112.10572509341947
5683,117.7349573906001
5687,95.0115963300284
5688,79.89998854798623
5690,94.310022254822
5691,112.27135706221583
5692,94.40498814133645
5693,113.10426832251053
5694,94.95250964139191
5697,114.51482808057605
5698,93.81393309768495
5699,112.14192996093533
5704,94.61041352723245
5707,112.10289017942605
5709,103.12940154317747
5710,94.89567406716517
5714,95.09831118804118
5718,94.83679453214981
5721,95.80956992780455
5723,94.40446200922821
5724,113.95859000641917
5725,94.43649196340755
5726,112.64407989921625
5729,96.68729732693703
5730,103.64433000627355
5731,94.68028771800778
5733,79.1828214819667
5736,94.22743582950613
5741,102.57478664786117
5745,112.80121164493835
5747,95.40276716273138
5748,103.54530387889292
5750,112.85390299853609
5751,95.81251947281879
5752,94.83039748117284
5754,95.012826301579
5755,95.14788118077897
5757,95.26487599614384
5758,116.1292067863157
5760,103.3254667602107
5762,102.63321480563812
5766,112.76933082077142
5768,96.012400282806
5769,116.2387872109876
5770,95.64262152362858
5771,112.44465706206446
5772,95.01919085114599
5773,112.55068017453743
5774,94.8774528766113
5776,94.42683313080153
5777,112.2953573378019
5778,94.0232823646779
5780,113.30930824728043
5782,94.75661156580824
5783,79.61933431609864
5784,95.47840336138901
5786,95.78682769800281
5788,95.5743882021678
5789,112.7534545165592
5790,95.70460181359584
5791,104.51623974200126
5793,105.60050204414688
5794,94.91787431044838
5796,116.53977865029808
5797,95.01230803129843
5801,94.01371126807331
5803,94.97558730286406
5804,112.07486628487189
5805,94.49404309109775
5806,79.07054597366533
5808,112.11921205573833
5813,94.67425684962754
5815,94.843510784897
5816,106.09242178799218
5822,95.60416075178114
5823,111.93599089881104
5825,103.96885045237252
5827,112.78990886493702
5829,102.41760430278424
5830,95.49467484687929
5831,112.57583941363549
5832,94.4544884981272
5833,112.03678259325818
5837,113.36131051180826
5838,94.65891598098548
5839,94.86559772824111
5842,104.39156551851241
5844,112.25044832214971
5845,111.66039487593656
5846,115.01690460305113
5848,78.88510549705316
5850,112.70877071990446
5851,94.0723941988393
5853,95.58354062280691
5854,103.83546790919789
5858,104.31533226897042
5860,112.55335020444366
5864,102.68981994215028
5866,95.018648739106
5867,112.19968091398658
5868,93.9967468418296
5869,112.34741644267737
5870,94.37192429181752
5871,112.50689172679222
5874,112.8968424154157
5876,112.56322230158136
5877,93.56754277279182
5878,93.98419066265197
5879,112.00847847116185
5880,94.33381733624515
5884,93.7421960555784
5886,112.03955954691571
5890,104.15665598934243
5896,94.5045091568401
5897,103.26079098098731
5898,95.2048560349937
5901,104.90520517446873
5903,112.17781812033937
5906,94.44296435151031
5908,111.84756727423004
5909,93.48355688015005
5910,111.77308845354838
5911,94.48316704811154
5912,111.93824061144977
5914,112.88022474566228
5919,111.99713845966457
5924,94.51007812991114
5926,94.30561641408048
5929,103.55720908733005
5930,94.10412020496645
5932,94.86677204658707
5933,112.18348991423596
5934,93.65627084643836
5935,111.72645483170459
5936,97.92988978600224
5937,112.61747199833277
5938,94.20918292664203
5939,111.20551765054577
5942,111.80219451916886
5943,94.50245347871504
5944,104.66924756727931
5946,111.56362519926802
5951,94.10340507947552
5953,102.61692992985596
5954,94.46279279159097
5957,103.53961183385701
5961,94.14438844541684
5962,104.68292485082523
5964,80.2285461369346
5965,94.61433994379902
5968,112.8975943741683
5969,94.10233106349173
5974,94.76512553729475
5975,112.61974025992777
5978,79.77261895004304
5981,103.35193584870419
5982,94.68423819881627
5983,112.57893808828177
5989,111.27698817497148
5991,94.29212101045061
5992,102.46239060914968
5995,94.51900549218522
5996,103.28451343700726
5997,111.64609731071769
5998,93.83701709675108
5999,78.4758875700897
6001,111.39779476615445
6002,94.39933439340834
6003,111.26952743552323
6004,94.34126119817361
6006,111.8325051627209
6007,94.53382419148457
6011,104.95119691003885
6012,103.1143525992438
6014,94.31200035068153
6015,102.91331107982612
6016,94.53286932617934
6017,112.25647515186637
6018,95.19849057456156
6024,94.63055244437257
6025,103.30976300236568
6026,113.12258122607062
6028,112.37986988466415
6029,78.76697802838859
6030,94.64499648869227
6036,112.551553980108
6040,94.08435964720215
6041,112.23127475265102
6042,94.17271333751256
6044,94.78495541806862
6045,103.41399146705112
6047,103.58684870917378
6048,94.14588624273412
6049,111.95211503705971
6051,116.04249025946524
6052,112.17037916116462
6053,93.32068235009552
6054,112.15084826077461
6058,103.8173250174163
6059,94.22572476215302
6062,95.08463951862103
6063,116.34357261600991
6064,103.17750037994972
6065,94.1327666715384
6067,94.71039745094058
6068,112.216470293524
6070,102.6248038442769
6071,103.1863827495213
6072,111.8506655610255
6080,111.8506577619381
6081,94.16984945053707
6084,104.77590741620719
6087,94.61867356419415
6089,103.80701033001546
6092,111.85064606330698
6094,93.9808643038755
6095,111.89197115220264
6097,113.46118903107921
6100,94.29023099876284
6104,103.01415772827625
6105,94.07512668062813
6106,111.53299208574947
6107,78.78630360871912
6108,93.91008469347037
6109,111.8464867290158
6110,94.01856472655422
6114,111.84285026278928
6116,93.63001277826015
6117,103.4318427230184
6118,94.77013979951698
6123,78.96022371059692
6125,111.90916907847642
6128,111.62946296934467
6130,102.90386058903846
6132,111.44806683637165
6137,79.70392082042352
6139,112.15963033529391
6140,94.58500248126572
6141,113.316492815786
6142,104.29798989333969
6144,109.95763558725116
6145,94.66950854276274
6146,94.2741488828386
6149,93.37011097144946
6156,94.07897329724653
6159,113.0021436438793
6160,94.5849829835472
6162,103.27898322208583
6164,111.16468755652596
6165,93.70637035122243
6168,79.75238303060044
6169,111.59235602194008
6170,94.16534630883922
6171,111.76342035634792
6172,93.42002041919892
6173,113.48025270833455
6176,95.51757374845701
6177,93.29114744174194
6178,94.54181745138101
6180,94.31239972638124
6181,103.43490838207697
6182,94.28436642390454
6185,93.82857679775239
6186,111.95948117251217
6188,112.18197525545514
6189,94.6474666429196
6192,104.90656232139835
6193,94.21543270716109
6194,103.56535835504434
6195,94.26284001871923
6196,116.04422573206074
6197,93.83047674942378
6201,112.0291229212936
6202,94.14872377661959
6203,112.10224871810377
6204,93.83849937599402
6207,117.80168418556167
6209,94.36097462153901
6210,94.29543780948077
6211,112.46505949384704
6213,112.22880299512343
6216,93.26834330790962
6217,93.69645418817424
6219,94.10159635417952
6222,78.56765197674417
6223,94.62438908549521
6235,95.10127172335149
6240,94.57951167259071
6242,94.10690634943344
6247,94.13268935766658
6251,111.79871986791531
6254,111.43113271474189
6255,94.515363829725
6260,103.23093422874405
6261,94.37052971316987
6262,103.4433134690824
6264,111.90606761761967
6269,103.46043841830709
6271,104.11043341681292
6275,112.67976183930543
6276,94.22823413328356
6278,94.86194533005056
6279,112.32831751007424
6281,112.33990875502974
6284,94.06295047659873
6286,93.93713854171583
6287,78.65317162620846
6288,94.58683487318348
6292,94.0867051976183
6293,93.92378553595137
6295,94.10289502471767
6298,111.54447025189009
6300,111.29983176647372
6304,103.12455440128394
6308,110.98680516855816
6310,94.74928085308895
6312,111.62883582424325
6320,94.53471780036904
6324,93.4758439919008
6325,111.82474788504823
6330,94.95342825469638
6336,111.68716414980588
6340,103.84945393887728
6341,95.75464915622067
6342,103.92189947725907
6344,94.28091379213629
6345,112.23179496323488
6347,112.60463389481069
6348,94.04872082311408
6349,111.40783934249978
6351,78.64608990664533
6353,112.28329320662795
6354,93.90743755157783
6357,93.72451267479607
6358,103.04992478592911
6360,102.48412306776851
6363,113.20117148685293
6364,93.22607338900178
6368,112.79807807774185
6370,94.14113782603096
6371,94.0479703908384
6377,95.04207180883469
6379,94.291500494583
6381,94.02983253872176
6382,78.6234032960225
6383,112.57384196852703
6388,111.62040687744496
6390,111.54250880950906
6392,102.36990062919367
6393,94.34202395555505
6395,94.34713833049378
6398,102.43876594365037
6401,78.51281958764304
6402,93.42983592517655
6403,111.61139847650796
6405,93.86547820379724
6406,93.23134845524925
6407,111.85010137793142
6409,103.2922071652149
6411,93.98006184253836
6413,94.46643417211783
6416,104.40139193096192
6417,93.95310934972255
6418,93.73260323611032
6419,116.84852798581971
6420,112.20343878211656
6426,112.26071442694163
6429,93.93916599869326
6430,93.94070223781708
6431,111.5975161992333
6432,94.11207567169174
6434,94.38736554277511
6437,112.98413815143863
6438,94.22976197992472
6439,103.13214022247496
6440,93.87407261591096
6441,93.9563738435192
6442,111.00857597432767
6443,93.89412432561798
6445,94.3105003657723
6448,111.46798895887804
6450,110.80201183046066
6453,94.31352746201782
6455,94.21167063169412
6457,93.68379784184847
6458,111.15685480041623
6461,93.76109863911594
6464,112.15179829192098
6467,93.74747894038723
6469,94.44566545419823
6470,78.85949427561093
6471,94.0785061783088
6473,103.10077315301365
6474,93.92501575632247
6479,93.6918781706
6481,93.5984963897397
6484,111.7637549615155
6495,95.81021467222297
6496,110.99674542809092
6505,110.70746567345051
6506,93.96432078429947
6508,95.06117058048281
6509,93.9922906234417
6510,103.18667046931458
6512,103.1674505939458
6513,93.7784772438294
6514,111.48171323170675
6515,93.12170120517189
6519,94.22780759500122
6521,93.70295052248451
6523,78.37345971666903
6525,105.03703556906004
6526,93.98757864501943
6528,94.20396538021714
6529,111.09855804445303
6531,103.55456620450826
6533,104.0291241724072
6534,94.4959269076493
6535,111.23050790356814
6536,93.26812279025444
6537,112.09779451868468
6540,93.00742838680455
6541,112.06532796203285
6547,94.56633930034468
6548,111.1312696241595
6551,111.7625681627622
6553,110.71398967037698
6555,104.62951318634259
6556,94.78792414801822
6561,78.3238836104257
6564,93.58929300321415
6565,111.34225691626773
6568,94.04734069142077
6569,110.74462770092453
6573,103.15934213438493
6574,93.6450342564097
6577,111.54519704094423
6579,113.14410666344617
6581,93.64605840205769
6582,110.96017721899764
6585,105.55184455709042
6586,94.31521130904949
6589,102.5247751350935
6590,78.44508953830032
6593,93.91641863984424
6594,110.78040233067648
6595,93.20742512208255
6599,93.503108421011
6600,93.28595578193836
6601,110.13568674780066
6602,92.67589981605323
6603,111.13140444091508
6604,93.53347032805516
6607,103.46351643886467
6608,104.48266097085946
6609,93.31567399273607
6611,93.66552640062093
6613,110.74458480594379
6614,94.11243400670105
6616,93.34501575477128
6617,110.7445809064001
6618,93.8061687650846
6619,102.75424301684927
6621,104.59665007678169
6627,103.56466416368605
6629,110.39119279463003
6631,78.4576355907777
6634,93.87738555465225
6636,93.75144082895434
6638,94.05196452704271
6639,110.73793714445662
6641,111.11758870872646
6642,93.86898224639333
6651,113.825711175078
6654,78.84520898510439
6657,94.08255798371997
6663,93.55642272547163
6665,112.1623674155336
6666,93.87855908205842
6668,93.80612002078831
6669,104.46308200774251
6670,93.78535895804637
6671,95.92169265137119
6673,94.12210094078921
6675,93.70763877036865
6676,78.38886465197155
6677,93.89529123949077
6679,93.80705351096165
6680,111.02191089771347
6681,102.84332672758782
6685,102.94149787687223
6688,94.41900030334327
6689,93.61321727186808
6690,110.3942156019792
6692,110.71717166935022
6693,93.97292724087089
6694,93.70607948782487
6698,115.4715164906934
6699,93.3772612457195
6700,110.51705436386214
6701,93.51847281964336
6702,110.81416204256129
6704,93.61320264857918
6707,110.40803626358343
6712,110.93955623498982
6713,93.03860932482561
6715,93.38139261979768
6721,110.11787922817177
6722,93.5668597950229
6723,111.55028847224759
6724,93.30634733679003
6725,115.8651135208242
6731,111.07821951593363
6735,87.51589196589705
6736,93.46046608029872
6737,103.85980626705785
6738,93.36568594180301
6739,102.0162557758396
6741,102.3667213930828
6743,94.06064948773306
6745,93.71791804235369
6747,110.35099291922364
6749,93.5970144553981
6750,103.1540995466475
6751,114.28328328025592
6752,93.29972815877275
6753,110.60994972572283
6755,113.47892171681659
6756,94.05495553502291
6757,103.16122261264019
6759,110.92978482008348
6761,93.25566411007026
6763,93.89621404154028
6764,117.8495191648239
6765,93.9913894503969
6766,111.08927233171747
6768,110.93357590120905
6771,93.40778477203114
6773,93.85292957573168
6774,93.64823386814095
6778,111.28261462546175
6779,93.95657153681628
6781,92.86166534664403
6784,93.29598462247358
6786,93.90682948191426
6787,111.31565271529055
6790,93.44223390429408
6793,103.56350083718877
6795,109.9388424963343
6798,111.30895101254146
6806,102.88637467284462
6807,94.70683897197196
6810,93.2477858659388
6815,110.97404216653152
6816,93.51540021228146
6817,102.06579842012962
6818,93.79427922651936
6819,103.02584205120957
6820,93.85374700196246
6822,93.3682241568469
6823,114.72745236921057
6824,110.51081470359333
6825,93.97407180667912
6828,78.44542476545396
6829,111.30654041998403
6831,110.74172676366919
6832,93.43311883641724
6833,110.26551326604579
6834,93.89126121385814
6836,93.96078489458762
6837,110.83514055100699
6838,93.17559287476018
6840,102.2549769802581
6843,93.02816983800963
6845,92.63318950514855
6846,93.26047342493646
6847,110.0767712851233
6851,111.20747417268899
6852,92.97537244440429
6853,110.31829680787806
6858,93.92882420363287
6861,111.35565015381019
6863,109.89032089854578
6864,78.39329889992095
6865,94.009106984965
6866,110.647581761737
6867,94.11023250716715
6868,102.3926197718016
6869,93.83112671230955
6870,110.51076985884077
6874,110.88897793439472
6875,93.59044038543047
6877,110.7528284643268
6878,93.33322943786393
6880,93.57898734298072
6883,110.21120426784327
6884,93.41270840344157
6886,93.78788526858173
6890,94.17815671737114
6893,110.86245489496059
6894,93.6576802886228
6899,110.75280701683644
6900,93.56090895376181
6904,92.9018925270652
6905,110.58660818368719
6906,93.08873566621807
6910,93.78093680746537
6912,103.01582772116046
6913,111.03456529842356
6920,93.42568803305761
6922,93.74209943215848
6923,109.91148077245927
6926,93.8853997767032
6927,110.57329058428834
6928,93.5614165289619
6931,111.12433790156282
6933,93.08551004848772
6936,92.79806346582012
6937,110.75491916104724
6939,112.50848949591392
6941,93.69985811782203
6942,111.12106226076347
6943,93.34000754962852
6944,101.77926083766133
6945,93.74640087536451
6946,113.39411861907294
6947,114.78363641499644
6949,103.11150785754319
6951,103.25136393261621
6953,111.87916921279952
6954,98.08478368201045
6955,111.46797722632883
6963,110.04316809437339
6964,93.42086829448479
6966,93.73475970348841
6968,93.14322872191397
6970,102.7586660348411
6972,111.4190194287552
6976,111.4018893316032
6978,110.64129276494307
6981,102.5843105144514
6985,103.87127767501755
6986,93.19191577563558
6987,110.79620877570312
6989,111.19261490698597
6991,114.71809516796495
6993,112.7954733106368
6994,93.91816847595408
6995,110.52801250005322
6996,93.44479848980109
6997,110.77184599950013
6998,78.5235378309439
7001,110.04429834607149
7003,111.59291304314155
7006,93.85987775506746
7008,102.35463919321867
7010,92.6509722297933
7011,93.88564117809011
7012,112.77260137367497
7013,93.1123507630376
7014,110.76522237077532
7017,103.20622297046609
7018,93.67014973474801
7019,92.65991273560513
7023,93.51236514929187
7024,101.74798160871711
7025,93.17854157344388
7026,111.35658793044502
7027,93.2696244284239
7028,112.65892404544562
7030,109.97677562958714
7031,94.03523848525666
7033,111.30145110136073
7036,93.64977883689755
7037,93.64718433742047
7039,93.0602159028567
7044,92.9914005307619
7045,110.82498904426575
7046,93.93643959797407
7049,102.78235474886446
7050,94.06748638389209
7051,102.75858706908113
7054,110.59536936711186
7055,93.83278245543588
7057,93.2924857494589
7060,110.75265006020246
7061,94.3589102986048
7063,92.73100252287756
7064,110.5574938779439
7067,93.54325419884185
7071,93.54240358904286
7074,102.7001246259905
7075,93.34244981810573
7078,110.8249568730302
7079,92.82952580044932
7080,114.72717399083024
7081,93.78183278963812
7082,111.03934658920917
7083,93.0755077643471
7085,111.46005704501877
7092,102.77588871252772
7094,93.75597499644502
7100,93.37135110382954
7101,110.46896257723722
7102,110.63739532879535
7104,110.43325596893268
7105,94.35886740362409
7106,93.58796403023578
7107,102.90384037492535
7108,78.25661539392561
7109,93.13123002516872
7110,110.75098158488373
7112,93.92620640399343
7113,102.70122224382953
7114,93.81228201806917
7116,110.88483346261896
7117,94.7521967694461
7118,103.28566347653299
7120,93.53399316119456
7121,102.19098368659252
7123,102.55864806026219
7124,93.9866277025688
7127,106.74581299183941
7131,102.51173474359666
7132,93.75391040654014
7133,92.93114864450808
7134,110.73777689325334
7135,93.10145912187656
7136,111.15868863977056
7137,93.01438327030368
7141,93.48774032225987
7144,102.74117767910414
7147,110.57499871680665
7148,93.20841660171354
7150,92.48396178851786
7151,93.52624962185979
7152,102.39515002915758
7154,94.25093020699092
7156,93.63381490865109
7157,103.01774213548958
7159,114.90378343791073
7161,93.73664649057054
7163,93.90815675139461
7164,102.60743894454245
7167,78.86559907763652
7169,103.45017250831242
7170,93.82425701111887
7173,93.943455840426
7174,111.60292520749749
7177,110.81846922608824
7178,103.51763142296869
7179,93.2588019316459
7180,78.04138235517786
7181,110.56493291687659
7182,93.77618156493335
7184,93.79334758386017
7185,111.295184144286
7186,92.783690896835
7187,113.76836490575326
7188,93.30119049425085
7189,110.5513627722097
7191,102.65951670969017
7193,110.09242812354023
7197,94.12432485697792
7199,92.56337641584022
7200,111.03923155266997
7201,93.05101025792112
7204,93.473820596253
7207,110.15392734523314
7209,109.88637488440233
7210,92.97611822812519
7211,102.78585838778122
7213,91.85283037384582
7214,110.76125847269182
7216,110.73651439645514
7217,93.23155175818519
7220,110.08078692513408
7224,110.04415241968638
7225,93.46699040205701
7226,110.73650464759586
7227,92.77938964814038
7234,111.29513637487565
7236,88.18160344049429
7239,102.7132264845743
7240,93.48013576529314
7242,114.00977043370656
7244,110.43186063480547
7245,93.0438375060651
7247,111.06329691913206
7248,92.2412777973519
7249,115.10812532464229
7250,111.4575582156657
7251,92.50711199501964
7252,111.49625976772853
7253,78.24404347911045
7256,93.41981549809216
7260,93.7341247551035
7261,110.716664201763
7264,93.50765874598792
7269,110.90640707406232
7270,92.843134600549
7273,110.87637429426599
7279,92.79563090375026
7281,112.93120658306921
7284,92.36398218143131
7285,111.60569414922736
7286,115.02846889253493
7287,92.93814543988208
7289,93.35240027814481
7292,93.35552110357514
7293,111.24019069296642
7296,92.90526431917465
7297,111.24338580911314
7298,92.19796816681742
7299,111.27637294467206
7301,102.32542704521592
7304,110.47899757622025
7306,114.26490762160952
7308,93.40498643060519
7309,101.65664757033889
7312,92.71414718516976
7313,78.22415618956819
7314,93.53867669156693
7316,95.74667314920174
7319,114.5981996051606
7321,93.95284820777175
7323,93.31445514238479
7324,102.16143367557402
7325,92.6989762052007
7328,102.3966039210301
7330,78.30300001841081
7334,92.69896743122737
7337,111.47738612031677
7338,93.4974788515079
7339,92.8203458458058
7341,92.49677000475054
7342,111.36723567703947
7344,111.20268252939528
7345,109.86170907074109
7347,110.235290991596
7349,112.728312837213
7350,93.98137530679116
7353,111.39718370285902
7355,111.13102457822947
7356,93.49523642253948
7357,111.54205625882872
7358,93.96781462663458
7360,92.30931223320721
7363,102.09444945255498
7364,93.59239235690197
7366,92.8799040201398
7368,93.12361085634771
7369,110.7440938155687
7370,92.71019983543539
7373,92.99722310007499
7374,110.32678206570381
7375,93.1863237011388
7377,96.14594668227573
7379,92.67889538410165
7380,117.87414904280874
7382,110.35083163033292
7383,92.77860685669256
7385,92.58237024231556
7386,102.99126271050781
7391,93.45695004727031
7394,106.69091691529391
7396,111.40541392919559
7397,93.34091872434851
7399,95.41969079875022
7400,103.0974802323307
7403,78.22520232306582
7405,110.57412158588633
7408,110.8562307828106
7414,110.18230235212357
7416,103.02072430114572
7417,92.2939448879271
7419,92.40762667500434
7420,110.6620583504531
7421,93.25859166668951
7422,93.24925720023705
7423,102.46498476305297
7425,78.18169082227334
7430,92.9094589370109
7432,93.27426715261333
7433,93.82369731615216
7434,109.86392450028268
7436,109.94545319848135
7437,92.68001015588396
7438,102.38188220633879
7440,102.39219497609167
7441,92.63820943190993
7442,110.4716685229196
7445,111.3502514136915
7446,102.43802330831903
7448,111.05024498105377
7450,105.16286007848674
7451,92.74438559613662
7454,111.6725158941127
7455,92.97123744130994
7457,110.8593186945526
7459,102.36210578861059
7462,93.02734552419753
7464,92.73908586656043
7465,112.28695371773082
7466,92.83771317611726
7467,110.24730943397458
7469,111.11403722053086
7472,93.22904728837005
7473,109.72773230492689
7479,92.57548939512702
7480,103.25817647241368
7484,110.56848025427021
7491,92.57548865361528
7494,102.85185554859365
7495,92.65910721980376
7501,92.66624540887747
7503,92.41719753603886
7504,102.76171600239758
7505,92.53775798858118
7508,111.2984016658001
7509,92.61976292697088
7510,78.17747442146472
7511,110.46783003551047
7515,93.15289883010121
7516,102.86466305127465
7517,93.31252828555549
7518,102.97068134453616
7519,92.6058873822
7521,93.14525604154804
7522,102.5610494911989
7524,103.50013042089515
7526,102.70814383469238
7527,92.79952713082875
7528,102.13815164708402
7529,93.00876895547097
7534,111.11689402829171
7537,110.77683331396469
7538,93.70094740149162
7540,92.51971031947204
7541,111.40351780999424
7545,112.87839794365365
7551,111.04810347745317
7553,92.68371650893963
7554,102.29409061636196
7555,93.21425660892518
7561,111.37989296559604
7562,94.02237211486232
7564,92.67003245717524
7565,102.35694745123811
7566,92.95742761145809
7567,113.01788666608144
7569,101.90575866391407
7570,92.99069739814584
7571,113.38621267761553
7572,93.10742692897813
7574,103.19524670719085
7578,110.90712096040642
7579,93.16065518202646
7586,92.41944325930237
7587,79.64550836571041
7590,92.61207426881492
7593,109.77754970582288
7594,93.1054313430098
7595,92.95739933976625
7600,92.38675769486616
7601,78.5978040542607
7602,92.9069949767597
7603,111.6085472658958
7604,92.40978548439307
7606,93.22544981697885
7608,110.65860546510777
7613,78.07221424869294
7615,110.26783318064278
7616,109.98234894704211
7617,112.85417291413947
7618,92.62818139716657
7619,102.74256092176617
7622,93.47969118478764
7623,102.12120230431123
7624,93.25742179288008
7625,102.4243864323139
7626,92.77680787888818
7627,102.22769118910747
7628,77.97188146500028
7631,102.39851172308909
7632,102.74650790401085
7633,93.11856709887672
7634,115.58895202836521
7635,92.96810651018384
7636,110.92362020315554
7637,110.80421920385555
7639,92.30944153710806
7640,77.96823568347273
7644,111.08519305146365
7645,92.8985988696532
7648,102.3266314659923
7649,93.44879173966774
7650,110.59458891559242
7652,112.23188554980496
7653,92.69774102962444
7655,92.85017372073585
7659,110.88014074952926
7662,93.51883534964571
7664,93.32743147679093
7666,93.53529771017324
7668,93.05973687517368
7669,110.79757847224579
7670,93.32836870779545
7672,93.45002437686111
7673,110.618820338431
7678,92.3422828792618
7679,78.1683107428612
7680,103.47153611190845
7683,92.20778292122583
7685,114.76992112069814
7688,92.90183898869518
7690,109.67111957892115
7692,92.48500644666146
7693,92.54627125299939
7695,111.16393438898751
7696,92.42819837710778
7698,92.59585054115678
7699,110.66416700067427
7702,92.02523725707746
7703,110.72086476128683
7704,92.98317496255598
7707,110.16723154820113
7713,78.0784750496527
7715,102.51932676992851
7717,110.95748441366513
7718,92.5055762113544
7719,102.67542791188873
7721,111.95352069966776
7722,93.28972640005762
7725,101.2917927621894
7727,103.72720840522715
7730,78.47246483442353
7733,92.8599731908117
7735,102.22642794956761
7740,110.81620375154276
7741,110.1886316706998
7742,92.28536665691692
7744,110.66466481781936
7747,92.59566634786569
7750,78.71986809445502
7752,111.20085849578274
7754,110.64420066222183
7756,104.55431829846654
7757,92.61635543648836
7758,103.2798878226088
7760,103.12267254238344
7761,92.67993969171218
7763,109.82162622984703
7765,92.34501556017293
7767,110.7865219730798
7768,92.37190957896266
7771,92.64672681785291
7773,91.91166569073317
7774,114.6094597899916
7776,103.06018007111078
7779,92.17213363746166
7783,92.10171071026153
7786,116.25410227054249
7787,92.5654295225414
7789,92.35679338323132
7791,92.74864555714709
7793,92.18019250262174
7794,110.19465299979262
7795,92.23195500261133
7799,77.92721938231315
7800,109.88502343221535
7802,93.01868010148598
7805,110.40989038395759
7807,101.78899202138138
7808,92.9171129936181
7811,102.84545887496262
7817,109.64753538022504
7818,102.52001259763614
7819,92.6559370374267
7822,92.18152943093972
7823,110.60592538728048
7825,110.79178583558149
7828,92.15208567181361
7832,92.70190677828043
7833,78.28872743544719
7834,110.26652104781263
7835,92.47766681240452
7837,92.72048621903414
7840,92.4703436264515
7842,93.2906847477887
7843,111.87250124920476
7844,92.25819565608936
7846,92.5789733425218
7850,92.61916219888127
7853,110.7063962721034
7855,111.23958908522337
7858,92.76825565711809
7863,110.59143631860127
7865,110.70444670726135
7866,92.5082115974302
7868,91.73972139252365
7869,110.88377360893415
7871,78.43395114905834
7872,101.39573929343337
7874,102.0840814965623
7877,111.17300378592097
7878,92.51302533646566
7879,110.13692242941084
7881,92.19142011261707
7883,92.39692869266716
7885,102.38951164144973
7886,92.47446760630018
7889,93.31280127683104
7890,103.52672500589674
7891,92.45347614222067
7893,92.44893132727574
7894,101.88664707778543
7896,110.42336673281497
7898,101.9363418112475
7901,92.52371931122443
7902,109.83138384104026
7904,111.30160142640332
7905,92.40174873551697
7906,116.62938442327828
7909,92.68509276693172
7910,101.95090583670415
7913,92.63144115184357
7918,110.42315266770183
7919,92.26428855430663
7923,91.55235105661438
7925,92.56581191491259
7927,91.89542859419217
7930,92.776738016601
7932,92.87526698613075
7933,91.8807147500498
7935,92.54755816635239
7939,102.65619674126475
7942,92.33982724188982
7943,111.65772767325313
7945,102.64113887159394
7946,92.63955432531694
7948,92.76635357450562
7949,109.39173511713659
7950,92.3316345227343
7951,110.72996899787813
7955,101.95533084405528
7959,92.63330190012348
7960,110.66105153249853
7961,93.01436934201234
7962,102.7339963486794
7964,102.90970277076363
7965,93.096923292757
7966,110.71063486487665
7967,104.34628730400837
7968,92.60836876156577
7971,103.04043280697309
7974,92.2543283617023
7976,109.56305370280853
7978,110.50192296160267
7982,110.66103008500818
7983,92.59781664588104
7984,102.48356536618189
7986,92.134599379274
7989,109.39169612169957
7991,109.8312970761929
7992,110.47274213790675
7993,92.59877684941799
7994,110.50149349336371
7995,92.6095964249493
7997,92.12856341574653
7998,102.48355171777894
7999,109.51169968682646
8002,92.02603692604896
8007,92.51968022502894
8009,92.91705094240169
8011,92.64140331523132
8013,93.47627720585785
8015,102.49576506415181
8017,111.1759877242547
8019,114.62587648979058
8023,92.43468263053026
8024,111.08653387856884
8026,110.79286127450013
8027,92.40976537423
8029,92.93573554488663
8030,110.6190445087455
8031,92.6591130773842
8033,93.56941305744922
8035,92.28877117162762
8036,102.73750872807469
8039,103.17233689427795
8042,92.10229833616671
8044,92.14663521014114
8046,77.83876756702202
8048,110.61057359165821
8049,92.35867774891639
8050,102.09225041335927
8053,92.34094743815174
8054,92.49273132215396
8059,92.27294079537916
8061,93.43482970962458
8062,109.59839868837244
8064,110.14221235139357
8066,102.88288396440393
8067,93.04279736014936
8068,92.04702308987547
8070,92.6564629099071
8071,110.99677975527246
8072,92.44708102844805
8076,92.44306568831576
8080,91.5161487087498
8081,111.4867468647586
8084,102.96533384519148
8087,110.32695097638054
8089,91.67364002573339
8090,117.69052688112595
8091,102.39897313834882
8094,116.04140643245253
8100,91.84413891157294
8101,92.922861948123
8110,92.46270167629913
8111,109.84460782425685
8112,92.63138563961323
8115,110.38983726105101
8116,93.10225699337718
8118,110.14215970755359
8121,115.44720289745524
8125,111.04814348393805
8127,111.00842290623652
8128,92.87036800075415
8129,109.81749829632975
8131,92.88575684724483
8138,92.50938153281353
8139,101.86651510735848
8140,92.24393116555672
8141,91.81001547113891
8142,110.65544009159441
8143,110.21808595796406
8145,110.81091085145391
8146,91.7365032551063
8148,109.5047145324364
8153,111.07109592346026
8154,91.40191820476238
8155,112.97984641509467
8161,92.44636999031698
8162,110.57450511823694
8163,92.3400451834577
8166,110.65275591840026
8168,110.93049444714404
8170,92.29401656398474
8172,109.54272187916462
8173,92.10359158122148
8176,102.20592035719437
8179,92.06585661902096
8181,92.56950785769016
8182,114.2771915824082
8184,110.4711664100044
8190,102.94953603868532
8191,92.89539468998737
8194,110.51588780128185
8196,111.9115071369117
8198,110.89194438757801
8199,110.66470764321386
8201,111.15813103811553
8202,92.31093757837485
8207,92.99900103749385
8208,109.49287557644848
8211,110.93806666279144
8214,109.9636580744656
8217,92.37368853087534
8218,110.22533706026965
8222,92.30503899265992
8229,102.84990858353416
8231,92.36318939710699
8233,92.86562435209856
8236,92.44014477005584
8238,112.31523760649645
8240,101.40140568150503
8243,102.5527271574056
8246,110.33246272689567
8250,92.37934186295581
8254,93.21081254686882
8256,77.88805544367918
8257,109.67853085124199
8258,92.07636333017564
8260,92.57440016956289
8261,109.83595950785065
8263,113.8452288962597
8264,92.46700063096932
8267,110.5095032787921
8268,91.89721539772265
8271,92.43737360587735
8272,109.49281318374926
8275,92.9259499209796
8276,94.28781316489628
8277,111.73713652554062
8278,114.22905569599607
8279,92.20831083109513
8280,109.64807092754069
8281,93.41089703094283
8282,109.49673230784697
8287,111.0224995281439
8288,91.90830429844164
8289,112.38856355737596
8294,92.12643536926942
8296,92.19431833373568
8299,109.64831943351669
8302,102.43356060486221
8308,110.71139434006761
8314,102.68806495714972
8315,93.18272455802517
8316,109.93510962667062
8317,93.27238872821601
8319,110.7331616911693
8320,92.01758546137884
8321,114.53551652622718
8323,92.22170383484553
8325,92.67415322650714
8326,110.73243392102722
8328,109.4797352136726
8330,110.06800509340067
8331,92.41352871302331
8332,118.40897226116479
8334,92.53733644168895
8338,92.60372999359845
8339,93.39080902524495
8341,91.68482351875045
8345,110.733962282525
8346,92.48513374467655
8347,102.66878346348372
8349,93.7287891035563
8351,92.57764800925011
8352,111.22496075166757
8353,109.52317550216901
8355,111.68343866197074
8358,109.3493406199799
8359,110.53469510975404
8360,92.79730255763295
8361,109.93730056618614
8363,103.31102557544963
8364,92.62116915322025
8365,92.74697447613266
8366,102.29153806812002
8370,109.78685574034199
8372,92.58972012697771
8376,93.25750294742329
8377,110.25396734235156
8379,109.68077088791443
8380,92.28560412869453
8381,111.1374110890215
8386,90.64362446120631
8388,101.59257589805148
8389,92.32858834491353
8391,110.78841757551379
8394,93.21067606283927
8396,103.24754733958119
8398,101.88400225915268
8400,111.57681517361078
8401,92.41432259259057
8404,91.68476210093715
8407,95.91914407231599
8408,111.85759961085151
8409,109.75542834263922
8410,103.12101544166651
8411,95.36443163925259
8413,95.73797666954638
8414,110.33483800117602
8416,95.1511053073848
