"id","y"
1,80.4500885009766
2,97.3373489379883
3,79.6598892211914
4,79.8694305419922
5,126.229499816895
8,94.0537185668945
10,114.445785522461
11,96.7639617919922
12,118.562759399414
14,96.2774047851562
15,119.087280273438
16,109.30903
17,103.702262878418
19,96.8047943115234
20,105.593643188477
21,107.476409912109
22,119.22331237793
23,103.381851196289
26,96.9202575683594
28,93.9548492431641
29,96.3779754638672
33,96.3247222900391
35,115.21953
41,98.3282241821289
42,94.4885864257812
43,118.19800567627
45,104.366157531738
46,92.00675
51,93.7736892700195
53,79.9081115722656
55,112.095901489258
56,94.4795227050781
57,103.911743164062
58,95.5956802368164
59,104.092079162598
63,112.18579864502
64,94.9239120483398
65,104.793579101562
69,94.7480545043945
71,95.0971221923828
72,104.083038330078
73,87.73572
76,129.79876
77,104.113960266113
78,99.55671
82,94.4233627319336
83,104.793579101562
84,94.1328201293945
85,103.70329284668
87,112.392547607422
88,96.272575378418
89,112.892562866211
91,94.7580108642578
93,94.4911804199219
94,104.160606384277
95,97.1458740234375
96,116.02167
97,94.1359176635742
98,113.708839416504
99,93.9980392456055
101,104.248161315918
103,112.892562866211
104,94.06396484375
105,111.885795593262
110,94.7104873657227
111,112.65843963623
113,113.45751953125
114,93.0751800537109
115,116.08723449707
117,112.892562866211
120,94.2070617675781
121,112.413215637207
122,94.1051712036133
123,112.944862365723
126,112.50244140625
132,111.925148010254
135,104.718734741211
137,104.192115783691
138,94.652717590332
140,94.3825302124023
142,113.930351257324
144,112.448394775391
148,93.5492248535156
149,114.432029724121
155,94.5412902832031
156,112.508010864258
157,94.3496398925781
162,90.33211
163,130.55165
167,94.2880096435547
172,116.124053955078
179,113.810684204102
180,105.79792
181,103.04672
182,95.0545196533203
183,112.892562866211
185,112.892562866211
187,112.238822937012
188,93.9928207397461
189,93.9141464233398
191,94.3728866577148
192,113.515678405762
193,94.8302459716797
194,112.071510314941
195,93.6158752441406
196,112.460929870605
198,94.4504241943359
199,112.511238098145
201,104.266418457031
204,94.3434066772461
205,105.128707885742
206,94.1438293457031
210,94.2935180664062
211,104.248161315918
216,112.741455078125
219,115.477981567383
220,93.8793563842773
221,111.995101928711
226,111.81810760498
227,94.1879653930664
228,112.497184753418
230,112.564613342285
231,93.5192947387695
235,116.55069732666
236,94.0466003417969
238,113.660163879395
242,104.76001739502
243,94.4990997314453
244,80.3375015258789
245,112.421127319336
247,120.881851196289
248,93.781005859375
249,94.3195343017578
250,111.572685241699
251,94.0466003417969
253,116.57633972168
254,93.9169540405273
256,94.0571670532227
257,93.2773590087891
258,112.53369140625
259,94.0957946777344
262,79.7326202392578
266,94.456657409668
267,115.980651855469
272,103.600379943848
273,112.892562866211
275,100.830528259277
276,113.391693115234
279,94.5393295288086
280,104.856101989746
283,94.5746307373047
285,112.488990783691
288,112.892562866211
289,94.7588653564453
290,104.323631286621
291,94.587890625
292,111.236351013184
293,112.483589172363
296,115.951965332031
297,112.198623657227
298,115.828857421875
299,94.4233627319336
304,93.5839767456055
305,90.0023727416992
306,94.9668884277344
307,111.832855224609
311,111.492309570312
313,111.804145812988
314,93.838508605957
316,94.44140625
324,96.7349472045898
327,94.6814193725586
329,93.9389114379883
330,112.076965332031
337,103.52587890625
338,95.0671005249023
339,104.399765014648
340,94.9211959838867
343,93.5592498779297
345,115.556602478027
346,94.4291839599609
347,116.57795715332
349,112.089065551758
350,93.6189041137695
352,112.63835144043
353,93.7833480834961
354,78.4580307006836
357,94.0740661621094
358,112.830139160156
362,114.652412414551
364,116.967735290527
365,112.670761108398
366,94.305419921875
367,112.457366943359
368,94.602409362793
370,79.1428451538086
373,95.1421966552734
377,94.0006332397461
378,112.620620727539
382,104.183860778809
384,112.497909545898
390,94.4888687133789
392,111.902702331543
393,112.306503295898
395,94.6503143310547
396,104.671394348145
399,78.4903945922852
406,111.810882568359
408,111.810882568359
409,93.9705505371094
410,80.0622863769531
412,111.844596862793
413,92.8910064697266
419,94.3475570678711
420,113.17162322998
421,92.9991149902344
430,102.303634643555
434,93.9474945068359
436,94.6435852050781
437,94.4137878417969
438,93.1929092407227
439,113.479232788086
440,94.2215957641602
443,113.291572570801
446,94.3976821899414
448,94.6828308105469
452,94.7038497924805
453,103.888946533203
457,104.010269165039
458,94.1847686767578
459,114.329864501953
460,104.064002990723
462,104.723205566406
464,104.427238464355
465,115.477981567383
467,118.396308898926
471,111.845878601074
472,78.1598052978516
473,94.2022171020508
475,94.4290618896484
480,94.6084365844727
488,112.929946899414
490,111.832855224609
491,103.87085723877
492,79.0428619384766
493,94.1265106201172
497,93.2483520507812
498,112.704795837402
499,94.265754699707
500,112.12174987793
501,94.1784515380859
502,115.632614135742
506,79.9878921508789
510,112.145248413086
511,93.6202392578125
512,93.6159362792969
516,110.769149780273
518,93.7523956298828
519,115.782287597656
521,93.4478454589844
522,113.026245117188
526,112.255760192871
529,95.0250091552734
532,111.716606140137
533,94.4132614135742
536,113.176979064941
537,102.710678100586
539,94.3960647583008
540,104.130111694336
541,94.0612640380859
543,93.9877319335938
546,112.637031555176
547,94.0736923217773
548,79.2448348999023
551,94.1316909790039
552,104.095886230469
556,103.04923248291
557,94.6963958740234
558,112.457366943359
559,94.5805206298828
560,105.085807800293
562,105.068420410156
566,94.278076171875
570,112.704795837402
571,94.4137878417969
572,104.856101989746
573,94.1651229858398
575,115.477981567383
576,111.14241027832
577,93.2114105224609
579,93.3890380859375
580,111.601409912109
581,111.787300109863
589,111.832855224609
591,103.090286254883
593,94.6054153442383
594,103.042938232422
595,94.5711059570312
598,94.0740661621094
602,111.451538085938
604,112.642715454102
606,112.988960266113
608,94.2714691162109
609,104.259887695312
610,93.9576950073242
616,112.215003967285
617,93.9785308837891
618,104.122802734375
620,104.333908081055
622,112.732025146484
623,93.0929412841797
624,115.64183807373
626,111.784072875977
628,112.027694702148
629,94.1326217651367
630,112.564613342285
637,94.4687805175781
638,104.549057006836
643,94.6282348632812
645,94.6084365844727
646,115.74137878418
648,95.2415542602539
652,94.299934387207
653,94.3923187255859
654,112.704795837402
656,112.198295593262
657,94.6954956054688
659,94.1828689575195
660,104.733558654785
663,93.7341079711914
664,112.912612915039
666,103.507431030273
668,111.578773498535
669,94.1923751831055
671,95.1426086425781
675,93.2496185302734
677,94.5288162231445
678,111.776672363281
679,104.198234558105
682,94.3995132446289
685,103.87516784668
687,94.1763687133789
688,94.1815032958984
693,112.478416442871
696,95.1890563964844
698,94.0343246459961
701,95.5538177490234
704,104.083717346191
705,115.982345581055
709,112.79874420166
710,93.7334671020508
711,104.015480041504
712,94.9387054443359
714,111.768096923828
715,94.1431503295898
716,111.84358215332
717,93.8375625610352
720,115.555267333984
721,94.3659515380859
724,107.636703491211
725,94.1530990600586
726,113.175430297852
728,112.771087646484
731,94.2565536499023
734,104.945854187012
738,94.1946334838867
745,112.006988525391
746,93.8460998535156
751,80.3062438964844
754,94.0074310302734
756,94.2610321044922
758,94.3120040893555
759,113.910995483398
761,115.97142791748
766,94.4576721191406
767,111.753646850586
768,93.1193237304688
769,112.594131469727
770,96.9409332275391
771,79.093879699707
772,104.992080688477
773,94.1312866210938
774,112.633506774902
776,112.490051269531
777,94.6584625244141
780,116.460998535156
782,104.134162902832
787,103.371681213379
788,94.4036636352539
792,93.3055725097656
793,111.961738586426
798,94.3641586303711
800,93.6309661865234
806,111.84358215332
809,112.94416809082
811,115.628593444824
812,92.9225006103516
814,115.471130371094
816,104.305114746094
817,94.5559463500977
818,106.564926147461
820,112.4501953125
823,94.1975250244141
829,93.1158294677734
830,113.296752929688
831,93.0258178710938
834,112.065002441406
839,94.6783218383789
841,79.1045074462891
844,104.259567260742
845,93.9063415527344
848,93.6979751586914
850,95.8960189819336
851,104.176040649414
852,96.9145965576172
854,93.6103210449219
855,94.350227355957
856,103.387466430664
859,103.610664367676
861,112.633506774902
864,93.8756713867188
865,112.565315246582
866,94.308464050293
867,93.8684616088867
869,94.5310821533203
871,93.5471725463867
872,111.84358215332
882,103.34895324707
883,93.9665603637695
885,94.7152557373047
888,95.1415863037109
893,111.881866455078
901,111.716361999512
903,104.108840942383
904,94.2892227172852
905,104.548042297363
910,94.7925338745117
911,112.192260742188
914,113.089637756348
918,113.443840026855
921,93.3102264404297
928,94.3444137573242
929,104.541793823242
932,94.7185287475586
933,104.580413818359
934,94.7925338745117
935,112.754058837891
937,79.3258972167969
939,94.5271606445312
940,103.496315002441
941,95.0207901000977
942,103.151252746582
943,94.0700454711914
944,104.419731140137
947,111.84358215332
949,112.692604064941
951,112.360786437988
952,95.0504531860352
953,104.108840942383
954,79.2385864257812
957,112.744117736816
959,93.016975402832
960,116.490180969238
963,115.702491760254
965,111.84358215332
967,104.114784240723
971,94.2464294433594
972,78.6439208984375
973,93.9452362060547
974,112.761947631836
975,95.6795196533203
978,117.455238342285
980,112.511047363281
981,94.4324722290039
984,113.16854095459
986,94.7925338745117
988,93.1193237304688
989,112.201362609863
990,103.779136657715
992,111.938484191895
996,94.6807327270508
999,113.254844665527
1000,94.429069519043
1001,112.741424560547
1002,93.1113357543945
1003,112.721420288086
1004,93.3913650512695
1008,112.259620666504
1009,94.3005142211914
1010,104.679100036621
1012,116.904518127441
1013,93.2937469482422
1014,112.95149230957
1015,94.8704376220703
1016,116.179244995117
1019,96.0822525024414
1020,113.337593078613
1021,94.8160552978516
1022,104.268203735352
1024,94.8160552978516
1025,79.8269958496094
1027,94.6557235717773
1028,105.324310302734
1029,95.6039962768555
1030,94.3450927734375
1033,112.777458190918
1036,94.5765151977539
1037,112.411804199219
1038,94.0972442626953
1042,94.7759170532227
1043,104.030265808105
1044,94.2548370361328
1045,112.125869750977
1047,114.846115112305
1050,93.8464431762695
1051,112.133247375488
1054,94.2069473266602
1056,94.4383239746094
1057,93.9762115478516
1059,94.876823425293
1062,103.977439880371
1063,104.113372802734
1064,94.4383239746094
1066,94.0292282104492
1070,104.653381347656
1076,112.354316711426
1077,106.185966491699
1078,112.269584655762
1080,112.577568054199
1082,111.92440032959
1083,94.7777481079102
1089,113.077949523926
1091,95.2962265014648
1093,94.1676940917969
1097,93.9530181884766
1099,93.442138671875
1101,95.0920562744141
1103,96.1246948242188
1104,112.294990539551
1106,112.007873535156
1109,94.553825378418
1110,112.380828857422
1111,94.5190353393555
1112,112.108329772949
1114,93.9759750366211
1116,94.3877792358398
1117,113.005363464355
1120,94.5598526000977
1124,112.872756958008
1125,93.5953063964844
1126,112.825584411621
1134,112.172904968262
1137,93.9448928833008
1138,112.354629516602
1144,111.720512390137
1145,94.7100372314453
1146,94.132682800293
1148,96.1535263061523
1150,94.6517181396484
1152,104.490936279297
1153,94.8563537597656
1154,103.902816772461
1155,94.3888397216797
1157,94.46435546875
1162,94.7851638793945
1165,112.734558105469
1166,93.6219635009766
1167,104.237945556641
1168,95.1401214599609
1169,103.857109069824
1171,116.697578430176
1172,95.2805786132812
1173,103.857109069824
1174,94.5254898071289
1176,94.8447113037109
1177,104.237747192383
1178,94.2277984619141
1182,112.801895141602
1186,94.9311904907227
1187,113.298225402832
1188,94.6695938110352
1189,116.610214233398
1191,105.021415710449
1192,95.183235168457
1197,112.598541259766
1198,93.7821426391602
1200,79.1060485839844
1201,94.7504119873047
1203,95.0287170410156
1209,115.807014465332
1214,104.395515441895
1218,112.447608947754
1222,94.4046936035156
1226,94.7547225952148
1228,93.9123153686523
1230,94.200080871582
1232,79.0414428710938
1233,94.9271926879883
1236,114.864730834961
1238,95.8023452758789
1241,111.821502685547
1244,105.270706176758
1246,95.155632019043
1247,112.508346557617
1250,113.078163146973
1251,93.3453063964844
1254,113.414756774902
1255,94.2893981933594
1256,111.645309448242
1257,94.2829284667969
1258,94.5948944091797
1259,112.116241455078
1260,94.8539657592773
1263,112.351356506348
1267,79.2599334716797
1268,111.019180297852
1271,94.7906036376953
1272,112.268104553223
1274,105.018226623535
1275,94.8870697021484
1276,112.234237670898
1277,94.5861206054688
1279,94.2336730957031
1281,94.9888458251953
1282,94.5934982299805
1283,112.215812683105
1285,112.55891418457
1286,94.1277770996094
1289,112.564727783203
1296,112.680358886719
1299,94.6596908569336
1301,94.808967590332
1306,94.2302093505859
1307,94.5344848632812
1308,94.3827819824219
1313,112.234237670898
1314,95.1484909057617
1315,112.461708068848
1316,94.4944305419922
1317,112.22868347168
1319,94.0045928955078
1323,95.0145263671875
1324,105.225631713867
1325,94.2470779418945
1328,103.593772888184
1329,94.3892974853516
1330,113.068382263184
1331,94.6417541503906
1332,104.691970825195
1337,95.2216567993164
1338,112.398765563965
1339,93.8565979003906
1340,112.860282897949
1343,113.273880004883
1347,104.970993041992
1348,94.1847305297852
1349,104.411476135254
1352,94.3251266479492
1354,96.0553817749023
1359,112.886322021484
1360,95.2111511230469
1363,112.252464294434
1364,95.2576751708984
1365,104.420715332031
1366,94.8016967773438
1372,95.0700454711914
1375,104.021965026855
1376,94.3439178466797
1378,94.1247100830078
1379,112.993408203125
1380,95.1966094970703
1381,103.901924133301
1384,115.649154663086
1387,94.7230453491211
1388,111.894561767578
1392,79.4467086791992
1394,103.595458984375
1395,94.9518966674805
1396,112.231628417969
1398,94.2256469726562
1399,112.231628417969
1400,94.8130874633789
1401,94.2092208862305
1403,94.6552124023438
1404,110.544166564941
1406,112.231628417969
1407,94.3218994140625
1408,112.416213989258
1410,79.5130844116211
1412,112.29874420166
1413,94.7359008789062
1415,94.8297958374023
1420,112.416213989258
1422,112.405364990234
1423,107.568305969238
1424,112.416213989258
1425,95.1689147949219
1426,79.5130844116211
1427,94.9488830566406
1429,94.0317993164062
1430,112.581970214844
1431,95.0400695800781
1432,104.271667480469
1434,112.553329467773
1437,94.6530227661133
1438,104.623123168945
1440,112.45499420166
1441,112.332641601562
1442,94.6164016723633
1444,111.692985534668
1445,95.3109283447266
1446,104.554954528809
1448,93.9935302734375
1453,94.7384643554688
1454,112.29874420166
1455,95.1508483886719
1456,112.677825927734
1458,112.29874420166
1459,94.4402236938477
1461,94.3853912353516
1465,94.8172378540039
1466,111.660087585449
1469,95.0265045166016
1472,94.7891998291016
1474,94.8023223876953
1477,113.285507202148
1479,111.981742858887
1482,94.036247253418
1483,79.0606536865234
1487,95.1433486938477
1488,112.714080810547
1490,113.086738586426
1492,111.178619384766
1494,116.542518615723
1496,104.94026184082
1497,95.1587371826172
1499,95.7243728637695
1502,96.5320358276367
1507,112.124092102051
1508,94.3462600708008
1509,112.056854248047
1511,94.8329849243164
1512,112.945907592773
1513,114.743621826172
1514,111.827850341797
1518,113.122100830078
1519,93.4496841430664
1522,112.161239624023
1524,79.1637420654297
1527,94.6164016723633
1529,94.0288619995117
1532,103.644035339355
1536,112.953857421875
1537,115.990493774414
1539,105.113166809082
1542,118.814338684082
1543,94.3439178466797
1544,105.094734191895
1545,79.1879272460938
1550,94.4181137084961
1551,112.84545135498
1554,104.644401550293
1556,104.867752075195
1559,94.3885498046875
1560,81.0396423339844
1562,96.9105606079102
1566,93.6174621582031
1567,113.246253967285
1569,104.341705322266
1570,112.382751464844
1571,112.767074584961
1574,94.3462600708008
1578,104.636505126953
1580,94.7198638916016
1583,112.894027709961
1584,94.3462600708008
1585,112.987380981445
1586,95.0000534057617
1587,112.702163696289
1588,93.3944549560547
1590,114.215644836426
1592,103.883865356445
1596,110.65885925293
1598,112.107261657715
1599,94.3036727905273
1604,115.045639038086
1606,103.646926879883
1607,94.7396926879883
1608,103.348014831543
1609,116.55908203125
1611,94.7101058959961
1613,94.9391937255859
1616,94.8903503417969
1619,112.443962097168
1620,93.4375762939453
1621,113.059349060059
1622,94.2090072631836
1625,111.569229125977
1627,116.55908203125
1629,112.685699462891
1634,94.9051208496094
1636,94.4113311767578
1638,103.891380310059
1639,95.1034698486328
1641,94.9843444824219
1643,95.0132522583008
1644,103.524337768555
1645,116.575965881348
1646,94.5812454223633
1647,105.621063232422
1648,94.5962677001953
1652,94.6705551147461
1653,112.732093811035
1656,96.4224243164062
1658,94.3036727905273
1659,112.726387023926
1661,94.7566223144531
1663,94.7437438964844
1664,112.890647888184
1665,94.589729309082
1666,104.867752075195
1667,103.888130187988
1668,79.0481948852539
1669,103.837066650391
1670,94.7524337768555
1672,112.723083496094
1674,112.562210083008
1677,112.674774169922
1678,94.0064697265625
1679,112.057121276855
1680,94.9095993041992
1683,104.720291137695
1686,104.285621643066
1687,112.413841247559
1689,112.767456054688
1690,94.2861480712891
1691,115.878349304199
1692,112.792030334473
1693,94.3462600708008
1695,94.333381652832
1696,94.7694778442383
1697,112.492813110352
1700,104.73738861084
1701,94.6970825195312
1702,112.718238830566
1703,93.7851715087891
1704,113.159484863281
1706,95.1676483154297
1707,113.547920227051
1708,94.4916152954102
1710,94.5191192626953
1711,104.278526306152
1713,104.527801513672
1717,104.196159362793
1719,104.636505126953
1720,94.3098907470703
1722,94.1412353515625
1725,103.694305419922
1726,94.4556045532227
1727,103.9404296875
1729,112.278282165527
1730,94.3682861328125
1731,112.581253051758
1733,104.73738861084
1734,94.66064453125
1735,112.436645507812
1738,94.9391937255859
1742,94.5319213867188
1745,112.562210083008
1747,94.8652191162109
1749,94.9771957397461
1751,94.5895004272461
1752,79.1555328369141
1753,103.028221130371
1754,94.9872360229492
1755,94.7607040405273
1756,105.534545898438
1758,113.105903625488
1759,94.6178359985352
1760,104.671600341797
1761,112.575881958008
1762,94.6630172729492
1763,111.776672363281
1764,90.7371673583984
1766,94.6173782348633
1768,94.6366729736328
1769,79.4518585205078
1771,112.285140991211
1772,94.9712829589844
1773,104.302459716797
1774,95.1689910888672
1775,112.110000610352
1777,113.230682373047
1779,94.6178359985352
1780,105.752166748047
1787,93.8736953735352
1788,93.7979278564453
1790,94.8340301513672
1796,112.26390838623
1801,93.4884796142578
1803,93.9364776611328
1807,112.191818237305
1809,113.536376953125
1812,93.8588943481445
1813,112.700454711914
1814,94.5732192993164
1815,112.080963134766
1816,94.5409545898438
1818,93.4946136474609
1820,94.1578369140625
1821,112.762924194336
1822,94.6974563598633
1825,93.6399307250977
1826,103.859580993652
1828,93.8516845703125
1831,103.447441101074
1836,111.372344970703
1837,93.9091262817383
1841,94.3740310668945
1844,103.19359588623
1848,94.8259429931641
1851,104.651420593262
1852,94.4707641601562
1853,93.3363037109375
1854,112.140579223633
1856,94.2005004882812
1859,113.814949035645
1860,94.1275329589844
1861,78.6806259155273
1863,104.957481384277
1865,94.7062149047852
1866,104.792495727539
1867,94.6199798583984
1868,93.2946166992188
1872,94.5016326904297
1879,94.3832702636719
1880,104.011947631836
1882,94.0911026000977
1885,104.108009338379
1887,103.746452331543
1888,93.8332290649414
1890,122.727149963379
1894,94.5163269042969
1895,103.288223266602
1896,93.9395217895508
1897,112.798278808594
1900,112.443450927734
1901,93.9290084838867
1902,111.612892150879
1905,93.9255981445312
1906,111.183876037598
1912,104.271362304688
1915,93.7663955688477
1916,103.785766601562
1917,93.9385757446289
1918,104.000495910645
1920,80.0547485351562
1923,93.9636993408203
1924,103.931434631348
1925,94.3501739501953
1930,116.444053649902
1932,112.227325439453
1933,94.7268829345703
1934,112.639221191406
1935,94.1020889282227
1940,79.4084548950195
1941,93.8543014526367
1942,116.174072265625
1943,94.0101776123047
1944,93.7134017944336
1945,109.845794677734
1948,115.96231842041
1949,93.9841690063477
1952,94.5415878295898
1954,94.1930084228516
1955,112.378784179688
1958,94.2970123291016
1959,79.380485534668
1960,111.717910766602
1963,95.0381774902344
1965,94.7794418334961
1968,104.512268066406
1969,95.1527709960938
1971,94.8166732788086
1972,112.391052246094
1973,93.3207015991211
1975,93.3989791870117
1977,95.0096588134766
1978,94.407585144043
1979,112.315284729004
1981,93.3954772949219
1982,112.517234802246
1987,112.028053283691
1988,93.454833984375
1993,94.9547958374023
1997,94.0424575805664
1999,94.5732650756836
2001,94.8279647827148
2002,113.308975219727
2003,94.2685317993164
2004,79.2455749511719
2006,113.427917480469
2007,94.10595703125
2009,104.863075256348
2010,93.9692077636719
2013,95.1606597900391
2018,78.9019775390625
2022,104.742561340332
2024,113.383804321289
2025,94.9930801391602
2026,105.040412902832
2030,104.841239929199
2031,94.6116104125977
2032,104.537109375
2033,94.3254318237305
2035,94.3810958862305
2036,113.62720489502
2037,93.7619171142578
2040,94.8171997070312
2043,113.708473205566
2044,105.098731994629
2046,103.093490600586
2054,111.281814575195
2055,94.4811325073242
2056,105.631950378418
2059,94.2528839111328
2060,94.1947555541992
2062,94.1844711303711
2063,112.083976745605
2066,94.7858734130859
2067,112.564064025879
2072,96.4070129394531
2073,112.04564666748
2074,94.6903381347656
2075,112.82453918457
2076,94.200439453125
2080,94.6824645996094
2082,94.1947555541992
2085,112.051498413086
2087,113.114540100098
2091,111.293121337891
2092,94.8305358886719
2093,105.631950378418
2098,94.908447265625
2101,111.673042297363
2102,93.8359909057617
2103,79.3772964477539
2105,105.101913452148
2106,94.4716567993164
2107,112.471115112305
2110,94.6173400878906
2114,94.6038818359375
2115,116.144828796387
2117,80.3147048950195
2118,93.6299819946289
2119,103.509376525879
2120,94.3619155883789
2122,94.7537155151367
2123,112.55241394043
2126,94.9037551879883
2127,104.044570922852
2128,94.2415313720703
2129,112.595390319824
2132,95.0263977050781
2135,104.673645019531
2138,94.768196105957
2139,116.107772827148
2141,112.113945007324
2142,93.9921112060547
2146,94.8857803344727
2151,112.224685668945
2157,104.953239440918
2159,112.824394226074
2162,94.3702239990234
2164,116.154922485352
2167,94.0180816650391
2168,111.517486572266
2171,94.3255310058594
2173,94.7926712036133
2174,104.908996582031
2175,93.9875335693359
2178,94.5750579833984
2180,95.616828918457
2185,111.860511779785
2189,93.557487487793
2190,112.781547546387
2192,103.355308532715
2194,112.875762939453
2200,114.753974914551
2201,94.4478912353516
2203,111.695236206055
2204,94.3557586669922
2205,112.020858764648
2209,112.463150024414
2213,103.901695251465
2214,94.1225433349609
2215,113.36255645752
2216,94.4652328491211
2218,93.9678421020508
2219,103.729148864746
2220,95.0191116333008
2222,95.3721389770508
2223,112.135414123535
2225,112.519058227539
2226,94.5932998657227
2230,94.3693771362305
2233,112.643447875977
2234,111.865585327148
2235,94.3557586669922
2236,79.6522827148438
2237,94.5230865478516
2240,113.585289001465
2241,94.6089401245117
2248,104.821319580078
2249,95.5508346557617
2250,112.174385070801
2252,111.889122009277
2253,94.1465759277344
2254,111.669319152832
2256,81.5120239257812
2258,94.1449279785156
2259,113.067520141602
2262,96.3062744140625
2265,94.5549392700195
2266,104.788909912109
2269,94.3896560668945
2271,94.5434417724609
2273,93.7339172363281
2274,112.710258483887
2275,94.4899368286133
2277,94.1333618164062
2279,94.3601150512695
2280,78.5902557373047
2282,95.609016418457
2283,104.490188598633
2288,93.1906280517578
2289,112.340286254883
2291,94.2888031005859
2292,115.843856811523
2297,95.1364822387695
2298,103.921531677246
2299,95.6822662353516
2300,111.71622467041
2301,94.2273025512695
2304,94.8660736083984
2305,104.150993347168
2306,96.3358993530273
2308,93.8945693969727
2309,112.260604858398
2311,99.1507415771484
2312,103.070693969727
2316,103.998916625977
2321,104.022529602051
2322,111.958122253418
2325,103.289932250977
2326,94.4656219482422
2329,115.843856811523
2330,94.1370315551758
2331,104.261871337891
2332,112.208541870117
2333,96.3358993530273
2334,103.437934875488
2335,111.725997924805
2337,111.299377441406
2338,94.8124008178711
2340,112.208541870117
2342,99.4000473022461
2345,93.7829742431641
2349,94.3079605102539
2351,80.941780090332
2352,94.3018341064453
2354,111.582344055176
2355,116.890907287598
2357,112.491958618164
2358,94.0069427490234
2360,94.701286315918
2361,111.582344055176
2364,94.4982604980469
2366,96.326416015625
2369,104.100509643555
2370,94.9083557128906
2371,112.154678344727
2373,113.055511474609
2374,95.1171569824219
2376,112.518745422363
2378,110.531066894531
2382,94.6950454711914
2383,93.595085144043
2386,103.490730285645
2387,94.8340072631836
2389,93.8908615112305
2390,111.147872924805
2392,93.8850860595703
2398,111.743263244629
2399,94.2276458740234
2400,95.890983581543
2401,112.087181091309
2402,94.4706954956055
2404,95.3867874145508
2407,111.853019714355
2408,113.037170410156
2409,113.005355834961
2412,80.2914047241211
2413,94.9833145141602
2415,94.8010330200195
2420,109.982849121094
2422,95.3780899047852
2423,103.240646362305
2426,94.7253570556641
2432,96.1978225708008
2434,94.2927017211914
2435,99.1341018676758
2436,113.277404785156
2438,110.492706298828
2440,111.970237731934
2443,94.6850967407227
2444,94.1123275756836
2447,104.482719421387
2450,94.4057846069336
2454,94.5900955200195
2455,112.27449798584
2459,96.3729553222656
2460,111.952003479004
2463,94.1554260253906
2465,94.4776077270508
2468,79.3490447998047
2469,94.1284408569336
2474,93.8092041015625
2478,94.1665954589844
2480,94.2245025634766
2481,113.12971496582
2489,96.3412933349609
2490,104.55590057373
2492,94.0476608276367
2496,96.3303604125977
2497,113.3369140625
2500,94.302604675293
2505,96.3649749755859
2507,93.9482879638672
2508,111.902976989746
2509,94.2007446289062
2510,79.053596496582
2513,93.2792053222656
2515,96.3412933349609
2518,93.595085144043
2519,114.774490356445
2520,93.595085144043
2521,112.602714538574
2523,112.54776763916
2525,94.5744552612305
2529,111.299186706543
2530,94.2032928466797
2533,111.700782775879
2535,93.8691711425781
2538,104.169273376465
2544,109.739326477051
2553,111.764114379883
2556,94.4834442138672
2558,93.5007095336914
2559,114.35555267334
2560,94.17919921875
2561,112.160102844238
2562,93.633918762207
2563,111.572822570801
2564,94.0943908691406
2565,111.965225219727
2567,104.491333007812
2572,94.4077758789062
2575,94.4645843505859
2576,113.176368713379
2577,94.2797927856445
2578,94.7143325805664
2579,111.650489807129
2580,93.6616439819336
2582,113.104698181152
2583,94.4812164306641
2587,94.1517639160156
2589,111.959526062012
2590,95.5834197998047
2591,111.299186706543
2594,93.8671340942383
2597,94.8791046142578
2598,104.504020690918
2599,94.4925079345703
2600,103.344970703125
2602,112.04997253418
2603,94.4077758789062
2604,104.504165649414
2606,112.599029541016
2607,78.9238586425781
2608,95.64013671875
2613,111.398651123047
2614,95.6860122680664
2615,113.928695678711
2617,112.195892333984
2620,94.5131988525391
2623,113.642486572266
2624,94.6497802734375
2627,111.398651123047
2629,78.9238586425781
2630,102.364570617676
2632,94.8513259887695
2636,94.3580093383789
2639,94.2866592407227
2640,105.261116027832
2642,111.299186706543
2644,104.598648071289
2646,112.469764709473
2647,94.4287261962891
2649,94.6642913818359
2650,105.516334533691
2652,104.555526733398
2653,103.016662597656
2655,107.684883117676
2657,111.689987182617
2659,112.091934204102
2662,93.6385955810547
2663,113.585289001465
2664,94.7099838256836
2665,103.043426513672
2670,94.6336975097656
2671,103.331840515137
2672,95.1741638183594
2675,104.522666931152
2677,111.890045166016
2679,112.303268432617
2683,112.075401306152
2684,94.360221862793
2685,94.1786422729492
2688,103.874946594238
2689,94.7090377807617
2690,103.146179199219
2693,96.3359756469727
2694,113.042747497559
2697,95.5308456420898
2699,94.3518371582031
2703,94.0384216308594
2705,104.125198364258
2709,79.0220260620117
2710,94.4547653198242
2711,111.929306030273
2712,97.5765075683594
2713,94.8750152587891
2714,112.978530883789
2715,93.7828750610352
2717,93.267822265625
2718,112.430511474609
2720,111.657081604004
2721,94.5649185180664
2726,94.78955078125
2728,94.0953063964844
2731,103.13533782959
2732,111.099403381348
2734,93.8958740234375
2736,103.845756530762
2737,94.0541229248047
2738,103.281913757324
2739,113.228248596191
2746,93.9983139038086
2749,103.111274719238
2751,118.134811401367
2752,104.985862731934
2753,93.9047698974609
2757,104.551147460938
2758,94.6960525512695
2759,113.433502197266
2760,101.163307189941
2762,112.246780395508
2764,94.3241119384766
2765,111.459846496582
2769,112.545738220215
2771,112.527374267578
2774,93.9727249145508
2776,94.4675979614258
2777,116.354118347168
2778,94.2357788085938
2779,112.365631103516
2782,93.2950820922852
2784,94.8066101074219
2787,94.5674057006836
2789,94.596923828125
2792,94.7269287109375
2798,94.5476303100586
2799,104.161285400391
2800,97.9079055786133
2801,78.7179107666016
2802,93.6170349121094
2804,94.0448150634766
2807,103.192047119141
2808,94.9127578735352
2809,113.028434753418
2811,116.269805908203
2812,94.7481689453125
2814,93.2417984008789
2816,94.6913757324219
2817,112.620300292969
2818,112.764663696289
2820,112.680305480957
2821,79.2660598754883
2822,94.7215728759766
2823,104.190422058105
2824,94.8323211669922
2826,104.490737915039
2829,94.2415008544922
2834,93.5273895263672
2835,79.3768692016602
2838,94.8462371826172
2839,112.157371520996
2840,93.5867919921875
2841,112.402603149414
2842,96.1468276977539
2846,113.29248046875
2848,96.2919235229492
2849,94.1595840454102
2850,112.949409484863
2851,94.5671997070312
2853,97.2489395141602
2854,111.253173828125
2858,113.788627624512
2861,95.0020370483398
2864,94.0244827270508
2865,113.12971496582
2866,112.044960021973
2867,93.3645095825195
2868,112.902503967285
2870,113.512847900391
2877,100.684036254883
2878,111.355331420898
2880,112.121101379395
2882,78.8326110839844
2883,94.592658996582
2884,104.074234008789
2885,99.0212020874023
2887,96.0687713623047
2888,111.827301025391
2889,94.8007965087891
2890,103.947624206543
2891,98.1490783691406
2892,116.419883728027
2893,94.5452575683594
2898,112.650939941406
2899,94.5519409179688
2900,112.699150085449
2901,94.2616882324219
2909,94.9672393798828
2910,112.224304199219
2911,112.747253417969
2913,112.879135131836
2914,95.5601425170898
2918,94.4134902954102
2919,111.876022338867
2920,93.9337997436523
2921,111.355331420898
2922,94.9222869873047
2923,104.232963562012
2925,111.836395263672
2926,93.6966323852539
2927,111.554473876953
2929,112.380065917969
2933,93.6056671142578
2934,112.556083679199
2936,114.643402099609
2941,103.098495483398
2942,94.5173034667969
2943,111.895637512207
2945,104.029258728027
2950,93.5760803222656
2951,112.13304901123
2953,113.54402923584
2954,94.9327774047852
2955,103.444938659668
2956,95.1491775512695
2960,94.7519683837891
2962,93.9343872070312
2963,105.259330749512
2964,104.261871337891
2966,78.7153930664062
2967,94.7143936157227
2968,113.136383056641
2969,93.4366912841797
2971,93.9748229980469
2972,95.1122741699219
2974,94.5521087646484
2975,112.388717651367
2977,117.773513793945
2980,113.523628234863
2981,93.2495269775391
2983,95.0903167724609
2984,104.122665405273
2985,115.582611083984
2986,104.103271484375
2987,95.1122741699219
2989,94.4393768310547
2990,112.104042053223
2991,99.5370864868164
2992,79.2202301025391
2995,95.5367660522461
2996,103.636390686035
3002,112.235633850098
3004,112.009284973145
3005,115.543403625488
3006,95.4828720092773
3010,94.470100402832
3011,103.436347961426
3014,93.6966323852539
3015,94.4041290283203
3016,94.2424240112305
3017,110.696250915527
3018,93.9490509033203
3021,103.063987731934
3024,104.079010009766
3028,93.912353515625
3030,94.2596817016602
3032,94.6475448608398
3039,94.0467224121094
3040,104.064933776855
3041,97.6622085571289
3043,97.4188690185547
3044,112.646095275879
3046,112.052444458008
3055,93.5697937011719
3056,112.447509765625
3058,93.8963241577148
3059,111.294944763184
3061,116.411262512207
3063,103.895729064941
3066,95.0332489013672
3067,104.102912902832
3068,78.7044296264648
3069,94.5362319946289
3072,114.590110778809
3073,112.592254638672
3074,94.2132263183594
3077,93.5265808105469
3082,95.0956878662109
3084,95.5468826293945
3085,112.344085693359
3088,104.161483764648
3091,93.7234649658203
3092,112.682243347168
3093,95.4429168701172
3094,103.16780090332
3096,113.090293884277
3097,94.1485824584961
3098,78.9386596679688
3102,116.067253112793
3106,93.4557495117188
3109,93.6766738891602
3111,92.9614028930664
3112,115.521728515625
3113,94.9231491088867
3115,95.6037139892578
3116,112.143363952637
3117,94.6498870849609
3121,112.254005432129
3122,94.150276184082
3123,94.2776489257812
3124,104.43830871582
3125,94.2386856079102
3126,102.419204711914
3127,115.66870880127
3129,93.7624893188477
3130,112.377197265625
3132,104.602867126465
3134,103.850967407227
3135,96.9867858886719
3137,78.9012985229492
3138,98.0286483764648
3140,94.4092330932617
3144,112.171142578125
3145,94.6699905395508
3146,113.969093322754
3147,98.6184692382812
3148,103.796394348145
3149,102.852081298828
3150,112.439994812012
3151,93.8780059814453
3152,95.0368194580078
3155,94.6469345092773
3156,112.949409484863
3159,93.4684600830078
3161,94.6589202880859
3162,103.583702087402
3163,95.2232666015625
3165,103.10962677002
3172,94.4380416870117
3173,114.075462341309
3176,94.4252319335938
3177,103.845199584961
3179,112.384979248047
3183,94.4857482910156
3186,94.3550109863281
3187,102.329238891602
3189,111.998199462891
3190,94.2162017822266
3192,115.657081604004
3193,94.4619445800781
3194,112.034767150879
3197,94.3269119262695
3198,94.6167221069336
3200,94.6372222900391
3201,116.640434265137
3202,94.640625
3204,96.1294555664062
3205,93.494499206543
3206,112.361328125
3208,102.849365234375
3210,103.058570861816
3211,94.85791015625
3212,116.29475402832
3213,94.6465454101562
3214,110.824058532715
3216,104.349494934082
3219,94.0120849609375
3220,110.314102172852
3221,94.9470596313477
3226,106.853462219238
3227,94.6088562011719
3228,112.916221618652
3229,94.4547882080078
3232,79.310173034668
3233,94.4087524414062
3234,94.8257217407227
3236,94.9027328491211
3238,111.331016540527
3239,112.554267883301
3240,94.2989959716797
3247,112.021759033203
3249,103.725799560547
3252,119.440628051758
3253,94.9387054443359
3254,104.251136779785
3255,94.4364624023438
3256,112.49405670166
3257,94.3676910400391
3262,94.6533889770508
3263,104.137138366699
3264,95.2022094726562
3266,112.674392700195
3267,94.9754028320312
3269,94.7498550415039
3272,115.540130615234
3274,94.3269119262695
3275,105.044578552246
3277,94.9263610839844
3279,94.8173522949219
3280,103.673721313477
3283,94.3848876953125
3285,96.0926818847656
3287,94.2106628417969
3288,103.979629516602
3290,104.336547851562
3291,94.5378723144531
3298,112.362823486328
3299,94.6734619140625
3302,110.69083404541
3303,94.2487258911133
3304,104.479461669922
3307,93.8895034790039
3309,94.0827713012695
3314,80.1806793212891
3316,112.449584960938
3317,94.4108505249023
3319,94.2477569580078
3320,112.592910766602
3321,94.445068359375
3322,103.917816162109
3324,93.3599624633789
3326,94.7534942626953
3329,112.338958740234
3330,94.0904159545898
3331,112.777885437012
3335,116.354179382324
3337,95.1523742675781
3338,104.35620880127
3339,94.983268737793
3340,112.640357971191
3341,94.7903060913086
3343,97.2885589599609
3346,92.8357238769531
3348,94.0036697387695
3351,104.215911865234
3352,115.587303161621
3355,93.7688446044922
3356,112.387878417969
3358,104.22176361084
3359,94.7195281982422
3360,113.104423522949
3371,112.795928955078
3372,94.6667861938477
3374,95.0253829956055
3377,112.152168273926
3378,93.1784515380859
3380,103.702674865723
3382,96.501106262207
3386,94.6947937011719
3389,112.317962646484
3391,102.717292785645
3393,95.937255859375
3394,102.815101623535
3395,94.2115097045898
3397,111.298881530762
3398,95.0173721313477
3399,79.2376403808594
3400,94.1789855957031
3404,103.544738769531
3407,112.089416503906
3409,104.150001525879
3419,94.9118194580078
3421,94.809326171875
3425,94.8844680786133
3427,78.681770324707
3428,115.548805236816
3429,111.886665344238
3431,93.7610855102539
3435,93.9312438964844
3436,112.692184448242
3439,94.8546447753906
3441,99.8333511352539
3442,115.548805236816
3443,94.6533889770508
3444,103.147171020508
3445,94.4300537109375
3446,110.642921447754
3449,94.2596817016602
3453,94.0842819213867
3457,94.6143341064453
3460,103.758094787598
3461,94.8709945678711
3462,94.23388671875
3464,103.958915710449
3465,78.70947265625
3466,94.7107238769531
3467,103.768821716309
3468,94.7792892456055
3469,104.493728637695
3470,103.063339233398
3472,111.32755279541
3473,94.3660278320312
3475,93.430305480957
3476,112.015815734863
3478,103.744987487793
3479,94.5671997070312
3483,94.2516784667969
3484,103.269821166992
3485,95.0696792602539
3487,94.3873672485352
3488,112.051467895508
3496,114.444213867188
3497,94.7081298828125
3499,94.9317169189453
3500,78.8647003173828
3501,94.3691558837891
3504,93.9192199707031
3508,105.306419372559
3511,94.4613647460938
3512,112.723838806152
3515,94.1157684326172
3517,94.3540420532227
3518,102.70036315918
3526,112.257545471191
3528,116.58056640625
3529,94.4241485595703
3530,114.250358581543
3531,94.2793273925781
3532,112.066734313965
3533,94.4050216674805
3534,94.6187286376953
3535,78.8956909179688
3536,94.2741622924805
3537,112.040321350098
3538,94.2131652832031
3539,112.98112487793
3540,104.040084838867
3545,111.681663513184
3546,93.3273086547852
3550,104.265205383301
3551,94.6005859375
3553,97.9869155883789
3554,103.758094787598
3557,94.5298004150391
3558,112.484313964844
3559,94.1875152587891
3561,94.2654800415039
3562,111.511741638184
3563,94.0913162231445
3564,104.077972412109
3565,94.4263153076172
3567,94.2260818481445
3571,104.077972412109
3572,94.9481506347656
3574,94.8771896362305
3576,94.1545028686523
3577,111.548202514648
3578,94.3295593261719
3579,94.1850662231445
3583,94.949836730957
3585,94.8927307128906
3586,103.378601074219
3587,112.441360473633
3593,94.6825714111328
3594,111.336006164551
3595,94.0678482055664
3599,94.3453903198242
3600,104.168571472168
3601,111.264709472656
3602,94.1875152587891
3604,95.3885116577148
3609,116.720207214355
3610,112.776847839355
3612,111.283866882324
3614,112.975196838379
3615,94.3644485473633
3617,95.0312957763672
3618,112.040473937988
3619,111.905654907227
3620,112.085418701172
3621,94.3469009399414
3625,93.6442947387695
3626,102.829795837402
3630,102.88916015625
3631,94.3367767333984
3632,104.488647460938
3633,94.2592620849609
3634,112.80167388916
3637,94.4574584960938
3639,94.1265487670898
3640,112.314025878906
3641,94.3926467895508
3644,112.569648742676
3645,94.1817016601562
3646,93.7981948852539
3647,94.1313323974609
3648,111.796752929688
3653,112.478561401367
3654,97.3231887817383
3655,112.581108093262
3659,103.785079956055
3660,94.8112869262695
3662,112.396636962891
3666,94.3192749023438
3668,94.3931274414062
3671,94.5541687011719
3673,94.3602294921875
3674,111.78507232666
3675,94.1836166381836
3681,95.1613998413086
3682,112.484519958496
3686,110.940788269043
3687,94.1523590087891
3692,79.1413421630859
3695,112.266868591309
3696,93.9053497314453
3699,111.715232849121
3705,113.594848632812
3707,79.2473220825195
3708,94.3846130371094
3709,112.806259155273
3710,94.2807464599609
3712,94.6023712158203
3715,112.477203369141
3716,93.9263076782227
3720,114.286056518555
3722,79.2473220825195
3726,94.3357925415039
3728,94.1952590942383
3729,112.711250305176
3731,103.582962036133
3735,111.929977416992
3736,94.6699829101562
3739,103.013847351074
3741,111.362228393555
3743,102.149345397949
3744,94.5269241333008
3745,112.901206970215
3746,94.2652816772461
3751,94.059326171875
3753,94.4686508178711
3760,113.316589355469
3761,94.4503707885742
3762,112.298927307129
3763,94.586051940918
3765,94.4179382324219
3768,113.38158416748
3769,94.6321182250977
3770,104.288528442383
3773,112.526977539062
3774,95.1187057495117
3776,95.352180480957
3778,94.2196350097656
3779,112.033843994141
3780,94.102294921875
3781,112.76301574707
3782,94.7139739990234
3783,111.508453369141
3784,94.7309494018555
3786,94.2969512939453
3789,114.135559082031
3790,95.731201171875
3793,113.149681091309
3795,112.565826416016
3797,94.0146865844727
3798,115.50553894043
3800,112.633071899414
3804,95.1689453125
3810,94.657112121582
3815,112.519180297852
3816,95.1689453125
3818,103.189987182617
3824,111.288177490234
3828,103.324340820312
3830,111.996910095215
3831,94.6122894287109
3832,78.8650360107422
3834,112.551712036133
3835,93.4558410644531
3836,112.54532623291
3838,95.0498580932617
3839,116.237594604492
3840,113.556350708008
3845,94.5119934082031
3846,112.100166320801
3847,94.3408508300781
3849,79.0867919921875
3853,112.017845153809
3855,104.505592346191
3856,94.7825088500977
3864,79.2344970703125
3865,94.4636306762695
3866,118.442527770996
3867,93.6572723388672
3868,112.633071899414
3869,94.6201705932617
3871,94.2330856323242
3875,104.044067382812
3876,94.4570159912109
3878,94.0668640136719
3879,112.198188781738
3881,112.633071899414
3883,112.409049987793
3884,93.0969772338867
3886,111.857048034668
3890,94.1333847045898
3893,111.727569580078
3897,103.717765808105
3901,94.2218246459961
3902,111.436630249023
3913,112.797164916992
3914,93.6058654785156
3916,94.6673126220703
3917,112.587791442871
3924,105.320091247559
3925,94.372428894043
3928,95.6541137695312
3929,112.358978271484
3932,94.2035751342773
3933,104.078842163086
3934,79.6434631347656
3935,93.8181076049805
3936,94.4340362548828
3937,111.996139526367
3938,93.9284591674805
3939,112.649528503418
3943,93.6805801391602
3944,111.32836151123
3945,112.480621337891
3946,94.478271484375
3947,111.660438537598
3948,94.4030456542969
3949,111.347244262695
3950,94.765510559082
3951,112.544334411621
3952,94.4208831787109
3953,111.776481628418
3961,115.051559448242
3962,94.1756744384766
3966,94.4562377929688
3967,102.042892456055
3968,94.9430923461914
3969,112.17163848877
3970,94.3170623779297
3971,104.352890014648
3973,94.7271118164062
3974,111.632568359375
3975,114.318862915039
3977,139.632629394531
3979,112.668655395508
3985,94.8468856811523
3986,103.604286193848
3988,112.404174804688
3991,94.0882415771484
3992,103.457969665527
3993,94.3869247436523
3994,95.197395324707
3995,112.45206451416
4005,112.797332763672
4007,93.5535507202148
4008,102.526596069336
4009,94.7758331298828
4010,123.187622070312
4011,79.1654968261719
4012,94.0606231689453
4013,105.071731567383
4015,112.69571685791
4016,111.764366149902
4018,112.52791595459
4025,94.1382904052734
4026,112.957366943359
4028,113.370628356934
4029,95.0312881469727
4031,94.0271911621094
4032,112.536796569824
4033,94.381721496582
4034,103.429565429688
4037,93.9894943237305
4038,103.150924682617
4039,94.1215438842773
4041,94.808235168457
4042,112.084800720215
4043,94.7036437988281
4044,104.087562561035
4045,94.8449935913086
4046,111.851043701172
4047,94.6535491943359
4048,104.290588378906
4049,96.4803695678711
4051,94.1207046508789
4052,111.557929992676
4058,103.779861450195
4062,111.768829345703
4064,111.403007507324
4067,93.5229797363281
4068,78.7403259277344
4070,94.2926864624023
4072,116.267021179199
4074,111.846588134766
4075,95.3142700195312
4076,112.53524017334
4077,94.073112487793
4078,112.689315795898
4080,104.465530395508
4082,112.181297302246
4085,94.3283767700195
4086,112.135604858398
4088,112.957366943359
4089,94.885139465332
4092,78.9529724121094
4094,93.4403915405273
4095,111.943626403809
4096,94.8217239379883
4097,102.266822814941
4102,96.0518188476562
4105,136.9208984375
4107,112.358215332031
4111,94.3692855834961
4112,105.039733886719
4113,94.6040878295898
4114,114.255355834961
4115,94.7487716674805
4116,112.61735534668
4117,93.9423980712891
4118,94.9898376464844
4119,111.952293395996
4120,94.4270935058594
4122,81.5569610595703
4125,93.9348754882812
4126,113.580940246582
4129,112.462715148926
4134,113.103378295898
4137,94.6506195068359
4141,105.815162658691
4142,94.5939178466797
4144,94.7356109619141
4145,105.433212280273
4146,94.8364715576172
4150,94.4591598510742
4151,78.7470245361328
4154,93.5229797363281
4156,94.4721755981445
4157,112.032539367676
4159,111.767929077148
4160,94.7807922363281
4161,112.080764770508
4168,94.2277450561523
4171,103.376670837402
4172,103.114700317383
4173,95.0809173583984
4175,93.8893890380859
4176,104.427909851074
4177,94.7356109619141
4178,101.044944763184
4179,94.6066284179688
4181,113.494430541992
4183,95.0218200683594
4184,113.475028991699
4185,93.5500564575195
4186,111.959884643555
4188,121.809005737305
4190,111.296203613281
4192,94.3140182495117
4193,112.039115905762
4194,111.725288391113
4195,94.7567901611328
4196,78.8064346313477
4202,95.0942993164062
4203,104.372940063477
4208,94.3562316894531
4209,112.515113830566
4210,93.6391067504883
4211,112.099044799805
4212,116.283218383789
4214,103.969268798828
4215,94.9553146362305
4216,115.231651306152
4217,93.8023834228516
4219,94.6767349243164
4222,112.034774780273
4224,86.3856582641602
4231,103.865905761719
4232,95.0218200683594
4234,93.029670715332
4236,94.7356109619141
4237,103.920989990234
4240,94.8811721801758
4242,104.169013977051
4243,94.1952362060547
4247,93.8279418945312
4248,112.628662109375
4249,94.0065002441406
4254,103.166427612305
4263,94.8674087524414
4265,112.183776855469
4267,113.064262390137
4268,112.213516235352
4271,112.678085327148
4272,94.7477264404297
4273,112.513000488281
4274,93.6696395874023
4276,94.1891708374023
4278,94.5214691162109
4280,94.7188339233398
4281,112.455032348633
4283,94.3534927368164
4284,111.994476318359
4285,94.7723007202148
4286,111.892776489258
4287,93.9413528442383
4288,112.840270996094
4289,94.0312347412109
4290,80.3996429443359
4293,94.1735076904297
4296,111.393966674805
4297,94.0985565185547
4299,92.9066696166992
4303,113.309494018555
4310,95.0160064697266
4312,103.762176513672
4318,103.995269775391
4320,112.357437133789
4322,94.4034118652344
4323,117.891220092773
4325,103.996284484863
4326,112.501541137695
4328,103.052017211914
4330,103.772590637207
4332,111.636375427246
4333,94.6950225830078
4335,93.6244430541992
4336,112.537254333496
4338,105.057479858398
4341,94.7845153808594
4342,105.547706604004
4344,103.812400817871
4347,95.1064300537109
4348,104.215789794922
4351,105.460083007812
4352,95.057258605957
4353,112.907325744629
4355,103.277458190918
4356,94.3319396972656
4359,102.478973388672
4360,94.7596817016602
4361,94.4543151855469
4364,94.7030029296875
4365,103.686340332031
4368,94.8423309326172
4372,94.4054412841797
4374,93.7445983886719
4376,94.0428924560547
4377,102.575050354004
4380,94.6252136230469
4383,105.039756774902
4384,94.5495147705078
4385,102.320251464844
4389,94.7532806396484
4391,94.5491790771484
4392,111.474685668945
4393,93.6064987182617
4395,94.0675048828125
4396,111.46565246582
4398,113.536911010742
4399,106.500923156738
4401,93.6773452758789
4406,95.2571029663086
4408,103.877220153809
4412,104.22021484375
4415,94.6858825683594
4418,112.544250488281
4419,93.7488708496094
4420,78.9375991821289
4422,111.526840209961
4423,93.7488708496094
4425,94.8666305541992
4428,114.044815063477
4431,112.267295837402
4434,93.4036636352539
4436,94.8454284667969
4437,112.081985473633
4439,116.469253540039
4440,94.0337982177734
4441,113.196441650391
4444,95.1368865966797
4445,104.187255859375
4446,94.6329345703125
4447,113.090278625488
4452,103.004890441895
4456,112.931564331055
4457,94.9425735473633
4458,112.378845214844
4460,94.5368041992188
4461,116.412368774414
4462,94.2135467529297
4465,103.131790161133
4466,103.126510620117
4468,95.2563018798828
4469,103.175262451172
4472,113.59684753418
4475,94.6890563964844
4478,93.8592376708984
4479,114.463531494141
4480,95.0760498046875
4483,80.0365524291992
4484,94.2191696166992
4485,104.030731201172
4486,94.7674942016602
4488,94.7978134155273
4489,103.026039123535
4490,94.4385070800781
4491,109.940277099609
4492,94.8988342285156
4493,105.562927246094
4494,94.1180572509766
4495,103.11653137207
4498,79.0556106567383
4499,94.6671371459961
4500,103.098602294922
4503,112.368751525879
4505,103.16162109375
4506,95.0864868164062
4507,95.1655197143555
4508,104.243713378906
4510,112.733764648438
4511,93.3243942260742
4513,94.9248962402344
4516,80.4115219116211
4519,94.0466613769531
4521,94.6930847167969
4531,94.0607681274414
4532,79.0900344848633
4533,95.6764831542969
4534,112.818237304688
4536,104.243713378906
4537,94.6428375244141
4539,94.7319869995117
4542,103.022560119629
4545,93.9627151489258
4549,94.150032043457
4551,94.8846054077148
4554,103.505500793457
4556,111.893951416016
4559,113.130187988281
4561,112.177062988281
4562,111.350784301758
4566,112.687477111816
4569,94.7818832397461
4570,111.697425842285
4573,94.833869934082
4574,103.397331237793
4575,94.8426513671875
4577,94.8584747314453
4578,112.346603393555
4580,112.795333862305
4582,92.8713531494141
4583,111.581100463867
4585,94.5260162353516
4587,104.243713378906
4595,94.2336273193359
4596,112.741859436035
4601,94.7830429077148
4602,112.64794921875
4603,94.6638717651367
4605,112.906311035156
4606,94.4264831542969
4607,112.97046661377
4608,98.1365280151367
4610,94.8259048461914
4613,103.333290100098
4617,94.4537658691406
4618,112.315780639648
4619,94.5159606933594
4620,94.7140045166016
4622,107.107833862305
4625,94.5683135986328
4626,104.243713378906
4627,94.4534225463867
4629,94.3663101196289
4631,93.8253402709961
4633,104.243713378906
4634,116.729804992676
4635,94.3993225097656
4639,94.1356048583984
4640,103.159942626953
4642,103.581283569336
4644,112.253021240234
4646,104.243713378906
4647,95.0341873168945
4648,78.9826965332031
4649,94.7442016601562
4650,113.239715576172
4655,94.1416320800781
4660,94.6255569458008
4661,113.553245544434
4662,93.7093658447266
4663,112.240493774414
4665,94.6656265258789
4666,112.096130371094
4667,103.416893005371
4668,94.4926528930664
4670,94.3132171630859
4671,112.24991607666
4672,94.2570877075195
4673,103.592391967773
4675,103.551383972168
4676,93.9992828369141
4677,112.10865020752
4680,94.6006774902344
4682,94.8010864257812
4683,111.775657653809
4685,104.449897766113
4686,94.7748413085938
4688,111.880950927734
4690,114.268371582031
4692,112.345932006836
4693,93.7922821044922
4697,94.1168060302734
4700,112.408309936523
4702,112.658004760742
4707,116.615425109863
4708,94.5867767333984
4710,80.3739776611328
4716,104.106369018555
4717,94.7627792358398
4718,94.2188491821289
4720,95.2715835571289
4721,78.9041366577148
4723,95.1883850097656
4726,112.739822387695
4727,93.3497924804688
4729,94.0622406005859
4731,94.6312484741211
4732,112.057189941406
4735,94.0051879882812
4736,103.966896057129
4737,94.5876770019531
4738,111.539993286133
4739,112.041931152344
4744,103.621047973633
4747,93.9357452392578
4749,113.441383361816
4750,94.5867767333984
4752,111.662658691406
4755,95.2249374389648
4756,102.204406738281
4757,112.903457641602
4758,94.4296493530273
4759,103.575309753418
4763,94.667854309082
4764,103.516586303711
4765,94.2165756225586
4766,96.6418304443359
4767,112.203742980957
4769,112.444450378418
4770,94.9176483154297
4771,78.7855224609375
4772,103.566070556641
4774,111.939323425293
4776,113.16153717041
4777,113.0888671875
4778,95.046875
4780,94.6176452636719
4784,94.0235977172852
4786,94.9716262817383
4787,78.89306640625
4788,94.8499069213867
4789,111.701179504395
4791,103.498031616211
4792,94.1854248046875
4795,112.104339599609
4796,94.0334320068359
4803,94.2441253662109
4805,95.0478744506836
4807,94.87353515625
4809,94.78076171875
4816,94.8913040161133
4817,79.2836303710938
4818,93.3899307250977
4820,94.2811813354492
4821,102.81273651123
4823,112.776481628418
4824,94.475959777832
4825,112.442367553711
4829,102.034385681152
4830,95.3292541503906
4831,113.068618774414
4833,106.542358398438
4836,94.1601104736328
4837,111.890289306641
4838,94.0559616088867
4840,94.3784713745117
4841,80.2513961791992
4842,93.7811050415039
4843,113.737525939941
4844,94.4878463745117
4849,105.770500183105
4851,111.382804870605
4852,94.4661865234375
4858,94.1636199951172
4860,95.3292541503906
4863,112.000793457031
4864,94.3850784301758
4865,111.904327392578
4867,112.94123840332
4868,95.3404846191406
4869,112.61994934082
4873,94.1394348144531
4875,95.115966796875
4876,112.093467712402
4877,94.3166961669922
4878,111.328926086426
4880,78.9632720947266
4886,112.513877868652
4888,103.871849060059
4889,94.5626602172852
4890,114.173377990723
4893,95.0428924560547
4895,95.067512512207
4896,103.625831604004
4899,94.2708053588867
4901,93.9401702880859
4902,112.554122924805
4903,94.2726821899414
4904,111.701179504395
4910,94.0833587646484
4912,94.5822677612305
4915,95.4742584228516
4916,105.567604064941
4917,94.8758773803711
4920,103.609382629395
4927,103.560890197754
4928,94.4044189453125
4931,103.53833770752
4934,94.5157775878906
4936,94.7699279785156
4939,113.51676940918
4942,112.239280700684
4943,95.4728698730469
4944,103.336921691895
4945,94.7228088378906
4947,111.357398986816
4948,94.2795486450195
4951,94.8474731445312
4952,111.729705810547
4953,93.3917541503906
4956,94.2726821899414
4957,112.784271240234
4958,93.2914657592773
4960,94.2178955078125
4968,94.3447875976562
4969,103.907485961914
4971,102.567413330078
4973,111.932815551758
4975,113.15926361084
4976,94.2591934204102
4978,94.5488815307617
4979,112.94953918457
4982,94.872444152832
4983,112.405921936035
4984,94.3967971801758
4985,116.440170288086
4986,94.6720581054688
4987,114.118621826172
4988,95.1192779541016
4994,94.8310317993164
4995,95.1818542480469
5002,79.0486526489258
5004,94.3797988891602
5005,103.192100524902
5006,94.9692153930664
5007,102.733528137207
5009,112.072265625
5011,111.932815551758
5014,94.9057159423828
5015,104.507133483887
5018,94.4240188598633
5019,112.159080505371
5020,94.6969375610352
5021,112.496292114258
5022,94.3662414550781
5023,94.748908996582
5025,95.3239288330078
5032,94.7734680175781
5034,94.0572052001953
5036,94.4158248901367
5038,94.3603897094727
5039,113.060150146484
5046,95.3504943847656
5049,112.159080505371
5051,94.7972259521484
5052,93.605110168457
5053,111.969680786133
5054,95.2671508789062
5055,94.4803848266602
5057,95.0177688598633
5059,94.8158950805664
5062,95.63232421875
5063,112.51016998291
5065,113.888816833496
5069,95.3456878662109
5071,95.4970092773438
5074,113.228981018066
5075,93.8261489868164
5076,111.313415527344
5077,78.8799438476562
5079,104.375350952148
5080,95.0676574707031
5081,111.836776733398
5083,103.371704101562
5088,103.606155395508
5089,94.5893707275391
5093,112.926971435547
5094,103.203979492188
5095,94.8133850097656
5099,111.175476074219
5101,112.522064208984
5103,102.874084472656
5104,94.8077011108398
5105,112.391372680664
5107,94.4004516601562
5108,113.151351928711
5109,94.5204315185547
5111,94.4378051757812
5112,111.371437072754
5113,94.7081451416016
5114,112.644073486328
5115,94.9992599487305
5118,94.7532348632812
5122,95.2735748291016
5123,79.5433502197266
5125,94.6565933227539
5127,103.470108032227
5128,94.9965972900391
5129,115.814338684082
5132,94.9727783203125
5134,112.864860534668
5135,94.7822723388672
5137,112.338104248047
5142,94.198974609375
5143,102.635162353516
5144,94.2737884521484
5148,94.7102432250977
5149,94.0580291748047
5150,105.654472351074
5154,78.8755111694336
5155,94.4538421630859
5159,94.4528656005859
5164,94.7121200561523
5165,113.150970458984
5166,94.5426712036133
5167,113.231376647949
5169,93.9897994995117
5171,93.5197982788086
5172,112.722610473633
5176,94.7790222167969
5184,111.870864868164
5185,93.9170761108398
5186,112.288864135742
5188,105.009048461914
5189,111.928031921387
5190,94.7373657226562
5191,113.150970458984
5193,112.695251464844
5196,94.4229583740234
5199,78.9738311767578
5200,103.572593688965
5203,94.4128036499023
5204,111.977912902832
5205,94.1425476074219
5207,94.734375
5208,110.623832702637
5212,94.8834915161133
5214,94.7060623168945
5218,93.9003143310547
5220,94.5165176391602
5222,93.7171859741211
5224,94.9838714599609
5225,103.641586303711
5227,112.644836425781
5229,104.259208679199
5232,93.3213043212891
5233,116.583862304688
5234,103.980743408203
5237,111.701171875
5239,112.600509643555
5240,101.976188659668
5241,112.136611938477
5244,94.8067626953125
5248,112.233963012695
5251,93.0870590209961
5253,94.5355758666992
5255,94.9049301147461
5256,102.894393920898
5257,94.7459030151367
5259,94.8371658325195
5260,111.84489440918
5266,94.511100769043
5268,94.6017761230469
5275,111.825553894043
5276,112.553726196289
5277,93.0773162841797
5279,95.1644134521484
5280,104.322494506836
5281,94.3582305908203
5283,94.4190139770508
5284,79.4320678710938
5285,95.166374206543
5286,102.941184997559
5287,94.6224517822266
5289,93.9442367553711
5290,112.695251464844
5292,103.348449707031
5293,95.1110687255859
5294,101.934349060059
5297,94.3062973022461
5299,106.207946777344
5302,94.890495300293
5305,79.2444458007812
5306,94.9219818115234
5308,94.1918029785156
5309,94.6789093017578
5310,111.802177429199
5312,112.573120117188
5316,112.345558166504
5317,94.9871673583984
5319,79.3414993286133
5320,95.3724060058594
5323,94.2944412231445
5329,112.571685791016
5331,111.721504211426
5334,111.819137573242
5336,112.783493041992
5338,103.454956054688
5341,93.9743347167969
5345,98.2497024536133
5348,94.6234588623047
5349,112.874084472656
5355,104.793701171875
5356,94.7113189697266
5360,103.014930725098
5362,112.513694763184
5364,112.303123474121
5366,104.614486694336
5367,93.3147888183594
5368,94.8544998168945
5370,94.0398864746094
5371,79.3230667114258
5373,103.46216583252
5375,111.68758392334
5376,94.2379150390625
5378,112.097549438477
5379,95.0942153930664
5383,94.3860473632812
5384,103.622314453125
5389,112.875419616699
5391,80.6471252441406
5393,111.935111999512
5395,113.510055541992
5397,111.528739929199
5398,94.7816848754883
5399,113.205451965332
5401,116.985549926758
5402,93.6895141601562
5403,113.424736022949
5404,95.3686981201172
5407,79.0654144287109
5408,94.2501678466797
5413,113.168212890625
5414,94.6140289306641
5417,94.3775253295898
5418,103.36986541748
5420,112.851379394531
5421,92.8786239624023
5424,94.678352355957
5425,113.688049316406
5426,96.3622589111328
5429,113.332672119141
5431,94.994270324707
5437,103.389770507812
5440,94.3640518188477
5444,104.061103820801
5446,105.594429016113
5447,94.9345092773438
5451,98.1885528564453
5452,112.227645874023
5455,103.986419677734
5456,94.6570129394531
5458,94.9581069946289
5459,112.491119384766
5460,95.2588348388672
5462,94.8089141845703
5463,112.171981811523
5464,94.1316452026367
5465,114.571708679199
5466,95.3130950927734
5467,103.50944519043
5468,95.0771408081055
5469,112.22412109375
5472,94.8722381591797
5474,94.318977355957
5475,111.228088378906
5476,95.5472793579102
5479,103.400894165039
5480,111.766418457031
5482,112.951942443848
5485,94.1481399536133
5486,117.001174926758
5488,79.4225158691406
5495,103.596939086914
5496,95.1556701660156
5497,114.989707946777
5499,115.207405090332
5503,94.4173049926758
5504,94.528076171875
5507,95.7985076904297
5509,94.5296630859375
5511,94.2944793701172
5512,112.357650756836
5516,112.018730163574
5517,95.0426330566406
5518,103.603515625
5521,94.6986236572266
5522,103.52286529541
5527,94.9443435668945
5528,94.8852081298828
5529,111.901947021484
5532,94.9329376220703
5533,113.744155883789
5535,103.442245483398
5536,102.773414611816
5540,95.3355560302734
5547,94.358757019043
5548,112.88695526123
5550,78.6767501831055
5551,94.2468872070312
5554,112.725044250488
5555,94.5693130493164
5559,111.43376159668
5560,102.129928588867
5561,112.137977600098
5562,94.0092849731445
5563,113.267944335938
5565,79.1758575439453
5566,95.0320358276367
5567,103.540672302246
5568,94.6069793701172
5572,95.2134552001953
5574,94.8341751098633
5576,94.4022064208984
5579,113.149444580078
5580,78.3854370117188
5581,94.2528381347656
5583,94.9115371704102
5584,113.361129760742
5586,112.718193054199
5587,93.0309829711914
5589,102.757629394531
5591,102.258361816406
5592,93.8662643432617
5593,113.223403930664
5594,95.1160354614258
5595,78.9320907592773
5596,112.07194519043
5597,114.130920410156
5598,115.834251403809
5599,94.6604080200195
5602,112.415451049805
5603,95.1160354614258
5605,93.9220962524414
5607,93.9442749023438
5608,112.739753723145
5609,93.92578125
5610,94.8012390136719
5612,94.2511215209961
5613,111.941192626953
5614,94.2705688476562
5616,94.6390762329102
5621,94.8411483764648
5623,94.7643356323242
5628,113.022796630859
5629,94.4562606811523
5631,95.2339935302734
5633,98.8732376098633
5638,103.332374572754
5639,95.2000961303711
5640,104.455696105957
5645,95.3287506103516
5646,79.0088272094727
5649,95.5878524780273
5653,113.723999023438
5655,116.843399047852
5656,94.9495849609375
5658,94.7270050048828
5662,116.607772827148
5663,93.9671020507812
5667,94.4485244750977
5670,94.6604080200195
5671,102.361633300781
5672,95.2073440551758
5673,102.621719360352
5674,94.4032135009766
5675,103.723793029785
5676,95.1337356567383
5679,112.100067138672
5683,120.457305908203
5687,95.320556640625
5688,79.8870391845703
5690,93.7330627441406
5691,112.325508117676
5692,94.6638565063477
5693,113.572174072266
5694,95.0831604003906
5697,116.472267150879
5698,93.806282043457
5699,112.127166748047
5704,94.8913955688477
5707,112.100067138672
5709,103.174682617188
5710,95.0384521484375
5714,95.3009033203125
5718,95.1258239746094
5721,95.9828948974609
5723,94.5264358520508
5724,114.467361450195
5725,94.6956481933594
5726,113.105033874512
5729,96.8712005615234
5730,103.815483093262
5731,95.0298233032227
5733,78.7194366455078
5736,94.5811386108398
5741,102.508842468262
5745,113.089866638184
5747,95.9547119140625
5748,103.737640380859
5750,113.784538269043
5751,97.4057235717773
5752,94.9531173706055
5754,94.8583679199219
5755,95.7976226806641
5757,95.6998443603516
5758,116.188652038574
5760,103.51008605957
5762,102.546501159668
5766,114.321441650391
5768,96.4285354614258
5769,116.302200317383
5770,96.4128265380859
5771,112.827445983887
5772,95.7832946777344
5773,112.885162353516
5774,95.0447692871094
5776,94.6221771240234
5777,112.410209655762
5778,93.6270599365234
5780,114.413589477539
5782,94.5904541015625
5783,79.0464477539062
5784,95.5619659423828
5786,96.1355056762695
5788,96.325309753418
5789,113.295310974121
5790,97.1662902832031
5791,105.83519744873
5793,106.371719360352
5794,95.3282623291016
5796,116.912071228027
5797,95.3642501831055
5801,94.6607818603516
5803,95.0202407836914
5804,112.272659301758
5805,94.4813537597656
5806,79.1125183105469
5808,112.207038879395
5813,94.7683258056641
5815,94.8899612426758
5816,106.818359375
5822,95.8741149902344
5823,112.075813293457
5825,104.119857788086
5827,113.117980957031
5829,102.221466064453
5830,96.464714050293
5831,113.048248291016
5832,94.4999008178711
5833,112.207038879395
5837,113.242713928223
5838,95.1361999511719
5839,94.9111938476562
5842,104.305763244629
5844,112.505889892578
5845,113.89518737793
5846,116.506240844727
5848,78.9749450683594
5850,113.044143676758
5851,93.8567276000977
5853,95.4974822998047
5854,103.850646972656
5858,104.203277587891
5860,112.813011169434
5864,102.564514160156
5866,95.1170425415039
5867,112.085906982422
5868,93.9110412597656
5869,112.373031616211
5870,94.3359146118164
5871,112.648834228516
5874,113.136459350586
5876,112.751602172852
5877,93.3782119750977
5878,93.7598419189453
5879,112.01163482666
5880,94.4501190185547
5884,93.6117630004883
5886,112.21614074707
5890,105.426002502441
5896,94.5088043212891
5897,103.135749816895
5898,95.2511215209961
5901,104.58975982666
5903,112.107131958008
5906,94.4471054077148
5908,111.798110961914
5909,93.3122329711914
5910,111.736923217773
5911,94.5080261230469
5912,111.953979492188
5914,113.125152587891
5919,111.956398010254
5924,94.7552337646484
5926,94.4315567016602
5929,103.609413146973
5930,94.159782409668
5932,94.8640670776367
5933,112.170303344727
5934,93.3930892944336
5935,111.65079498291
5936,99.9364852905273
5937,112.938079833984
5938,94.1216735839844
5939,110.922050476074
5942,111.713745117188
5943,94.6310195922852
5944,104.583160400391
5946,111.536964416504
5951,94.139404296875
5953,102.458724975586
5954,94.4978713989258
5957,103.581466674805
5961,94.0912246704102
5962,105.473922729492
5964,81.4305267333984
5965,94.56982421875
5968,113.107879638672
5969,94.0560531616211
5974,94.6734085083008
5975,112.717247009277
5978,79.7703704833984
5981,103.404266357422
5982,94.6880874633789
5983,112.509353637695
5989,110.968284606934
5991,94.3150100708008
5992,102.201126098633
5995,94.4689712524414
5996,103.153503417969
5997,111.511459350586
5998,93.6705017089844
5999,78.127311706543
6001,111.112434387207
6002,94.5212707519531
6003,110.816024780273
6004,94.3767776489258
6006,111.858413696289
6007,94.7897872924805
6011,105.713623046875
6012,103.024589538574
6014,94.3643951416016
6015,102.859596252441
6016,94.5736846923828
6017,112.430725097656
6018,95.2511215209961
6024,94.6229400634766
6025,103.173522949219
6026,113.430366516113
6028,112.740409851074
6029,78.5614776611328
6030,94.7116622924805
6036,112.774826049805
6040,94.0008392333984
6041,112.254257202148
6042,94.0505065917969
6044,94.8628082275391
6045,103.480667114258
6047,103.447799682617
6048,94.1813201904297
6049,111.976783752441
6051,116.228485107422
6052,112.250144958496
6053,93.1484909057617
6054,112.254470825195
6058,103.990112304688
6059,94.3451995849609
6062,95.1555099487305
6063,116.517730712891
6064,102.916275024414
6065,94.0188446044922
6067,94.7751617431641
6068,112.296897888184
6070,102.529029846191
6071,103.210289001465
6072,112.05101776123
6080,112.05101776123
6081,94.1024780273438
6084,105.576988220215
6087,94.7371063232422
6089,103.311767578125
6092,112.05101776123
6094,93.9472427368164
6095,111.714744567871
6097,113.788589477539
6100,94.3264694213867
6104,102.937576293945
6105,94.0140609741211
6106,111.359222412109
6107,78.4770965576172
6108,93.9283294677734
6109,112.096092224121
6110,94.046142578125
6114,112.038581848145
6116,93.444450378418
6117,103.611480712891
6118,94.951530456543
6123,78.7163391113281
6125,111.754745483398
6128,111.504920959473
6130,102.877136230469
6132,110.90225982666
6137,79.8086700439453
6139,112.093330383301
6140,94.6504364013672
6141,113.628189086914
6142,104.433372497559
6144,110.92896270752
6145,94.7197647094727
6146,94.2567443847656
6149,93.2267150878906
6156,93.7649765014648
6159,113.141738891602
6160,94.6504364013672
6162,103.256568908691
6164,110.833854675293
6165,93.8796691894531
6168,79.9264602661133
6169,111.580451965332
6170,93.9405212402344
6171,111.780166625977
6172,93.3274536132812
6173,113.510597229004
6176,95.2423400878906
6177,93.0489654541016
6178,94.6463394165039
6180,94.3788375854492
6181,103.531539916992
6182,93.6319732666016
6185,93.7538070678711
6186,111.916862487793
6188,112.448387145996
6189,94.7036209106445
6192,105.831077575684
6193,94.2196273803711
6194,103.73119354248
6195,94.2948913574219
6196,116.288986206055
6197,93.7434387207031
6201,112.022750854492
6202,94.1896286010742
6203,112.294593811035
6204,93.7811965942383
6207,119.112243652344
6209,94.4749755859375
6210,94.2636489868164
6211,112.667297363281
6213,112.070152282715
6216,93.0879287719727
6217,93.7379302978516
6219,94.048713684082
6222,78.5249176025391
6223,94.7946472167969
6235,95.1084365844727
6240,94.5954284667969
6242,93.8086776733398
6247,94.1512298583984
6251,111.651397705078
6254,111.211242675781
6255,94.5454940795898
6260,103.173561096191
6261,94.4276123046875
6262,103.538795471191
6264,111.793479919434
6269,103.499237060547
6271,104.376106262207
6275,112.876754760742
6276,94.226203918457
6278,94.8798370361328
6279,112.384986877441
6281,112.475242614746
6284,93.5957946777344
6286,93.7907943725586
6287,78.0786361694336
6288,94.7216491699219
6292,94.2507171630859
6293,93.900993347168
6295,93.6388626098633
6298,111.541351318359
6300,111.00545501709
6304,103.195556640625
6308,110.55322265625
6310,94.9233093261719
6312,111.742599487305
6320,94.4017181396484
6324,93.4271774291992
6325,111.827255249023
6330,94.9867782592773
6336,111.471450805664
6340,104.090476989746
6341,95.702018737793
6342,104.116012573242
6344,94.2225723266602
6345,112.208549499512
6347,112.854644775391
6348,94.2406311035156
6349,111.423629760742
6351,78.3562088012695
6353,112.534576416016
6354,93.7684097290039
6357,93.5737152099609
6358,103.076187133789
6360,102.469230651855
6363,112.896102905273
6364,93.3435974121094
6368,112.884552001953
6370,94.220573425293
6371,93.9974746704102
6377,95.924186706543
6379,94.3667526245117
6381,93.9966735839844
6382,78.4119491577148
6383,112.858306884766
6388,111.610633850098
6390,111.550567626953
6392,102.205383300781
6393,94.4925689697266
6395,94.3803634643555
6398,102.351844787598
6401,78.417121887207
6402,93.4509201049805
6403,111.431938171387
6405,93.5620880126953
6406,93.0032806396484
6407,111.916229248047
6409,103.30305480957
6411,93.8955459594727
6413,94.6545715332031
6416,104.241760253906
6417,93.7443313598633
6418,93.4667663574219
6419,116.915702819824
6420,112.486724853516
6426,112.717346191406
6429,93.7597732543945
6430,94.042366027832
6431,111.431938171387
6432,94.2094955444336
6434,94.3180618286133
6437,112.854042053223
6438,94.4035263061523
6439,103.236053466797
6440,93.9252166748047
6441,93.7807922363281
6442,110.779876708984
6443,93.9985656738281
6445,94.289680480957
6448,111.382942199707
6450,110.24796295166
6453,94.4251480102539
6455,94.173095703125
6457,93.489013671875
6458,110.846389770508
6461,93.5707702636719
6464,112.197677612305
6467,93.5776062011719
6469,94.4225463867188
6470,78.6505279541016
6471,94.0120697021484
6473,102.980888366699
6474,94.0150375366211
6479,93.4679412841797
6481,93.2793960571289
6484,111.788261413574
6495,96.2633819580078
6496,110.39421081543
6505,110.220985412598
6506,93.8830032348633
6508,95.0408630371094
6509,94.0202102661133
6510,103.080718994141
6512,103.137222290039
6513,93.6813812255859
6514,111.115852355957
6515,92.7121200561523
6519,94.1994552612305
6521,93.3913726806641
6523,78.1569519042969
6525,105.902984619141
6526,93.8675918579102
6528,94.2687759399414
6529,110.629386901855
6531,103.673934936523
6533,104.220092773438
6534,94.5039749145508
6535,111.059219360352
6536,93.1806259155273
6537,112.078544616699
6540,92.5506134033203
6541,112.030708312988
6547,95.1660995483398
6548,110.827995300293
6551,111.699951171875
6553,110.198501586914
6555,105.482528686523
6556,94.5021896362305
6561,77.9160919189453
6564,93.414794921875
6565,111.235900878906
6568,93.9651641845703
6569,110.498573303223
6573,103.290603637695
6574,93.4671630859375
6577,111.319709777832
6579,112.826782226562
6581,93.4605941772461
6582,110.435829162598
6585,106.267822265625
6586,94.0986862182617
6589,102.220733642578
6590,78.3193969726562
6593,93.9040298461914
6594,110.482955932617
6595,92.8455276489258
6599,93.1265869140625
6600,92.8815307617188
6601,109.425010681152
6602,92.3931121826172
6603,110.71411895752
6604,93.1870574951172
6607,103.60359954834
6608,104.42505645752
6609,92.8951416015625
6611,93.4615936279297
6613,110.493408203125
6614,94.3028945922852
6616,93.2536697387695
6617,110.493408203125
6618,93.6774520874023
6619,102.575508117676
6621,105.441032409668
6627,103.525054931641
6629,109.78018951416
6631,78.3412170410156
6634,93.8156509399414
6636,93.6311798095703
6638,93.9766311645508
6639,110.485885620117
6641,110.73518371582
6642,93.7838363647461
6651,112.777519226074
6654,78.5021133422852
6657,94.1337280273438
6663,93.4076080322266
6665,112.413940429688
6666,93.8487396240234
6668,93.674072265625
6669,105.09977722168
6670,93.6117706298828
6671,96.119026184082
6673,94.0642471313477
6675,93.5043792724609
6676,78.1544570922852
6677,93.8149642944336
6679,93.5981063842773
6680,110.55436706543
6681,102.583343505859
6685,102.710578918457
6688,94.739631652832
6689,93.0799789428711
6690,109.833129882812
6692,110.485885620117
6693,93.9193115234375
6694,93.6089401245117
6698,114.852767944336
6699,93.2119674682617
6700,109.960876464844
6701,93.5254135131836
6702,110.448036193848
6704,93.0799789428711
6707,110.064544677734
6712,110.61060333252
6713,92.7965927124023
6715,93.0653839111328
6721,109.517646789551
6722,93.2792587280273
6723,111.212440490723
6724,92.6421279907227
6725,115.334526062012
6731,110.812713623047
6735,89.4340515136719
6736,93.2011260986328
6737,103.712249755859
6738,93.0968246459961
6739,101.589393615723
6741,102.450248718262
6743,94.1464080810547
6745,93.6367034912109
6747,109.846420288086
6749,93.3826065063477
6750,103.193962097168
6751,113.899627685547
6752,93.1660995483398
6753,110.429527282715
6755,112.678596496582
6756,94.1283721923828
6757,103.121559143066
6759,110.534866333008
6761,93.0266647338867
6763,93.9723052978516
6764,118.736267089844
6765,93.9742431640625
6766,110.618942260742
6768,110.609550476074
6771,92.8903274536133
6773,93.9007110595703
6774,93.4810943603516
6778,114.422065734863
6779,93.8394470214844
6781,92.3188171386719
6784,92.9924011230469
6786,93.806022644043
6787,110.990600585938
6790,93.1813278198242
6793,103.586868286133
6795,109.352485656738
6798,111.095489501953
6806,102.776588439941
6807,94.5201416015625
6810,93.0705795288086
6815,110.66088104248
6816,93.2421340942383
6817,101.652679443359
6818,93.729850769043
6819,102.765975952148
6820,93.8120269775391
6822,93.134521484375
6823,114.44938659668
6824,110.13525390625
6825,93.9057235717773
6828,78.3852691650391
6829,110.624649047852
6831,110.300880432129
6832,93.3218765258789
6833,109.767822265625
6834,93.9763259887695
6836,93.7802047729492
6837,110.419403076172
6838,92.6183013916016
6840,102.095336914062
6843,92.7913589477539
6845,92.3006210327148
6846,93.0786056518555
6847,109.561401367188
6851,110.985939025879
6852,92.6509017944336
6853,109.705787658691
6858,93.8689041137695
6861,111.212524414062
6863,109.115859985352
6864,78.1701202392578
6865,93.8514709472656
6866,110.295097351074
6867,94.0372848510742
6868,102.214828491211
6869,93.6917877197266
6870,110.13525390625
6874,110.549613952637
6875,93.3780899047852
6877,110.308013916016
6878,92.9064712524414
6880,93.421012878418
6883,109.702178955078
6884,93.3408966064453
6886,93.7240753173828
6890,94.3301086425781
6893,110.570960998535
6894,93.4852752685547
6899,110.308013916016
6900,93.4835433959961
6904,92.748046875
6905,110.242721557617
6906,92.8641967773438
6910,93.5854644775391
6912,103.000915527344
6913,110.467475891113
6920,93.2281875610352
6922,93.6738357543945
6923,109.373268127441
6926,93.9207000732422
6927,110.028129577637
6928,93.5937805175781
6931,111.034645080566
6933,93.376953125
6936,92.3990020751953
6937,110.308746337891
6939,112.597831726074
6941,93.6567230224609
6942,110.828117370605
6943,93.2581634521484
6944,101.291732788086
6945,93.8322830200195
6946,115.391799926758
6947,114.491073608398
6949,103.182426452637
6951,103.054092407227
6953,112.068969726562
6954,99.7874526977539
6955,111.138809204102
6963,109.502754211426
6964,93.5458145141602
6966,93.7541427612305
6968,92.9079895019531
6970,102.551856994629
6972,111.372100830078
6976,111.203033447266
6978,110.295097351074
6981,102.615325927734
6985,103.533935546875
6986,93.0124282836914
6987,110.033477783203
6989,110.766052246094
6991,114.451469421387
6993,112.760322570801
6994,93.9429244995117
6995,109.959617614746
6996,93.2270202636719
6997,110.312850952148
6998,78.2039337158203
7001,109.641525268555
7003,111.71110534668
7006,93.8109283447266
7008,102.638603210449
7010,92.2974700927734
7011,93.8900680541992
7012,113.071968078613
7013,92.8236846923828
7014,110.369346618652
7017,103.025741577148
7018,93.6356735229492
7019,92.3451843261719
7023,93.4223861694336
7024,101.065078735352
7025,93.0073776245117
7026,111.37378692627
7027,92.9113082885742
7028,112.628311157227
7030,109.421157836914
7031,93.6168441772461
7033,110.821304321289
7036,93.5695495605469
7037,93.5156173706055
7039,92.8554000854492
7044,92.6773452758789
7045,110.419403076172
7046,93.8059844970703
7049,102.437629699707
7050,93.9814834594727
7051,102.551856994629
7054,110.586380004883
7055,93.9924545288086
7057,93.0633850097656
7060,110.308013916016
7061,94.4017868041992
7063,92.3164520263672
7064,110.02806854248
7067,93.4892272949219
7071,93.5022125244141
7074,102.624244689941
7075,93.2554626464844
7078,110.419403076172
7079,92.626708984375
7080,115.630706787109
7081,93.9321899414062
7082,110.559768676758
7083,92.836181640625
7085,111.022796630859
7092,102.636405944824
7094,93.8247985839844
7100,92.8943176269531
7101,110.197555541992
7102,110.295097351074
7104,109.881057739258
7105,94.4017868041992
7106,93.5625915527344
7107,102.683052062988
7108,78.2593536376953
7109,92.7002487182617
7110,110.308746337891
7112,94.0078659057617
7113,102.516265869141
7114,93.7292709350586
7116,110.436103820801
7117,94.5468292236328
7118,103.342597961426
7120,93.4758758544922
7121,101.797836303711
7123,102.483345031738
7124,93.8300094604492
7127,106.062606811523
7131,102.380752563477
7132,93.6763153076172
7133,92.5679550170898
7134,110.469276428223
7135,92.7847747802734
7136,111.00910949707
7137,92.7843475341797
7141,93.3395385742188
7144,102.620590209961
7147,110.121116638184
7148,93.1071624755859
7150,91.9468612670898
7151,93.4758758544922
7152,102.223922729492
7154,94.183464050293
7156,93.6175842285156
7157,102.905067443848
7159,114.596115112305
7161,93.4799041748047
7163,93.9736557006836
7164,102.465530395508
7167,78.832405090332
7169,103.40828704834
7170,93.7544555664062
7173,94.1045303344727
7174,114.607109069824
7177,110.447402954102
7178,103.475372314453
7179,93.1986694335938
7180,77.7578353881836
7181,110.114608764648
7182,93.7707061767578
7184,94.123046875
7185,110.784561157227
7186,92.4649429321289
7187,112.952651977539
7188,92.9558868408203
7189,110.050315856934
7191,102.457244873047
7193,109.794929504395
7197,94.0793380737305
7199,91.7587432861328
7200,110.559768676758
7201,92.7650146484375
7204,93.4441986083984
7207,109.344696044922
7209,109.104614257812
7210,92.8276824951172
7211,102.645553588867
7213,91.1321182250977
7214,110.291275024414
7216,110.316734313965
7217,92.9942245483398
7220,109.155662536621
7224,109.395721435547
7225,93.4878540039062
7226,110.316734313965
7227,92.1290969848633
7234,110.784561157227
7236,91.1316223144531
7239,102.368148803711
7240,93.450798034668
7242,113.618370056152
7244,109.928169250488
7245,93.187255859375
7247,110.897438049316
7248,91.6251678466797
7249,114.855545043945
7250,111.467399597168
7251,91.9935302734375
7252,111.477203369141
7253,77.8952941894531
7256,93.2904357910156
7260,93.7440490722656
7261,110.273048400879
7264,93.2331161499023
7269,110.432144165039
7270,92.6885757446289
7273,110.679954528809
7279,92.512825012207
7281,112.964569091797
7284,91.8321533203125
7285,111.280433654785
7286,114.810035705566
7287,92.9602508544922
7289,93.4936447143555
7292,93.4463806152344
7293,111.093727111816
7296,92.2579956054688
7297,110.95174407959
7298,91.8949813842773
7299,111.034698486328
7301,102.205078125
7304,109.930320739746
7306,113.939231872559
7308,93.5678329467773
7309,101.491424560547
7312,92.2047805786133
7313,77.8704071044922
7314,93.8551330566406
7316,97.2941589355469
7319,114.063285827637
7321,94.1119995117188
7323,93.2251586914062
7324,102.006469726562
7325,92.3581619262695
7328,101.81120300293
7330,78.2076797485352
7334,92.3581619262695
7337,111.157264709473
7338,93.6674957275391
7339,92.6770095825195
7341,92.1348342895508
7342,111.157264709473
7344,110.730056762695
7345,109.1240234375
7347,110.014518737793
7349,112.594749450684
7350,93.5108642578125
7353,110.788864135742
7355,110.809593200684
7356,93.2689743041992
7357,111.268417358398
7358,93.9621505737305
7360,91.869026184082
7363,101.781784057617
7364,93.7332611083984
7366,92.6841354370117
7368,92.9892730712891
7369,110.358154296875
7370,92.4190902709961
7373,92.7926864624023
7374,109.898597717285
7375,93.0741806030273
7377,97.3362579345703
7379,92.4391784667969
7380,119.239936828613
7382,109.886497497559
7383,92.455451965332
7385,92.1531829833984
7386,102.858924865723
7391,93.3536224365234
7394,106.481101989746
7396,111.35425567627
7397,92.7289962768555
7399,96.4736328125
7400,103.134567260742
7403,77.8356857299805
7405,110.301208496094
7408,110.461441040039
7414,109.555320739746
7416,103.072624206543
7417,91.5117263793945
7419,91.8861846923828
7420,111.851516723633
7421,92.9337844848633
7422,93.0356597900391
7423,102.494483947754
7425,77.8836822509766
7430,92.7475357055664
7432,93.0295944213867
7433,93.4930801391602
7434,109.259941101074
7436,109.555892944336
7437,92.2786102294922
7438,102.005302429199
7440,102.083938598633
7441,92.2858276367188
7442,110.077323913574
7445,111.18514251709
7446,101.997444152832
7448,110.806167602539
7450,107.214256286621
7451,92.473030090332
7454,111.623001098633
7455,92.6260375976562
7457,110.338554382324
7459,101.967636108398
7462,92.8661956787109
7464,92.473030090332
7465,112.823829650879
7466,92.5749359130859
7467,109.693466186523
7469,111.02587890625
7472,93.1321716308594
7473,109.200416564941
7479,92.2434997558594
7480,103.271293640137
7484,110.286842346191
7491,92.2492370605469
7494,102.871711730957
7495,92.3842697143555
7501,92.0808944702148
7503,92.0241317749023
7504,102.768310546875
7505,92.0263519287109
7508,111.094390869141
7509,92.3910064697266
7510,77.8530120849609
7511,110.000968933105
7515,92.9729156494141
7516,102.721237182617
7517,93.2012939453125
7518,102.747062683105
7519,92.2842788696289
7521,92.8488998413086
7522,102.452674865723
7524,103.600143432617
7526,102.77725982666
7527,92.4986953735352
7528,102.052139282227
7529,92.8216400146484
7534,111.14762878418
7537,110.595603942871
7538,93.5482940673828
7540,92.0902633666992
7541,111.358779907227
7545,112.912330627441
7551,110.421424865723
7553,92.380012512207
7554,102.251571655273
7555,93.1024475097656
7561,111.390617370605
7562,94.1826782226562
7564,92.3744659423828
7565,101.97095489502
7566,92.5466003417969
7567,112.914176940918
7569,101.658973693848
7570,92.5776519775391
7571,112.260467529297
7572,92.8153305053711
7574,103.337677001953
7578,110.649894714355
7579,92.6844253540039
7586,91.9124755859375
7587,79.2591247558594
7590,92.3343963623047
7593,109.248443603516
7594,92.7800216674805
7595,92.5466003417969
7600,91.9944915771484
7601,78.7069320678711
7602,92.7178649902344
7603,111.337905883789
7604,92.1076202392578
7606,92.9054641723633
7608,110.020462036133
7613,77.8217315673828
7615,109.880294799805
7616,109.515998840332
7617,112.243812561035
7618,92.2719802856445
7619,102.653114318848
7622,93.2794494628906
7623,102.092987060547
7624,93.1453552246094
7625,102.085205078125
7626,92.5146102905273
7627,102.175346374512
7628,77.7051239013672
7631,102.324234008789
7632,102.713287353516
7633,92.7947082519531
7634,116.539474487305
7635,92.5529098510742
7636,110.398399353027
7637,110.271156311035
7639,91.9501495361328
7640,77.7076034545898
7644,110.709175109863
7645,92.7812347412109
7648,102.039459228516
7649,93.3508834838867
7650,110.288612365723
7652,112.826606750488
7653,92.4075775146484
7655,92.6591186523438
7659,110.773468017578
7662,93.1612777709961
7664,93.1071701049805
7666,93.2119522094727
7668,92.9068145751953
7669,110.564186096191
7670,93.2941131591797
7672,93.3810501098633
7673,110.300216674805
7678,92.1130065917969
7679,77.9386749267578
7680,103.559089660645
7683,91.6619415283203
7685,114.439033508301
7688,92.8055419921875
7690,109.230545043945
7692,92.1363677978516
7693,91.9404983520508
7695,110.57991027832
7696,92.078857421875
7698,92.3425445556641
7699,109.942428588867
7702,91.4684524536133
7703,109.940505981445
7704,92.7871017456055
7707,109.563385009766
7713,77.798454284668
7715,102.618301391602
7717,110.610580444336
7718,92.0200958251953
7719,102.420845031738
7721,111.393127441406
7722,93.1137237548828
7725,100.672958374023
7727,104.182540893555
7730,77.6375579833984
7733,91.9426040649414
7735,102.293243408203
7740,110.171363830566
7741,109.720512390137
7742,91.8970489501953
7744,110.093078613281
7747,92.3419799804688
7750,78.1346435546875
7752,111.046493530273
7754,110.130264282227
7756,104.535827636719
7757,92.2360153198242
7758,102.95906829834
7760,103.130554199219
7761,92.3799438476562
7763,109.047271728516
7765,91.8708724975586
7767,110.120300292969
7768,91.8462753295898
7771,92.1387329101562
7773,91.7413024902344
7774,115.399139404297
7776,103.019012451172
7779,91.5058670043945
7783,91.5551528930664
7786,122.235534667969
7787,92.2324371337891
7789,91.8823013305664
7791,92.6602172851562
7793,91.5007858276367
7794,109.548767089844
7795,91.7801895141602
7799,77.4579391479492
7800,108.680229187012
7802,92.8507995605469
7805,109.977478027344
7807,101.467300415039
7808,92.7836227416992
7811,102.902946472168
7817,109.13565826416
7818,102.372848510742
7819,92.393424987793
7822,91.7726135253906
7823,110.231307983398
7825,110.281074523926
7828,91.7446670532227
7832,92.4207763671875
7833,77.8055267333984
7834,109.767272949219
7835,92.0358734130859
7837,92.3115768432617
7840,91.6474914550781
7842,92.7569198608398
7843,111.072814941406
7844,91.7094955444336
7846,92.3001022338867
7850,92.1999435424805
7853,110.284309387207
7855,110.746597290039
7858,92.4609451293945
7863,110.167831420898
7865,110.285484313965
7866,92.1237945556641
7868,91.1693115234375
7869,110.717987060547
7871,78.1687240600586
7872,101.212196350098
7874,101.788024902344
7877,110.810333251953
7878,92.2812957763672
7879,109.649261474609
7881,91.5040512084961
7883,91.7554244995117
7885,101.389991760254
7886,92.0550231933594
7889,93.6019973754883
7890,103.452270507812
7891,92.2016983032227
7893,91.9836883544922
7894,101.840682983398
7896,110.018569946289
7898,101.812927246094
7901,92.3390121459961
7902,109.422431945801
7904,110.906387329102
7905,92.0251007080078
7906,118.339080810547
7909,92.4024276733398
7910,101.800804138184
7913,92.1993179321289
7918,110.020820617676
7919,91.7381439208984
7923,91.0084915161133
7925,92.2376403808594
7927,91.3198699951172
7930,92.5266418457031
7932,92.6380920410156
7933,91.4056854248047
7935,132.08556
7939,102.49976348877
7942,91.6529922485352
7943,111.488624572754
7945,101.906921386719
7946,92.3615112304688
7948,92.4878005981445
7949,108.757835388184
7950,91.8642349243164
7951,109.968765258789
7955,101.412384033203
7959,92.2152709960938
7960,110.01594543457
7961,93.1714706420898
7962,102.791809082031
7964,102.807250976562
7965,92.8517379760742
7966,110.275787353516
7967,105.445182800293
7968,92.3466262817383
7971,103.204536437988
7974,91.7563552856445
7976,110.867225646973
7978,110.05297088623
7982,110.01594543457
7983,92.2571182250977
7984,102.341323852539
7986,91.5952453613281
7989,108.757835388184
7991,109.422431945801
7992,110.089645385742
7993,91.9361724853516
7994,110.117309570312
7995,92.2765350341797
7997,91.9685211181641
7998,102.341323852539
7999,108.922561645508
8002,91.524299621582
8007,91.9394989013672
8009,92.8242416381836
8011,92.2624740600586
8013,93.3267059326172
8015,102.367446899414
8017,110.923858642578
8019,114.327301025391
8023,91.9400634765625
8024,110.580596923828
8026,110.30591583252
8027,91.9184875488281
8029,92.5584182739258
8030,110.093338012695
8031,92.2194366455078
8033,93.2683563232422
8035,91.7392807006836
8036,102.347229003906
8039,103.243133544922
8042,91.3751754760742
8044,91.9226684570312
8046,77.2499008178711
8048,110.065620422363
8049,91.9652252197266
8050,101.662132263184
8053,91.8135833740234
8054,92.1256942749023
8059,91.8208312988281
8061,92.8188781738281
8062,108.642784118652
8064,109.529762268066
8066,102.547164916992
8067,92.8995361328125
8068,91.5255126953125
8070,92.3080291748047
8071,110.782745361328
8072,92.0188369750977
8076,92.1126708984375
8080,91.265380859375
8081,110.845756530762
8084,103.903282165527
8087,109.786911010742
8089,91.0063018798828
8090,118.999946594238
8091,102.279335021973
8094,118.415618896484
8100,91.4933624267578
8101,92.661491394043
8110,92.0277252197266
8111,109.430595397949
8112,92.3177490234375
8115,109.86058807373
8116,92.9557952880859
8118,109.529762268066
8121,115.27018737793
8125,110.868873596191
8127,110.65013885498
8128,92.5676574707031
8129,109.455673217773
8131,92.4060134887695
8138,92.2246551513672
8139,101.48902130127
8140,91.756965637207
8141,91.4101333618164
8142,109.964233398438
8143,109.436477661133
8145,110.326606750488
8146,90.8515930175781
8148,108.721168518066
8153,110.841842651367
8154,91.0553283691406
8155,114.797805786133
8161,91.890869140625
8162,110.155769348145
8163,91.9472122192383
8166,110.298889160156
8168,110.614181518555
8170,91.7468185424805
8172,108.936401367188
8173,91.5230331420898
8176,101.964645385742
8179,91.4614639282227
8181,91.8296813964844
8182,113.933601379395
8184,109.939010620117
8190,102.881942749023
8191,92.4268341064453
8194,109.70573425293
8196,111.584197998047
8198,110.498222351074
8199,110.282211303711
8201,110.91529083252
8202,91.7270278930664
8207,92.7280883789062
8208,108.934852600098
8211,110.710876464844
8214,109.684005737305
8217,91.9990768432617
8218,109.431289672852
8222,91.693229675293
8229,102.382369995117
8231,91.6850738525391
8233,92.2861633300781
8236,91.8584899902344
8238,111.675727844238
8240,100.875839233398
8243,102.264640808105
8246,109.673194885254
8250,91.9670715332031
8254,92.7314300537109
8256,77.4868316650391
8257,108.891799926758
8258,91.5410308837891
8260,92.0263214111328
8261,108.966972351074
8263,113.373085021973
8264,91.8851852416992
8267,110.270751953125
8268,91.1507873535156
8271,91.8480758666992
8272,108.934852600098
8275,92.6875686645508
8276,95.3038482666016
8277,114.46720123291
8278,113.374549865723
8279,91.9506683349609
8280,108.986259460449
8281,92.5175933837891
8282,108.670097351074
8287,110.6708984375
8288,91.0702667236328
8289,111.704345703125
8294,91.4646453857422
8296,91.5661849975586
8299,108.514846801758
8302,102.103210449219
8308,110.248626708984
8314,102.538589477539
8315,92.9545822143555
8316,109.288932800293
8317,92.1499862670898
8319,110.298629760742
8320,91.557746887207
8321,113.979393005371
8323,91.4853057861328
8325,91.9852981567383
8326,110.327621459961
8328,108.891731262207
8330,109.085411071777
8331,91.8450546264648
8332,122.33618927002
8334,92.0489120483398
8338,92.090934753418
8339,92.3988800048828
8341,91.1289825439453
8345,110.182273864746
8346,92.1995086669922
8347,102.567924499512
8349,93.8715972900391
8351,92.0060882568359
8352,110.92610168457
8353,108.891731262207
8355,111.983367919922
8358,108.757102966309
8359,109.904846191406
8360,92.0063781738281
8361,109.313423156738
8363,102.60945892334
8364,92.0536041259766
8365,92.1689834594727
8366,101.857955932617
8370,108.872131347656
8372,91.6749877929688
8376,92.7900772094727
8377,109.648612976074
8379,108.909851074219
8380,93.0653686523438
8381,111.050926208496
8386,90.9527206420898
8388,101.116096496582
8389,91.8352584838867
8391,110.178070068359
8394,92.7314300537109
8396,103.298187255859
8398,101.314361572266
8400,111.404067993164
8401,91.9674453735352
8404,91.1289825439453
8407,97.3484954833984
8408,111.251602172852
8409,109.15030670166
8410,103.360664367676
8411,96.6309814453125
8413,97.4575805664062
8414,109.869125366211
8416,96.6213455200195
