id,y
1,80.45008850097656
2,97.33734893798828
3,79.6598892211914
4,79.86943054199219
5,126.22949981689453
8,94.05371856689453
10,114.44578552246094
11,96.76396179199219
12,118.56275939941406
14,96.27740478515625
15,119.0872802734375
16,105.20023345947266
17,103.70226287841797
19,96.80479431152344
20,105.59364318847656
21,107.47640991210938
22,119.22331237792969
23,103.38185119628906
26,96.92025756835938
28,93.95484924316406
29,96.37797546386719
33,96.32472229003906
35,94.59968566894531
41,98.3282241821289
42,94.48858642578125
43,118.19800567626953
45,104.36615753173828
46,104.3555908203125
51,93.77368927001953
53,79.90811157226562
55,112.09590148925781
56,94.47952270507812
57,103.9117431640625
58,95.5956802368164
59,104.09207916259766
63,112.18579864501953
64,94.92391204833984
65,104.7935791015625
69,94.74805450439453
71,95.09712219238281
72,104.08303833007812
73,94.39606475830078
76,104.10867309570312
77,104.11396026611328
78,115.92610168457031
82,94.4233627319336
83,104.7935791015625
84,94.13282012939453
85,103.70329284667969
87,112.39254760742188
88,96.27257537841797
89,112.89256286621094
91,94.75801086425781
93,94.49118041992188
94,104.16060638427734
95,97.1458740234375
96,111.14620208740234
97,94.13591766357422
98,113.7088394165039
99,93.99803924560547
101,104.24816131591797
103,112.89256286621094
104,94.06396484375
105,111.88579559326172
110,94.71048736572266
111,112.65843963623047
113,113.45751953125
114,93.07518005371094
115,116.08723449707031
117,112.89256286621094
120,94.20706176757812
121,112.41321563720703
122,94.10517120361328
123,112.94486236572266
126,112.50244140625
132,111.9251480102539
135,104.71873474121094
137,104.1921157836914
138,94.65271759033203
140,94.38253021240234
142,113.93035125732422
144,112.44839477539062
148,93.54922485351562
149,114.4320297241211
155,94.54129028320312
156,112.50801086425781
157,94.34963989257812
162,112.46896362304688
163,94.6391830444336
167,94.28800964355469
172,116.12405395507812
179,113.81068420410156
180,93.43701171875
181,111.81810760498047
182,95.05451965332031
183,112.89256286621094
185,112.89256286621094
187,112.23882293701172
188,93.9928207397461
189,93.91414642333984
191,94.37288665771484
192,113.51567840576172
193,94.83024597167969
194,112.0715103149414
195,93.61587524414062
196,112.46092987060547
198,94.45042419433594
199,112.51123809814453
201,104.26641845703125
204,94.3434066772461
205,105.12870788574219
206,94.14382934570312
210,94.29351806640625
211,104.24816131591797
216,112.741455078125
219,115.47798156738281
220,93.87935638427734
221,111.99510192871094
226,111.81810760498047
227,94.1879653930664
228,112.49718475341797
230,112.56461334228516
231,93.51929473876953
235,116.55069732666016
236,94.04660034179688
238,113.66016387939453
242,104.76001739501953
243,94.49909973144531
244,80.3375015258789
245,112.42112731933594
247,120.88185119628906
248,93.781005859375
249,94.31953430175781
250,111.57268524169922
251,94.04660034179688
253,116.57633972167969
254,93.91695404052734
256,94.05716705322266
257,93.27735900878906
258,112.53369140625
259,94.09579467773438
262,79.73262023925781
266,94.45665740966797
267,115.98065185546875
272,103.60037994384766
273,112.89256286621094
275,100.83052825927734
276,113.39169311523438
279,94.5393295288086
280,104.8561019897461
283,94.57463073730469
285,112.4889907836914
288,112.89256286621094
289,94.75886535644531
290,104.3236312866211
291,94.587890625
292,111.2363510131836
293,112.48358917236328
296,115.95196533203125
297,112.19862365722656
298,115.828857421875
299,94.4233627319336
304,93.58397674560547
305,90.00237274169922
306,94.96688842773438
307,111.83285522460938
311,111.4923095703125
313,111.80414581298828
314,93.83850860595703
316,94.44140625
324,96.73494720458984
327,94.6814193725586
329,93.93891143798828
330,112.07696533203125
337,103.52587890625
338,95.06710052490234
339,104.39976501464844
340,94.92119598388672
343,93.55924987792969
345,115.55660247802734
346,94.42918395996094
347,116.57795715332031
349,112.08906555175781
350,93.61890411376953
352,112.63835144042969
353,93.7833480834961
354,78.4580307006836
357,94.07406616210938
358,112.83013916015625
362,114.65241241455078
364,116.96773529052734
365,112.67076110839844
366,94.305419921875
367,112.45736694335938
368,94.60240936279297
370,79.1428451538086
373,95.14219665527344
377,94.0006332397461
378,112.62062072753906
382,104.1838607788086
384,112.49790954589844
390,94.4888687133789
392,111.90270233154297
393,112.30650329589844
395,94.65031433105469
396,104.67139434814453
399,78.49039459228516
406,111.81088256835938
408,111.81088256835938
409,93.97055053710938
410,80.06228637695312
412,111.84459686279297
413,92.89100646972656
419,94.3475570678711
420,113.17162322998047
421,92.99911499023438
430,102.30363464355469
434,93.94749450683594
436,94.64358520507812
437,94.41378784179688
438,93.19290924072266
439,113.47923278808594
440,94.22159576416016
443,113.29157257080078
446,94.3976821899414
448,94.68283081054688
452,94.70384979248047
453,103.88894653320312
457,104.01026916503906
458,94.18476867675781
459,114.32986450195312
460,104.06400299072266
462,104.72320556640625
464,104.42723846435547
465,115.47798156738281
467,118.39630889892578
471,111.84587860107422
472,78.15980529785156
473,94.20221710205078
475,94.42906188964844
480,94.60843658447266
488,112.92994689941406
490,111.83285522460938
491,103.87085723876953
492,79.04286193847656
493,94.12651062011719
497,93.24835205078125
498,112.70479583740234
499,94.26575469970703
500,112.12174987792969
501,94.17845153808594
502,115.63261413574219
506,79.9878921508789
510,112.14524841308594
511,93.6202392578125
512,93.61593627929688
516,110.76914978027344
518,93.75239562988281
519,115.78228759765625
521,93.44784545898438
522,113.0262451171875
526,112.2557601928711
529,95.02500915527344
532,111.71660614013672
533,94.41326141357422
536,113.1769790649414
537,102.71067810058594
539,94.39606475830078
540,104.13011169433594
541,94.06126403808594
543,93.98773193359375
546,112.63703155517578
547,94.07369232177734
548,79.24483489990234
551,94.1316909790039
552,104.09588623046875
556,103.04923248291016
557,94.69639587402344
558,112.45736694335938
559,94.58052062988281
560,105.08580780029297
562,105.06842041015625
566,94.278076171875
570,112.70479583740234
571,94.41378784179688
572,104.8561019897461
573,94.16512298583984
575,115.47798156738281
576,111.14241027832031
577,93.21141052246094
579,93.3890380859375
580,111.60140991210938
581,111.78730010986328
589,111.83285522460938
591,103.09028625488281
593,94.60541534423828
594,103.04293823242188
595,94.57110595703125
598,94.07406616210938
602,111.4515380859375
604,112.64271545410156
606,112.98896026611328
608,94.27146911621094
609,104.2598876953125
610,93.95769500732422
616,112.21500396728516
617,93.97853088378906
618,104.122802734375
620,104.33390808105469
622,112.73202514648438
623,93.09294128417969
624,115.64183807373047
626,111.78407287597656
628,112.02769470214844
629,94.13262176513672
630,112.56461334228516
637,94.46878051757812
638,104.54905700683594
643,94.62823486328125
645,94.60843658447266
646,115.74137878417969
648,95.2415542602539
652,94.29993438720703
653,94.39231872558594
654,112.70479583740234
656,112.19829559326172
657,94.69549560546875
659,94.18286895751953
660,104.73355865478516
663,93.7341079711914
664,112.91261291503906
666,103.50743103027344
668,111.57877349853516
669,94.19237518310547
671,95.14260864257812
675,93.24961853027344
677,94.52881622314453
678,111.77667236328125
679,104.19823455810547
682,94.3995132446289
685,103.87516784667969
687,94.1763687133789
688,94.18150329589844
693,112.4784164428711
696,95.18905639648438
698,94.0343246459961
701,95.55381774902344
704,104.0837173461914
705,115.98234558105469
709,112.79874420166016
710,93.73346710205078
711,104.0154800415039
712,94.93870544433594
714,111.76809692382812
715,94.14315032958984
716,111.84358215332031
717,93.83756256103516
720,115.55526733398438
721,94.36595153808594
724,107.63670349121094
725,94.1530990600586
726,113.17543029785156
728,112.77108764648438
731,94.25655364990234
734,104.94585418701172
738,94.19463348388672
745,112.00698852539062
746,93.84609985351562
751,80.30624389648438
754,94.00743103027344
756,94.26103210449219
758,94.31200408935547
759,113.91099548339844
761,115.97142791748047
766,94.45767211914062
767,111.75364685058594
768,93.11932373046875
769,112.59413146972656
770,96.94093322753906
771,79.09387969970703
772,104.99208068847656
773,94.13128662109375
774,112.63350677490234
776,112.49005126953125
777,94.65846252441406
780,116.46099853515625
782,104.13416290283203
787,103.3716812133789
788,94.4036636352539
792,93.30557250976562
793,111.96173858642578
798,94.3641586303711
800,93.63096618652344
806,111.84358215332031
809,112.94416809082031
811,115.62859344482422
812,92.92250061035156
814,115.47113037109375
816,104.30511474609375
817,94.55594635009766
818,106.56492614746094
820,112.4501953125
823,94.19752502441406
829,93.11582946777344
830,113.2967529296875
831,93.02581787109375
834,112.06500244140625
839,94.6783218383789
841,79.10450744628906
844,104.25956726074219
845,93.90634155273438
848,93.6979751586914
850,95.8960189819336
851,104.17604064941406
852,96.91459655761719
854,93.61032104492188
855,94.35022735595703
856,103.38746643066406
859,103.61066436767578
861,112.63350677490234
864,93.87567138671875
865,112.56531524658203
866,94.30846405029297
867,93.86846160888672
869,94.53108215332031
871,93.54717254638672
872,111.84358215332031
882,103.34895324707031
883,93.96656036376953
885,94.71525573730469
888,95.14158630371094
893,111.88186645507812
901,111.71636199951172
903,104.10884094238281
904,94.28922271728516
905,104.54804229736328
910,94.79253387451172
911,112.1922607421875
914,113.08963775634766
918,113.44384002685547
921,93.31022644042969
928,94.34441375732422
929,104.54179382324219
932,94.7185287475586
933,104.58041381835938
934,94.79253387451172
935,112.75405883789062
937,79.32589721679688
939,94.52716064453125
940,103.4963150024414
941,95.02079010009766
942,103.15125274658203
943,94.0700454711914
944,104.41973114013672
947,111.84358215332031
949,112.6926040649414
951,112.36078643798828
952,95.05045318603516
953,104.10884094238281
954,79.23858642578125
957,112.7441177368164
959,93.01697540283203
960,116.49018096923828
963,115.7024917602539
965,111.84358215332031
967,104.11478424072266
971,94.24642944335938
972,78.6439208984375
973,93.94523620605469
974,112.76194763183594
975,95.67951965332031
978,117.45523834228516
980,112.51104736328125
981,94.4324722290039
984,113.16854095458984
986,94.79253387451172
988,93.11932373046875
989,112.20136260986328
990,103.77913665771484
992,111.93848419189453
996,94.68073272705078
999,113.25484466552734
1000,94.42906951904297
1001,112.74142456054688
1002,93.11133575439453
1003,112.72142028808594
1004,93.39136505126953
1008,112.2596206665039
1009,94.3005142211914
1010,104.6791000366211
1012,116.9045181274414
1013,93.29374694824219
1014,112.95149230957031
1015,94.87043762207031
1016,116.17924499511719
1019,96.0822525024414
1020,113.33759307861328
1021,94.81605529785156
1022,104.26820373535156
1024,94.81605529785156
1025,79.82699584960938
1027,94.65572357177734
1028,105.32431030273438
1029,95.60399627685547
1030,94.3450927734375
1033,112.77745819091797
1036,94.5765151977539
1037,112.41180419921875
1038,94.09724426269531
1042,94.77591705322266
1043,104.03026580810547
1044,94.25483703613281
1045,112.12586975097656
1047,114.84611511230469
1050,93.84644317626953
1051,112.13324737548828
1054,94.20694732666016
1056,94.43832397460938
1057,93.97621154785156
1059,94.87682342529297
1062,103.9774398803711
1063,104.11337280273438
1064,94.43832397460938
1066,94.02922821044922
1070,104.65338134765625
1076,112.35431671142578
1077,106.18596649169922
1078,112.26958465576172
1080,112.57756805419922
1082,111.92440032958984
1083,94.77774810791016
1089,113.07794952392578
1091,95.29622650146484
1093,94.16769409179688
1097,93.95301818847656
1099,93.442138671875
1101,95.09205627441406
1103,96.12469482421875
1104,112.29499053955078
1106,112.00787353515625
1109,94.55382537841797
1110,112.38082885742188
1111,94.51903533935547
1112,112.10832977294922
1114,93.9759750366211
1116,94.38777923583984
1117,113.00536346435547
1120,94.55985260009766
1124,112.87275695800781
1125,93.59530639648438
1126,112.8255844116211
1134,112.17290496826172
1137,93.94489288330078
1138,112.35462951660156
1144,111.72051239013672
1145,94.71003723144531
1146,94.13268280029297
1148,96.15352630615234
1150,94.65171813964844
1152,104.49093627929688
1153,94.85635375976562
1154,103.90281677246094
1155,94.38883972167969
1157,94.46435546875
1162,94.78516387939453
1165,112.73455810546875
1166,93.62196350097656
1167,104.23794555664062
1168,95.14012145996094
1169,103.85710906982422
1171,116.69757843017578
1172,95.28057861328125
1173,103.85710906982422
1174,94.5254898071289
1176,94.84471130371094
1177,104.23774719238281
1178,94.22779846191406
1182,112.80189514160156
1186,94.93119049072266
1187,113.29822540283203
1188,94.66959381103516
1189,116.61021423339844
1191,105.02141571044922
1192,95.18323516845703
1197,112.59854125976562
1198,93.78214263916016
1200,79.10604858398438
1201,94.75041198730469
1203,95.02871704101562
1209,115.80701446533203
1214,104.39551544189453
1218,112.4476089477539
1222,94.40469360351562
1226,94.75472259521484
1228,93.91231536865234
1230,94.20008087158203
1232,79.04144287109375
1233,94.92719268798828
1236,114.86473083496094
1238,95.8023452758789
1241,111.82150268554688
1244,105.27070617675781
1246,95.15563201904297
1247,112.50834655761719
1250,113.07816314697266
1251,93.34530639648438
1254,113.41475677490234
1255,94.28939819335938
1256,111.64530944824219
1257,94.28292846679688
1258,94.59489440917969
1259,112.11624145507812
1260,94.85396575927734
1263,112.35135650634766
1267,79.25993347167969
1268,111.01918029785156
1271,94.79060363769531
1272,112.26810455322266
1274,105.01822662353516
1275,94.88706970214844
1276,112.23423767089844
1277,94.58612060546875
1279,94.23367309570312
1281,94.98884582519531
1282,94.59349822998047
1283,112.21581268310547
1285,112.55891418457031
1286,94.12777709960938
1289,112.56472778320312
1296,112.68035888671875
1299,94.6596908569336
1301,94.80896759033203
1306,94.23020935058594
1307,94.53448486328125
1308,94.38278198242188
1313,112.23423767089844
1314,95.14849090576172
1315,112.46170806884766
1316,94.49443054199219
1317,112.22868347167969
1319,94.00459289550781
1323,95.0145263671875
1324,105.22563171386719
1325,94.24707794189453
1328,103.5937728881836
1329,94.38929748535156
1330,113.0683822631836
1331,94.64175415039062
1332,104.69197082519531
1337,95.2216567993164
1338,112.39876556396484
1339,93.85659790039062
1340,112.86028289794922
1343,113.27388000488281
1347,104.97099304199219
1348,94.18473052978516
1349,104.4114761352539
1352,94.32512664794922
1354,96.05538177490234
1359,112.88632202148438
1360,95.21115112304688
1363,112.2524642944336
1364,95.25767517089844
1365,104.42071533203125
1366,94.80169677734375
1372,95.0700454711914
1375,104.02196502685547
1376,94.34391784667969
1378,94.12471008300781
1379,112.993408203125
1380,95.19660949707031
1381,103.90192413330078
1384,115.64915466308594
1387,94.7230453491211
1388,111.89456176757812
1392,79.44670867919922
1394,103.595458984375
1395,94.95189666748047
1396,112.23162841796875
1398,94.22564697265625
1399,112.23162841796875
1400,94.8130874633789
1401,94.20922088623047
1403,94.65521240234375
1404,110.5441665649414
1406,112.23162841796875
1407,94.3218994140625
1408,112.41621398925781
1410,79.5130844116211
1412,112.29874420166016
1413,94.73590087890625
1415,94.82979583740234
1420,112.41621398925781
1422,112.40536499023438
1423,107.56830596923828
1424,112.41621398925781
1425,95.16891479492188
1426,79.5130844116211
1427,94.94888305664062
1429,94.03179931640625
1430,112.58197021484375
1431,95.04006958007812
1432,104.27166748046875
1434,112.55332946777344
1437,94.65302276611328
1438,104.62312316894531
1440,112.45499420166016
1441,112.3326416015625
1442,94.61640167236328
1444,111.69298553466797
1445,95.31092834472656
1446,104.5549545288086
1448,93.9935302734375
1453,94.73846435546875
1454,112.29874420166016
1455,95.15084838867188
1456,112.67782592773438
1458,112.29874420166016
1459,94.44022369384766
1461,94.38539123535156
1465,94.8172378540039
1466,111.66008758544922
1469,95.02650451660156
1472,94.78919982910156
1474,94.80232238769531
1477,113.28550720214844
1479,111.98174285888672
1482,94.03624725341797
1483,79.06065368652344
1487,95.14334869384766
1488,112.71408081054688
1490,113.08673858642578
1492,111.17861938476562
1494,116.54251861572266
1496,104.94026184082031
1497,95.15873718261719
1499,95.72437286376953
1502,96.53203582763672
1507,112.12409210205078
1508,94.34626007080078
1509,112.05685424804688
1511,94.8329849243164
1512,112.94590759277344
1513,114.74362182617188
1514,111.82785034179688
1518,113.12210083007812
1519,93.4496841430664
1522,112.16123962402344
1524,79.16374206542969
1527,94.61640167236328
1529,94.02886199951172
1532,103.64403533935547
1536,112.953857421875
1537,115.99049377441406
1539,105.11316680908203
1542,118.81433868408203
1543,94.34391784667969
1544,105.09473419189453
1545,79.18792724609375
1550,94.4181137084961
1551,112.84545135498047
1554,104.64440155029297
1556,104.86775207519531
1559,94.3885498046875
1560,81.03964233398438
1562,96.91056060791016
1566,93.61746215820312
1567,113.24625396728516
1569,104.34170532226562
1570,112.38275146484375
1571,112.76707458496094
1574,94.34626007080078
1578,104.63650512695312
1580,94.71986389160156
1583,112.89402770996094
1584,94.34626007080078
1585,112.98738098144531
1586,95.00005340576172
1587,112.70216369628906
1588,93.39445495605469
1590,114.21564483642578
1592,103.88386535644531
1596,110.65885925292969
1598,112.10726165771484
1599,94.30367279052734
1604,115.04563903808594
1606,103.64692687988281
1607,94.73969268798828
1608,103.34801483154297
1609,116.55908203125
1611,94.7101058959961
1613,94.93919372558594
1616,94.89035034179688
1619,112.44396209716797
1620,93.43757629394531
1621,113.0593490600586
1622,94.2090072631836
1625,111.56922912597656
1627,116.55908203125
1629,112.68569946289062
1634,94.90512084960938
1636,94.41133117675781
1638,103.8913803100586
1639,95.10346984863281
1641,94.98434448242188
1643,95.01325225830078
1644,103.52433776855469
1645,116.57596588134766
1646,94.58124542236328
1647,105.62106323242188
1648,94.59626770019531
1652,94.6705551147461
1653,112.73209381103516
1656,96.42242431640625
1658,94.30367279052734
1659,112.72638702392578
1661,94.75662231445312
1663,94.74374389648438
1664,112.8906478881836
1665,94.58972930908203
1666,104.86775207519531
1667,103.88813018798828
1668,79.0481948852539
1669,103.83706665039062
1670,94.75243377685547
1672,112.72308349609375
1674,112.56221008300781
1677,112.67477416992188
1678,94.0064697265625
1679,112.05712127685547
1680,94.90959930419922
1683,104.72029113769531
1686,104.2856216430664
1687,112.4138412475586
1689,112.7674560546875
1690,94.28614807128906
1691,115.87834930419922
1692,112.79203033447266
1693,94.34626007080078
1695,94.33338165283203
1696,94.76947784423828
1697,112.49281311035156
1700,104.73738861083984
1701,94.69708251953125
1702,112.7182388305664
1703,93.78517150878906
1704,113.15948486328125
1706,95.16764831542969
1707,113.54792022705078
1708,94.49161529541016
1710,94.51911926269531
1711,104.27852630615234
1713,104.52780151367188
1717,104.19615936279297
1719,104.63650512695312
1720,94.30989074707031
1722,94.1412353515625
1725,103.69430541992188
1726,94.45560455322266
1727,103.9404296875
1729,112.27828216552734
1730,94.3682861328125
1731,112.58125305175781
1733,104.73738861083984
1734,94.66064453125
1735,112.4366455078125
1738,94.93919372558594
1742,94.53192138671875
1745,112.56221008300781
1747,94.86521911621094
1749,94.9771957397461
1751,94.5895004272461
1752,79.15553283691406
1753,103.0282211303711
1754,94.98723602294922
1755,94.76070404052734
1756,105.5345458984375
1758,113.10590362548828
1759,94.61783599853516
1760,104.67160034179688
1761,112.57588195800781
1762,94.66301727294922
1763,111.77667236328125
1764,90.73716735839844
1766,94.61737823486328
1768,94.63667297363281
1769,79.45185852050781
1771,112.28514099121094
1772,94.97128295898438
1773,104.30245971679688
1774,95.16899108886719
1775,112.11000061035156
1777,113.23068237304688
1779,94.61783599853516
1780,105.75216674804688
1787,93.87369537353516
1788,93.79792785644531
1790,94.83403015136719
1796,112.26390838623047
1801,93.48847961425781
1803,93.93647766113281
1807,112.19181823730469
1809,113.536376953125
1812,93.85889434814453
1813,112.70045471191406
1814,94.5732192993164
1815,112.08096313476562
1816,94.54095458984375
1818,93.49461364746094
1820,94.1578369140625
1821,112.76292419433594
1822,94.69745635986328
1825,93.63993072509766
1826,103.85958099365234
1828,93.8516845703125
1831,103.44744110107422
1836,111.37234497070312
1837,93.90912628173828
1841,94.37403106689453
1844,103.19359588623047
1848,94.82594299316406
1851,104.65142059326172
1852,94.47076416015625
1853,93.3363037109375
1854,112.14057922363281
1856,94.20050048828125
1859,113.81494903564453
1860,94.12753295898438
1861,78.68062591552734
1863,104.95748138427734
1865,94.70621490478516
1866,104.79249572753906
1867,94.61997985839844
1868,93.29461669921875
1872,94.50163269042969
1879,94.38327026367188
1880,104.01194763183594
1882,94.09110260009766
1885,104.1080093383789
1887,103.74645233154297
1888,93.8332290649414
1890,122.7271499633789
1894,94.51632690429688
1895,103.28822326660156
1896,93.93952178955078
1897,112.79827880859375
1900,112.44345092773438
1901,93.92900848388672
1902,111.6128921508789
1905,93.92559814453125
1906,111.18387603759766
1912,104.2713623046875
1915,93.76639556884766
1916,103.7857666015625
1917,93.9385757446289
1918,104.00049591064453
1920,80.05474853515625
1923,93.96369934082031
1924,103.93143463134766
1925,94.35017395019531
1930,116.44405364990234
1932,112.22732543945312
1933,94.72688293457031
1934,112.63922119140625
1935,94.10208892822266
1940,79.40845489501953
1941,93.85430145263672
1942,116.174072265625
1943,94.01017761230469
1944,93.7134017944336
1945,109.84579467773438
1948,115.96231842041016
1949,93.98416900634766
1952,94.54158782958984
1954,94.19300842285156
1955,112.3787841796875
1958,94.29701232910156
1959,79.38048553466797
1960,111.71791076660156
1963,95.03817749023438
1965,94.7794418334961
1968,104.51226806640625
1969,95.15277099609375
1971,94.8166732788086
1972,112.39105224609375
1973,93.3207015991211
1975,93.39897918701172
1977,95.00965881347656
1978,94.40758514404297
1979,112.3152847290039
1981,93.39547729492188
1982,112.5172348022461
1987,112.0280532836914
1988,93.454833984375
1993,94.95479583740234
1997,94.0424575805664
1999,94.5732650756836
2001,94.82796478271484
2002,113.30897521972656
2003,94.2685317993164
2004,79.24557495117188
2006,113.42791748046875
2007,94.10595703125
2009,104.86307525634766
2010,93.96920776367188
2013,95.16065979003906
2018,78.9019775390625
2022,104.74256134033203
2024,113.38380432128906
2025,94.99308013916016
2026,105.04041290283203
2030,104.84123992919922
2031,94.61161041259766
2032,104.537109375
2033,94.32543182373047
2035,94.38109588623047
2036,113.62720489501953
2037,93.76191711425781
2040,94.81719970703125
2043,113.7084732055664
2044,105.0987319946289
2046,103.09349060058594
2054,111.28181457519531
2055,94.48113250732422
2056,105.63195037841797
2059,94.25288391113281
2060,94.19475555419922
2062,94.1844711303711
2063,112.08397674560547
2066,94.78587341308594
2067,112.5640640258789
2072,96.40701293945312
2073,112.04564666748047
2074,94.69033813476562
2075,112.82453918457031
2076,94.200439453125
2080,94.68246459960938
2082,94.19475555419922
2085,112.05149841308594
2087,113.11454010009766
2091,111.29312133789062
2092,94.83053588867188
2093,105.63195037841797
2098,94.908447265625
2101,111.67304229736328
2102,93.83599090576172
2103,79.3772964477539
2105,105.10191345214844
2106,94.4716567993164
2107,112.47111511230469
2110,94.61734008789062
2114,94.6038818359375
2115,116.14482879638672
2117,80.31470489501953
2118,93.6299819946289
2119,103.5093765258789
2120,94.3619155883789
2122,94.75371551513672
2123,112.55241394042969
2126,94.90375518798828
2127,104.04457092285156
2128,94.24153137207031
2129,112.59539031982422
2132,95.02639770507812
2135,104.67364501953125
2138,94.76819610595703
2139,116.10777282714844
2141,112.11394500732422
2142,93.99211120605469
2146,94.88578033447266
2151,112.22468566894531
2157,104.95323944091797
2159,112.82439422607422
2162,94.37022399902344
2164,116.15492248535156
2167,94.01808166503906
2168,111.51748657226562
2171,94.32553100585938
2173,94.79267120361328
2174,104.90899658203125
2175,93.98753356933594
2178,94.57505798339844
2180,95.61682891845703
2185,111.86051177978516
2189,93.55748748779297
2190,112.78154754638672
2192,103.35530853271484
2194,112.87576293945312
2200,114.75397491455078
2201,94.44789123535156
2203,111.69523620605469
2204,94.35575866699219
2205,112.02085876464844
2209,112.46315002441406
2213,103.90169525146484
2214,94.12254333496094
2215,113.36255645751953
2216,94.4652328491211
2218,93.96784210205078
2219,103.7291488647461
2220,95.01911163330078
2222,95.37213897705078
2223,112.13541412353516
2225,112.51905822753906
2226,94.59329986572266
2230,94.36937713623047
2233,112.64344787597656
2234,111.86558532714844
2235,94.35575866699219
2236,79.65228271484375
2237,94.52308654785156
2240,113.58528900146484
2241,94.60894012451172
2248,104.82131958007812
2249,95.55083465576172
2250,112.17438507080078
2252,111.88912200927734
2253,94.14657592773438
2254,111.66931915283203
2256,81.51202392578125
2258,94.14492797851562
2259,113.06752014160156
2262,96.3062744140625
2265,94.55493927001953
2266,104.78890991210938
2269,94.38965606689453
2271,94.54344177246094
2273,93.73391723632812
2274,112.71025848388672
2275,94.48993682861328
2277,94.13336181640625
2279,94.36011505126953
2280,78.59025573730469
2282,95.60901641845703
2283,104.49018859863281
2288,93.19062805175781
2289,112.34028625488281
2291,94.28880310058594
2292,115.84385681152344
2297,95.13648223876953
2298,103.9215316772461
2299,95.68226623535156
2300,111.71622467041016
2301,94.22730255126953
2304,94.86607360839844
2305,104.15099334716797
2306,96.33589935302734
2308,93.89456939697266
2309,112.26060485839844
2311,99.15074157714844
2312,103.07069396972656
2316,103.99891662597656
2321,104.02252960205078
2322,111.95812225341797
2325,103.28993225097656
2326,94.46562194824219
2329,115.84385681152344
2330,94.13703155517578
2331,104.26187133789062
2332,112.20854187011719
2333,96.33589935302734
2334,103.43793487548828
2335,111.72599792480469
2337,111.29937744140625
2338,94.8124008178711
2340,112.20854187011719
2342,99.4000473022461
2345,93.78297424316406
2349,94.3079605102539
2351,80.94178009033203
2352,94.30183410644531
2354,111.58234405517578
2355,116.89090728759766
2357,112.49195861816406
2358,94.00694274902344
2360,94.70128631591797
2361,111.58234405517578
2364,94.49826049804688
2366,96.326416015625
2369,104.10050964355469
2370,94.90835571289062
2371,112.15467834472656
2373,113.05551147460938
2374,95.11715698242188
2376,112.51874542236328
2378,110.53106689453125
2382,94.6950454711914
2383,93.59508514404297
2386,103.49073028564453
2387,94.8340072631836
2389,93.89086151123047
2390,111.14787292480469
2392,93.88508605957031
2398,111.7432632446289
2399,94.22764587402344
2400,95.89098358154297
2401,112.0871810913086
2402,94.47069549560547
2404,95.38678741455078
2407,111.85301971435547
2408,113.03717041015625
2409,113.00535583496094
2412,80.2914047241211
2413,94.98331451416016
2415,94.80103302001953
2420,109.98284912109375
2422,95.37808990478516
2423,103.24064636230469
2426,94.72535705566406
2432,96.19782257080078
2434,94.2927017211914
2435,99.13410186767578
2436,113.27740478515625
2438,110.49270629882812
2440,111.9702377319336
2443,94.68509674072266
2444,94.1123275756836
2447,104.48271942138672
2450,94.4057846069336
2454,94.59009552001953
2455,112.27449798583984
2459,96.37295532226562
2460,111.9520034790039
2463,94.15542602539062
2465,94.47760772705078
2468,79.34904479980469
2469,94.1284408569336
2474,93.8092041015625
2478,94.16659545898438
2480,94.22450256347656
2481,113.12971496582031
2489,96.34129333496094
2490,104.55590057373047
2492,94.04766082763672
2496,96.33036041259766
2497,113.3369140625
2500,94.30260467529297
2505,96.36497497558594
2507,93.94828796386719
2508,111.9029769897461
2509,94.20074462890625
2510,79.05359649658203
2513,93.27920532226562
2515,96.34129333496094
2518,93.59508514404297
2519,114.77449035644531
2520,93.59508514404297
2521,112.60271453857422
2523,112.54776763916016
2525,94.57445526123047
2529,111.29918670654297
2530,94.20329284667969
2533,111.7007827758789
2535,93.86917114257812
2538,104.16927337646484
2544,109.73932647705078
2553,111.76411437988281
2556,94.48344421386719
2558,93.5007095336914
2559,114.35555267333984
2560,94.17919921875
2561,112.16010284423828
2562,93.63391876220703
2563,111.57282257080078
2564,94.09439086914062
2565,111.96522521972656
2567,104.4913330078125
2572,94.40777587890625
2575,94.46458435058594
2576,113.1763687133789
2577,94.27979278564453
2578,94.7143325805664
2579,111.6504898071289
2580,93.6616439819336
2582,113.10469818115234
2583,94.48121643066406
2587,94.15176391601562
2589,111.95952606201172
2590,95.58341979980469
2591,111.29918670654297
2594,93.86713409423828
2597,94.87910461425781
2598,104.50402069091797
2599,94.49250793457031
2600,103.344970703125
2602,112.04997253417969
2603,94.40777587890625
2604,104.50416564941406
2606,112.59902954101562
2607,78.92385864257812
2608,95.64013671875
2613,111.39865112304688
2614,95.6860122680664
2615,113.92869567871094
2617,112.19589233398438
2620,94.51319885253906
2623,113.64248657226562
2624,94.6497802734375
2627,111.39865112304688
2629,78.92385864257812
2630,102.36457061767578
2632,94.85132598876953
2636,94.3580093383789
2639,94.28665924072266
2640,105.26111602783203
2642,111.29918670654297
2644,104.59864807128906
2646,112.46976470947266
2647,94.42872619628906
2649,94.66429138183594
2650,105.5163345336914
2652,104.55552673339844
2653,103.01666259765625
2655,107.68488311767578
2657,111.68998718261719
2659,112.09193420410156
2662,93.63859558105469
2663,113.58528900146484
2664,94.7099838256836
2665,103.04342651367188
2670,94.63369750976562
2671,103.33184051513672
2672,95.17416381835938
2675,104.52266693115234
2677,111.89004516601562
2679,112.30326843261719
2683,112.07540130615234
2684,94.36022186279297
2685,94.17864227294922
2688,103.87494659423828
2689,94.70903778076172
2690,103.14617919921875
2693,96.33597564697266
2694,113.0427474975586
2697,95.53084564208984
2699,94.35183715820312
2703,94.03842163085938
2705,104.12519836425781
2709,79.02202606201172
2710,94.45476531982422
2711,111.92930603027344
2712,97.57650756835938
2713,94.87501525878906
2714,112.97853088378906
2715,93.78287506103516
2717,93.267822265625
2718,112.43051147460938
2720,111.6570816040039
2721,94.5649185180664
2726,94.78955078125
2728,94.09530639648438
2731,103.13533782958984
2732,111.09940338134766
2734,93.8958740234375
2736,103.84575653076172
2737,94.05412292480469
2738,103.28191375732422
2739,113.2282485961914
2746,93.9983139038086
2749,103.11127471923828
2751,118.13481140136719
2752,104.9858627319336
2753,93.90476989746094
2757,104.5511474609375
2758,94.69605255126953
2759,113.43350219726562
2760,101.1633071899414
2762,112.24678039550781
2764,94.32411193847656
2765,111.45984649658203
2769,112.54573822021484
2771,112.52737426757812
2774,93.97272491455078
2776,94.46759796142578
2777,116.35411834716797
2778,94.23577880859375
2779,112.36563110351562
2782,93.29508209228516
2784,94.80661010742188
2787,94.5674057006836
2789,94.596923828125
2792,94.7269287109375
2798,94.5476303100586
2799,104.16128540039062
2800,97.90790557861328
2801,78.71791076660156
2802,93.61703491210938
2804,94.04481506347656
2807,103.19204711914062
2808,94.91275787353516
2809,113.02843475341797
2811,116.26980590820312
2812,94.7481689453125
2814,93.2417984008789
2816,94.69137573242188
2817,112.62030029296875
2818,112.76466369628906
2820,112.68030548095703
2821,79.26605987548828
2822,94.72157287597656
2823,104.19042205810547
2824,94.83232116699219
2826,104.49073791503906
2829,94.24150085449219
2834,93.52738952636719
2835,79.37686920166016
2838,94.84623718261719
2839,112.1573715209961
2840,93.5867919921875
2841,112.40260314941406
2842,96.1468276977539
2846,113.29248046875
2848,96.29192352294922
2849,94.15958404541016
2850,112.94940948486328
2851,94.56719970703125
2853,97.24893951416016
2854,111.253173828125
2858,113.78862762451172
2861,95.00203704833984
2864,94.02448272705078
2865,113.12971496582031
2866,112.04496002197266
2867,93.36450958251953
2868,112.90250396728516
2870,113.51284790039062
2877,100.68403625488281
2878,111.35533142089844
2880,112.12110137939453
2882,78.83261108398438
2883,94.59265899658203
2884,104.07423400878906
2885,99.02120208740234
2887,96.06877136230469
2888,111.82730102539062
2889,94.80079650878906
2890,103.94762420654297
2891,98.14907836914062
2892,116.41988372802734
2893,94.54525756835938
2898,112.65093994140625
2899,94.55194091796875
2900,112.69915008544922
2901,94.26168823242188
2909,94.96723937988281
2910,112.22430419921875
2911,112.74725341796875
2913,112.87913513183594
2914,95.56014251708984
2918,94.41349029541016
2919,111.87602233886719
2920,93.93379974365234
2921,111.35533142089844
2922,94.92228698730469
2923,104.23296356201172
2925,111.83639526367188
2926,93.6966323852539
2927,111.55447387695312
2929,112.38006591796875
2933,93.60566711425781
2934,112.55608367919922
2936,114.64340209960938
2941,103.09849548339844
2942,94.51730346679688
2943,111.89563751220703
2945,104.02925872802734
2950,93.57608032226562
2951,112.13304901123047
2953,113.54402923583984
2954,94.93277740478516
2955,103.44493865966797
2956,95.14917755126953
2960,94.75196838378906
2962,93.93438720703125
2963,105.25933074951172
2964,104.26187133789062
2966,78.71539306640625
2967,94.71439361572266
2968,113.13638305664062
2969,93.43669128417969
2971,93.97482299804688
2972,95.11227416992188
2974,94.55210876464844
2975,112.38871765136719
2977,117.77351379394531
2980,113.52362823486328
2981,93.24952697753906
2983,95.09031677246094
2984,104.12266540527344
2985,115.58261108398438
2986,104.103271484375
2987,95.11227416992188
2989,94.43937683105469
2990,112.10404205322266
2991,99.5370864868164
2992,79.22023010253906
2995,95.5367660522461
2996,103.63639068603516
3002,112.23563385009766
3004,112.00928497314453
3005,115.54340362548828
3006,95.48287200927734
3010,94.47010040283203
3011,103.43634796142578
3014,93.6966323852539
3015,94.40412902832031
3016,94.24242401123047
3017,110.69625091552734
3018,93.94905090332031
3021,103.0639877319336
3024,104.07901000976562
3028,93.912353515625
3030,94.25968170166016
3032,94.64754486083984
3039,94.04672241210938
3040,104.06493377685547
3041,97.6622085571289
3043,97.41886901855469
3044,112.6460952758789
3046,112.05244445800781
3055,93.56979370117188
3056,112.447509765625
3058,93.89632415771484
3059,111.2949447631836
3061,116.41126251220703
3063,103.8957290649414
3066,95.03324890136719
3067,104.10291290283203
3068,78.70442962646484
3069,94.5362319946289
3072,114.5901107788086
3073,112.59225463867188
3074,94.21322631835938
3077,93.52658081054688
3082,95.09568786621094
3084,95.54688262939453
3085,112.34408569335938
3088,104.16148376464844
3091,93.72346496582031
3092,112.68224334716797
3093,95.44291687011719
3094,103.16780090332031
3096,113.09029388427734
3097,94.1485824584961
3098,78.93865966796875
3102,116.06725311279297
3106,93.45574951171875
3109,93.67667388916016
3111,92.9614028930664
3112,115.521728515625
3113,94.92314910888672
3115,95.60371398925781
3116,112.14336395263672
3117,94.64988708496094
3121,112.2540054321289
3122,94.15027618408203
3123,94.27764892578125
3124,104.43830871582031
3125,94.23868560791016
3126,102.41920471191406
3127,115.66870880126953
3129,93.76248931884766
3130,112.377197265625
3132,104.60286712646484
3134,103.85096740722656
3135,96.98678588867188
3137,78.90129852294922
3138,98.02864837646484
3140,94.40923309326172
3144,112.171142578125
3145,94.66999053955078
3146,113.9690933227539
3147,98.61846923828125
3148,103.79639434814453
3149,102.85208129882812
3150,112.43999481201172
3151,93.87800598144531
3152,95.03681945800781
3155,94.64693450927734
3156,112.94940948486328
3159,93.46846008300781
3161,94.65892028808594
3162,103.58370208740234
3163,95.2232666015625
3165,103.10962677001953
3172,94.43804168701172
3173,114.0754623413086
3176,94.42523193359375
3177,103.84519958496094
3179,112.38497924804688
3183,94.48574829101562
3186,94.35501098632812
3187,102.32923889160156
3189,111.99819946289062
3190,94.21620178222656
3192,115.6570816040039
3193,94.46194458007812
3194,112.0347671508789
3197,94.32691192626953
3198,94.6167221069336
3200,94.63722229003906
3201,116.64043426513672
3202,94.640625
3204,96.12945556640625
3205,93.49449920654297
3206,112.361328125
3208,102.849365234375
3210,103.0585708618164
3211,94.85791015625
3212,116.29475402832031
3213,94.64654541015625
3214,110.82405853271484
3216,104.34949493408203
3219,94.0120849609375
3220,110.31410217285156
3221,94.94705963134766
3226,106.85346221923828
3227,94.60885620117188
3228,112.91622161865234
3229,94.45478820800781
3232,79.31017303466797
3233,94.40875244140625
3234,94.82572174072266
3236,94.9027328491211
3238,111.33101654052734
3239,112.55426788330078
3240,94.29899597167969
3247,112.02175903320312
3249,103.72579956054688
3252,119.44062805175781
3253,94.93870544433594
3254,104.25113677978516
3255,94.43646240234375
3256,112.49405670166016
3257,94.36769104003906
3262,94.65338897705078
3263,104.13713836669922
3264,95.20220947265625
3266,112.67439270019531
3267,94.97540283203125
3269,94.7498550415039
3272,115.54013061523438
3274,94.32691192626953
3275,105.0445785522461
3277,94.92636108398438
3279,94.81735229492188
3280,103.67372131347656
3283,94.3848876953125
3285,96.09268188476562
3287,94.21066284179688
3288,103.97962951660156
3290,104.3365478515625
3291,94.53787231445312
3298,112.36282348632812
3299,94.6734619140625
3302,110.69083404541016
3303,94.24872589111328
3304,104.47946166992188
3307,93.8895034790039
3309,94.08277130126953
3314,80.18067932128906
3316,112.4495849609375
3317,94.41085052490234
3319,94.24775695800781
3320,112.59291076660156
3321,94.445068359375
3322,103.91781616210938
3324,93.3599624633789
3326,94.75349426269531
3329,112.33895874023438
3330,94.09041595458984
3331,112.77788543701172
3335,116.35417938232422
3337,95.15237426757812
3338,104.35620880126953
3339,94.98326873779297
3340,112.6403579711914
3341,94.7903060913086
3343,97.28855895996094
3346,92.83572387695312
3348,94.00366973876953
3351,104.21591186523438
3352,115.5873031616211
3355,93.76884460449219
3356,112.38787841796875
3358,104.22176361083984
3359,94.71952819824219
3360,113.10442352294922
3371,112.79592895507812
3372,94.66678619384766
3374,95.02538299560547
3377,112.15216827392578
3378,93.17845153808594
3380,103.70267486572266
3382,96.50110626220703
3386,94.69479370117188
3389,112.31796264648438
3391,102.71729278564453
3393,95.937255859375
3394,102.81510162353516
3395,94.21150970458984
3397,111.29888153076172
3398,95.01737213134766
3399,79.23764038085938
3400,94.17898559570312
3404,103.54473876953125
3407,112.08941650390625
3409,104.1500015258789
3419,94.91181945800781
3421,94.809326171875
3425,94.88446807861328
3427,78.68177032470703
3428,115.5488052368164
3429,111.88666534423828
3431,93.7610855102539
3435,93.93124389648438
3436,112.69218444824219
3439,94.85464477539062
3441,99.8333511352539
3442,115.5488052368164
3443,94.65338897705078
3444,103.14717102050781
3445,94.4300537109375
3446,110.6429214477539
3449,94.25968170166016
3453,94.08428192138672
3457,94.61433410644531
3460,103.75809478759766
3461,94.8709945678711
3462,94.23388671875
3464,103.95891571044922
3465,78.70947265625
3466,94.71072387695312
3467,103.7688217163086
3468,94.77928924560547
3469,104.49372863769531
3470,103.06333923339844
3472,111.32755279541016
3473,94.36602783203125
3475,93.43030548095703
3476,112.01581573486328
3478,103.74498748779297
3479,94.56719970703125
3483,94.25167846679688
3484,103.26982116699219
3485,95.0696792602539
3487,94.38736724853516
3488,112.05146789550781
3496,114.4442138671875
3497,94.7081298828125
3499,94.93171691894531
3500,78.86470031738281
3501,94.36915588378906
3504,93.91921997070312
3508,105.3064193725586
3511,94.46136474609375
3512,112.72383880615234
3515,94.11576843261719
3517,94.35404205322266
3518,102.70036315917969
3526,112.2575454711914
3528,116.58056640625
3529,94.42414855957031
3530,114.25035858154297
3531,94.27932739257812
3532,112.06673431396484
3533,94.40502166748047
3534,94.61872863769531
3535,78.89569091796875
3536,94.27416229248047
3537,112.04032135009766
3538,94.21316528320312
3539,112.98112487792969
3540,104.04008483886719
3545,111.6816635131836
3546,93.32730865478516
3550,104.26520538330078
3551,94.6005859375
3553,97.9869155883789
3554,103.75809478759766
3557,94.52980041503906
3558,112.48431396484375
3559,94.18751525878906
3561,94.2654800415039
3562,111.5117416381836
3563,94.09131622314453
3564,104.07797241210938
3565,94.42631530761719
3567,94.22608184814453
3571,104.07797241210938
3572,94.94815063476562
3574,94.87718963623047
3576,94.15450286865234
3577,111.54820251464844
3578,94.32955932617188
3579,94.18506622314453
3583,94.94983673095703
3585,94.89273071289062
3586,103.37860107421875
3587,112.44136047363281
3593,94.68257141113281
3594,111.33600616455078
3595,94.0678482055664
3599,94.34539031982422
3600,104.16857147216797
3601,111.26470947265625
3602,94.18751525878906
3604,95.38851165771484
3609,116.72020721435547
3610,112.77684783935547
3612,111.28386688232422
3614,112.9751968383789
3615,94.36444854736328
3617,95.03129577636719
3618,112.04047393798828
3619,111.90565490722656
3620,112.08541870117188
3621,94.3469009399414
3625,93.64429473876953
3626,102.82979583740234
3630,102.88916015625
3631,94.33677673339844
3632,104.4886474609375
3633,94.25926208496094
3634,112.80167388916016
3637,94.45745849609375
3639,94.12654876708984
3640,112.31402587890625
3641,94.39264678955078
3644,112.56964874267578
3645,94.18170166015625
3646,93.7981948852539
3647,94.13133239746094
3648,111.7967529296875
3653,112.47856140136719
3654,97.32318878173828
3655,112.58110809326172
3659,103.78507995605469
3660,94.81128692626953
3662,112.39663696289062
3666,94.31927490234375
3668,94.39312744140625
3671,94.55416870117188
3673,94.3602294921875
3674,111.78507232666016
3675,94.1836166381836
3681,95.1613998413086
3682,112.4845199584961
3686,110.94078826904297
3687,94.15235900878906
3692,79.14134216308594
3695,112.2668685913086
3696,93.90534973144531
3699,111.7152328491211
3705,113.5948486328125
3707,79.24732208251953
3708,94.38461303710938
3709,112.80625915527344
3710,94.28074645996094
3712,94.60237121582031
3715,112.47720336914062
3716,93.92630767822266
3720,114.28605651855469
3722,79.24732208251953
3726,94.3357925415039
3728,94.19525909423828
3729,112.71125030517578
3731,103.58296203613281
3735,111.92997741699219
3736,94.66998291015625
3739,103.01384735107422
3741,111.36222839355469
3743,102.14934539794922
3744,94.52692413330078
3745,112.90120697021484
3746,94.2652816772461
3751,94.059326171875
3753,94.4686508178711
3760,113.31658935546875
3761,94.45037078857422
3762,112.2989273071289
3763,94.58605194091797
3765,94.41793823242188
3768,113.38158416748047
3769,94.63211822509766
3770,104.28852844238281
3773,112.5269775390625
3774,95.11870574951172
3776,95.35218048095703
3778,94.21963500976562
3779,112.03384399414062
3780,94.102294921875
3781,112.76301574707031
3782,94.71397399902344
3783,111.50845336914062
3784,94.73094940185547
3786,94.29695129394531
3789,114.13555908203125
3790,95.731201171875
3793,113.1496810913086
3795,112.56582641601562
3797,94.01468658447266
3798,115.50553894042969
3800,112.63307189941406
3804,95.1689453125
3810,94.65711212158203
3815,112.51918029785156
3816,95.1689453125
3818,103.18998718261719
3824,111.28817749023438
3828,103.3243408203125
3830,111.99691009521484
3831,94.61228942871094
3832,78.86503601074219
3834,112.55171203613281
3835,93.45584106445312
3836,112.54532623291016
3838,95.04985809326172
3839,116.23759460449219
3840,113.55635070800781
3845,94.51199340820312
3846,112.10016632080078
3847,94.34085083007812
3849,79.0867919921875
3853,112.0178451538086
3855,104.5055923461914
3856,94.78250885009766
3864,79.2344970703125
3865,94.46363067626953
3866,118.4425277709961
3867,93.65727233886719
3868,112.63307189941406
3869,94.62017059326172
3871,94.23308563232422
3875,104.0440673828125
3876,94.45701599121094
3878,94.06686401367188
3879,112.19818878173828
3881,112.63307189941406
3883,112.40904998779297
3884,93.09697723388672
3886,111.85704803466797
3890,94.13338470458984
3893,111.72756958007812
3897,103.71776580810547
3901,94.2218246459961
3902,111.43663024902344
3913,112.79716491699219
3914,93.60586547851562
3916,94.66731262207031
3917,112.5877914428711
3924,105.3200912475586
3925,94.37242889404297
3928,95.65411376953125
3929,112.35897827148438
3932,94.20357513427734
3933,104.07884216308594
3934,79.64346313476562
3935,93.81810760498047
3936,94.43403625488281
3937,111.99613952636719
3938,93.92845916748047
3939,112.64952850341797
3943,93.68058013916016
3944,111.32836151123047
3945,112.48062133789062
3946,94.478271484375
3947,111.66043853759766
3948,94.40304565429688
3949,111.34724426269531
3950,94.76551055908203
3951,112.5443344116211
3952,94.42088317871094
3953,111.77648162841797
3961,115.05155944824219
3962,94.17567443847656
3966,94.45623779296875
3967,102.04289245605469
3968,94.9430923461914
3969,112.17163848876953
3970,94.31706237792969
3971,104.35289001464844
3973,94.72711181640625
3974,111.632568359375
3975,114.31886291503906
3977,139.63262939453125
3979,112.66865539550781
3985,94.84688568115234
3986,103.60428619384766
3988,112.4041748046875
3991,94.08824157714844
3992,103.45796966552734
3993,94.38692474365234
3994,95.19739532470703
3995,112.45206451416016
4005,112.79733276367188
4007,93.55355072021484
4008,102.52659606933594
4009,94.77583312988281
4010,123.1876220703125
4011,79.16549682617188
4012,94.06062316894531
4013,105.07173156738281
4015,112.69571685791016
4016,111.76436614990234
4018,112.52791595458984
4025,94.13829040527344
4026,112.95736694335938
4028,113.3706283569336
4029,95.03128814697266
4031,94.02719116210938
4032,112.53679656982422
4033,94.38172149658203
4034,103.4295654296875
4037,93.98949432373047
4038,103.15092468261719
4039,94.12154388427734
4041,94.80823516845703
4042,112.08480072021484
4043,94.70364379882812
4044,104.08756256103516
4045,94.8449935913086
4046,111.85104370117188
4047,94.65354919433594
4048,104.29058837890625
4049,96.4803695678711
4051,94.1207046508789
4052,111.55792999267578
4058,103.77986145019531
4062,111.76882934570312
4064,111.40300750732422
4067,93.52297973632812
4068,78.74032592773438
4070,94.29268646240234
4072,116.26702117919922
4074,111.84658813476562
4075,95.31427001953125
4076,112.53524017333984
4077,94.07311248779297
4078,112.68931579589844
4080,104.46553039550781
4082,112.1812973022461
4085,94.32837677001953
4086,112.13560485839844
4088,112.95736694335938
4089,94.88513946533203
4092,78.95297241210938
4094,93.44039154052734
4095,111.9436264038086
4096,94.82172393798828
4097,102.2668228149414
4102,96.05181884765625
4105,136.9208984375
4107,112.35821533203125
4111,94.3692855834961
4112,105.03973388671875
4113,94.60408782958984
4114,114.25535583496094
4115,94.74877166748047
4116,112.61735534667969
4117,93.94239807128906
4118,94.98983764648438
4119,111.9522933959961
4120,94.42709350585938
4122,81.55696105957031
4125,93.93487548828125
4126,113.58094024658203
4129,112.46271514892578
4134,113.10337829589844
4137,94.65061950683594
4141,105.8151626586914
4142,94.59391784667969
4144,94.73561096191406
4145,105.43321228027344
4146,94.83647155761719
4150,94.45915985107422
4151,78.74702453613281
4154,93.52297973632812
4156,94.47217559814453
4157,112.03253936767578
4159,111.76792907714844
4160,94.78079223632812
4161,112.08076477050781
4168,94.22774505615234
4171,103.37667083740234
4172,103.11470031738281
4173,95.08091735839844
4175,93.88938903808594
4176,104.42790985107422
4177,94.73561096191406
4178,101.0449447631836
4179,94.60662841796875
4181,113.49443054199219
4183,95.02182006835938
4184,113.47502899169922
4185,93.55005645751953
4186,111.95988464355469
4188,121.80900573730469
4190,111.29620361328125
4192,94.31401824951172
4193,112.03911590576172
4194,111.72528839111328
4195,94.75679016113281
4196,78.80643463134766
4202,95.09429931640625
4203,104.37294006347656
4208,94.35623168945312
4209,112.5151138305664
4210,93.63910675048828
4211,112.09904479980469
4212,116.28321838378906
4214,103.96926879882812
4215,94.95531463623047
4216,115.23165130615234
4217,93.80238342285156
4219,94.6767349243164
4222,112.03477478027344
4224,86.38565826416016
4231,103.86590576171875
4232,95.02182006835938
4234,93.02967071533203
4236,94.73561096191406
4237,103.92098999023438
4240,94.88117218017578
4242,104.16901397705078
4243,94.19523620605469
4247,93.82794189453125
4248,112.628662109375
4249,94.00650024414062
4254,103.16642761230469
4263,94.8674087524414
4265,112.18377685546875
4267,113.06426239013672
4268,112.21351623535156
4271,112.67808532714844
4272,94.74772644042969
4273,112.51300048828125
4274,93.66963958740234
4276,94.18917083740234
4278,94.52146911621094
4280,94.71883392333984
4281,112.45503234863281
4283,94.3534927368164
4284,111.99447631835938
4285,94.77230072021484
4286,111.89277648925781
4287,93.94135284423828
4288,112.84027099609375
4289,94.03123474121094
4290,80.39964294433594
4293,94.17350769042969
4296,111.39396667480469
4297,94.09855651855469
4299,92.90666961669922
4303,113.30949401855469
4310,95.01600646972656
4312,103.76217651367188
4318,103.99526977539062
4320,112.35743713378906
4322,94.40341186523438
4323,117.89122009277344
4325,103.99628448486328
4326,112.50154113769531
4328,103.05201721191406
4330,103.77259063720703
4332,111.6363754272461
4333,94.69502258300781
4335,93.62444305419922
4336,112.5372543334961
4338,105.05747985839844
4341,94.78451538085938
4342,105.5477066040039
4344,103.8124008178711
4347,95.10643005371094
4348,104.21578979492188
4351,105.4600830078125
4352,95.05725860595703
4353,112.9073257446289
4355,103.27745819091797
4356,94.33193969726562
4359,102.47897338867188
4360,94.75968170166016
4361,94.45431518554688
4364,94.7030029296875
4365,103.68634033203125
4368,94.84233093261719
4372,94.40544128417969
4374,93.74459838867188
4376,94.04289245605469
4377,102.5750503540039
4380,94.62521362304688
4383,105.03975677490234
4384,94.54951477050781
4385,102.32025146484375
4389,94.75328063964844
4391,94.54917907714844
4392,111.47468566894531
4393,93.60649871826172
4395,94.0675048828125
4396,111.46565246582031
4398,113.53691101074219
4399,106.50092315673828
4401,93.6773452758789
4406,95.2571029663086
4408,103.8772201538086
4412,104.22021484375
4415,94.68588256835938
4418,112.54425048828125
4419,93.74887084960938
4420,78.9375991821289
4422,111.52684020996094
4423,93.74887084960938
4425,94.86663055419922
4428,114.04481506347656
4431,112.26729583740234
4434,93.4036636352539
4436,94.84542846679688
4437,112.08198547363281
4439,116.46925354003906
4440,94.03379821777344
4441,113.19644165039062
4444,95.13688659667969
4445,104.187255859375
4446,94.6329345703125
4447,113.09027862548828
4452,103.00489044189453
4456,112.93156433105469
4457,94.94257354736328
4458,112.37884521484375
4460,94.53680419921875
4461,116.41236877441406
4462,94.21354675292969
4465,103.13179016113281
4466,103.12651062011719
4468,95.25630187988281
4469,103.17526245117188
4472,113.59684753417969
4475,94.68905639648438
4478,93.85923767089844
4479,114.46353149414062
4480,95.0760498046875
4483,80.03655242919922
4484,94.21916961669922
4485,104.03073120117188
4486,94.76749420166016
4488,94.79781341552734
4489,103.02603912353516
4490,94.43850708007812
4491,109.94027709960938
4492,94.89883422851562
4493,105.56292724609375
4494,94.11805725097656
4495,103.11653137207031
4498,79.05561065673828
4499,94.6671371459961
4500,103.09860229492188
4503,112.3687515258789
4505,103.16162109375
4506,95.08648681640625
4507,95.16551971435547
4508,104.24371337890625
4510,112.7337646484375
4511,93.32439422607422
4513,94.92489624023438
4516,80.4115219116211
4519,94.04666137695312
4521,94.69308471679688
4531,94.0607681274414
4532,79.09003448486328
4533,95.67648315429688
4534,112.8182373046875
4536,104.24371337890625
4537,94.64283752441406
4539,94.73198699951172
4542,103.0225601196289
4545,93.96271514892578
4549,94.15003204345703
4551,94.88460540771484
4554,103.50550079345703
4556,111.89395141601562
4559,113.13018798828125
4561,112.17706298828125
4562,111.35078430175781
4566,112.6874771118164
4569,94.7818832397461
4570,111.69742584228516
4573,94.83386993408203
4574,103.39733123779297
4575,94.8426513671875
4577,94.85847473144531
4578,112.34660339355469
4580,112.79533386230469
4582,92.87135314941406
4583,111.58110046386719
4585,94.52601623535156
4587,104.24371337890625
4595,94.23362731933594
4596,112.74185943603516
4601,94.78304290771484
4602,112.64794921875
4603,94.66387176513672
4605,112.90631103515625
4606,94.42648315429688
4607,112.97046661376953
4608,98.13652801513672
4610,94.8259048461914
4613,103.33329010009766
4617,94.45376586914062
4618,112.31578063964844
4619,94.51596069335938
4620,94.71400451660156
4622,107.10783386230469
4625,94.56831359863281
4626,104.24371337890625
4627,94.45342254638672
4629,94.3663101196289
4631,93.8253402709961
4633,104.24371337890625
4634,116.72980499267578
4635,94.39932250976562
4639,94.13560485839844
4640,103.15994262695312
4642,103.58128356933594
4644,112.25302124023438
4646,104.24371337890625
4647,95.03418731689453
4648,78.98269653320312
4649,94.74420166015625
4650,113.23971557617188
4655,94.14163208007812
4660,94.62555694580078
4661,113.5532455444336
4662,93.70936584472656
4663,112.24049377441406
4665,94.6656265258789
4666,112.09613037109375
4667,103.4168930053711
4668,94.4926528930664
4670,94.31321716308594
4671,112.24991607666016
4672,94.25708770751953
4673,103.59239196777344
4675,103.55138397216797
4676,93.99928283691406
4677,112.10865020751953
4680,94.60067749023438
4682,94.80108642578125
4683,111.7756576538086
4685,104.44989776611328
4686,94.77484130859375
4688,111.88095092773438
4690,114.26837158203125
4692,112.34593200683594
4693,93.79228210449219
4697,94.11680603027344
4700,112.40830993652344
4702,112.65800476074219
4707,116.61542510986328
4708,94.58677673339844
4710,80.37397766113281
4716,104.10636901855469
4717,94.76277923583984
4718,94.2188491821289
4720,95.2715835571289
4721,78.90413665771484
4723,95.18838500976562
4726,112.73982238769531
4727,93.34979248046875
4729,94.06224060058594
4731,94.6312484741211
4732,112.05718994140625
4735,94.00518798828125
4736,103.9668960571289
4737,94.58767700195312
4738,111.53999328613281
4739,112.04193115234375
4744,103.62104797363281
4747,93.93574523925781
4749,113.4413833618164
4750,94.58677673339844
4752,111.66265869140625
4755,95.22493743896484
4756,102.20440673828125
4757,112.90345764160156
4758,94.42964935302734
4759,103.57530975341797
4763,94.66785430908203
4764,103.51658630371094
4765,94.2165756225586
4766,96.64183044433594
4767,112.20374298095703
4769,112.44445037841797
4770,94.91764831542969
4771,78.7855224609375
4772,103.56607055664062
4774,111.93932342529297
4776,113.16153717041016
4777,113.0888671875
4778,95.046875
4780,94.61764526367188
4784,94.02359771728516
4786,94.97162628173828
4787,78.89306640625
4788,94.84990692138672
4789,111.70117950439453
4791,103.49803161621094
4792,94.1854248046875
4795,112.10433959960938
4796,94.03343200683594
4803,94.24412536621094
4805,95.0478744506836
4807,94.87353515625
4809,94.78076171875
4816,94.89130401611328
4817,79.28363037109375
4818,93.38993072509766
4820,94.28118133544922
4821,102.81273651123047
4823,112.77648162841797
4824,94.47595977783203
4825,112.44236755371094
4829,102.03438568115234
4830,95.32925415039062
4831,113.06861877441406
4833,106.5423583984375
4836,94.16011047363281
4837,111.89028930664062
4838,94.05596160888672
4840,94.37847137451172
4841,80.25139617919922
4842,93.7811050415039
4843,113.7375259399414
4844,94.48784637451172
4849,105.77050018310547
4851,111.38280487060547
4852,94.4661865234375
4858,94.16361999511719
4860,95.32925415039062
4863,112.00079345703125
4864,94.38507843017578
4865,111.90432739257812
4867,112.94123840332031
4868,95.34048461914062
4869,112.61994934082031
4873,94.13943481445312
4875,95.115966796875
4876,112.09346771240234
4877,94.31669616699219
4878,111.32892608642578
4880,78.96327209472656
4886,112.51387786865234
4888,103.8718490600586
4889,94.56266021728516
4890,114.17337799072266
4893,95.04289245605469
4895,95.06751251220703
4896,103.6258316040039
4899,94.27080535888672
4901,93.94017028808594
4902,112.55412292480469
4903,94.2726821899414
4904,111.70117950439453
4910,94.08335876464844
4912,94.58226776123047
4915,95.47425842285156
4916,105.5676040649414
4917,94.8758773803711
4920,103.60938262939453
4927,103.5608901977539
4928,94.4044189453125
4931,103.53833770751953
4934,94.51577758789062
4936,94.76992797851562
4939,113.51676940917969
4942,112.2392807006836
4943,95.47286987304688
4944,103.33692169189453
4945,94.72280883789062
4947,111.3573989868164
4948,94.27954864501953
4951,94.84747314453125
4952,111.72970581054688
4953,93.39175415039062
4956,94.2726821899414
4957,112.78427124023438
4958,93.29146575927734
4960,94.2178955078125
4968,94.34478759765625
4969,103.90748596191406
4971,102.56741333007812
4973,111.93281555175781
4975,113.15926361083984
4976,94.25919342041016
4978,94.54888153076172
4979,112.94953918457031
4982,94.87244415283203
4983,112.40592193603516
4984,94.39679718017578
4985,116.44017028808594
4986,94.67205810546875
4987,114.11862182617188
4988,95.11927795410156
4994,94.8310317993164
4995,95.18185424804688
5002,79.04865264892578
5004,94.37979888916016
5005,103.19210052490234
5006,94.9692153930664
5007,102.73352813720703
5009,112.072265625
5011,111.93281555175781
5014,94.90571594238281
5015,104.50713348388672
5018,94.42401885986328
5019,112.1590805053711
5020,94.69693756103516
5021,112.49629211425781
5022,94.36624145507812
5023,94.74890899658203
5025,95.32392883300781
5032,94.77346801757812
5034,94.05720520019531
5036,94.41582489013672
5038,94.36038970947266
5039,113.06015014648438
5046,95.35049438476562
5049,112.1590805053711
5051,94.79722595214844
5052,93.60511016845703
5053,111.96968078613281
5054,95.26715087890625
5055,94.48038482666016
5057,95.01776885986328
5059,94.8158950805664
5062,95.63232421875
5063,112.51016998291016
5065,113.8888168334961
5069,95.34568786621094
5071,95.49700927734375
5074,113.2289810180664
5075,93.8261489868164
5076,111.31341552734375
5077,78.87994384765625
5079,104.37535095214844
5080,95.06765747070312
5081,111.83677673339844
5083,103.3717041015625
5088,103.60615539550781
5089,94.58937072753906
5093,112.92697143554688
5094,103.2039794921875
5095,94.81338500976562
5099,111.17547607421875
5101,112.52206420898438
5103,102.87408447265625
5104,94.80770111083984
5105,112.39137268066406
5107,94.40045166015625
5108,113.15135192871094
5109,94.52043151855469
5111,94.43780517578125
5112,111.3714370727539
5113,94.70814514160156
5114,112.64407348632812
5115,94.99925994873047
5118,94.75323486328125
5122,95.27357482910156
5123,79.54335021972656
5125,94.6565933227539
5127,103.47010803222656
5128,94.99659729003906
5129,115.81433868408203
5132,94.9727783203125
5134,112.86486053466797
5135,94.78227233886719
5137,112.33810424804688
5142,94.198974609375
5143,102.63516235351562
5144,94.27378845214844
5148,94.71024322509766
5149,94.05802917480469
5150,105.65447235107422
5154,78.8755111694336
5155,94.45384216308594
5159,94.45286560058594
5164,94.71212005615234
5165,113.15097045898438
5166,94.54267120361328
5167,113.23137664794922
5169,93.98979949951172
5171,93.5197982788086
5172,112.72261047363281
5176,94.77902221679688
5184,111.87086486816406
5185,93.91707611083984
5186,112.28886413574219
5188,105.00904846191406
5189,111.92803192138672
5190,94.73736572265625
5191,113.15097045898438
5193,112.69525146484375
5196,94.42295837402344
5199,78.97383117675781
5200,103.57259368896484
5203,94.41280364990234
5204,111.97791290283203
5205,94.14254760742188
5207,94.734375
5208,110.62383270263672
5212,94.88349151611328
5214,94.70606231689453
5218,93.90031433105469
5220,94.51651763916016
5222,93.7171859741211
5224,94.98387145996094
5225,103.64158630371094
5227,112.64483642578125
5229,104.25920867919922
5232,93.32130432128906
5233,116.5838623046875
5234,103.98074340820312
5237,111.701171875
5239,112.60050964355469
5240,101.97618865966797
5241,112.13661193847656
5244,94.8067626953125
5248,112.23396301269531
5251,93.0870590209961
5253,94.53557586669922
5255,94.9049301147461
5256,102.89439392089844
5257,94.74590301513672
5259,94.83716583251953
5260,111.84489440917969
5266,94.51110076904297
5268,94.60177612304688
5275,111.82555389404297
5276,112.55372619628906
5277,93.07731628417969
5279,95.16441345214844
5280,104.32249450683594
5281,94.35823059082031
5283,94.41901397705078
5284,79.43206787109375
5285,95.16637420654297
5286,102.9411849975586
5287,94.62245178222656
5289,93.9442367553711
5290,112.69525146484375
5292,103.34844970703125
5293,95.11106872558594
5294,101.9343490600586
5297,94.3062973022461
5299,106.20794677734375
5302,94.89049530029297
5305,79.24444580078125
5306,94.92198181152344
5308,94.19180297851562
5309,94.67890930175781
5310,111.80217742919922
5312,112.5731201171875
5316,112.3455581665039
5317,94.98716735839844
5319,79.34149932861328
5320,95.37240600585938
5323,94.29444122314453
5329,112.57168579101562
5331,111.72150421142578
5334,111.81913757324219
5336,112.78349304199219
5338,103.4549560546875
5341,93.97433471679688
5345,98.24970245361328
5348,94.62345886230469
5349,112.87408447265625
5355,104.793701171875
5356,94.71131896972656
5360,103.01493072509766
5362,112.5136947631836
5364,112.3031234741211
5366,104.61448669433594
5367,93.31478881835938
5368,94.85449981689453
5370,94.03988647460938
5371,79.32306671142578
5373,103.46216583251953
5375,111.68758392333984
5376,94.2379150390625
5378,112.09754943847656
5379,95.0942153930664
5383,94.38604736328125
5384,103.622314453125
5389,112.87541961669922
5391,80.64712524414062
5393,111.93511199951172
5395,113.51005554199219
5397,111.52873992919922
5398,94.78168487548828
5399,113.20545196533203
5401,116.98554992675781
5402,93.68951416015625
5403,113.42473602294922
5404,95.36869812011719
5407,79.06541442871094
5408,94.25016784667969
5413,113.168212890625
5414,94.61402893066406
5417,94.37752532958984
5418,103.36986541748047
5420,112.85137939453125
5421,92.87862396240234
5424,94.67835235595703
5425,113.68804931640625
5426,96.36225891113281
5429,113.33267211914062
5431,94.99427032470703
5437,103.3897705078125
5440,94.36405181884766
5444,104.06110382080078
5446,105.59442901611328
5447,94.93450927734375
5451,98.18855285644531
5452,112.22764587402344
5455,103.98641967773438
5456,94.65701293945312
5458,94.9581069946289
5459,112.49111938476562
5460,95.25883483886719
5462,94.80891418457031
5463,112.17198181152344
5464,94.13164520263672
5465,114.57170867919922
5466,95.31309509277344
5467,103.50944519042969
5468,95.07714080810547
5469,112.22412109375
5472,94.87223815917969
5474,94.31897735595703
5475,111.22808837890625
5476,95.54727935791016
5479,103.40089416503906
5480,111.76641845703125
5482,112.95194244384766
5485,94.14813995361328
5486,117.00117492675781
5488,79.42251586914062
5495,103.59693908691406
5496,95.15567016601562
5497,114.98970794677734
5499,115.20740509033203
5503,94.41730499267578
5504,94.528076171875
5507,95.79850769042969
5509,94.5296630859375
5511,94.29447937011719
5512,112.35765075683594
5516,112.01873016357422
5517,95.04263305664062
5518,103.603515625
5521,94.69862365722656
5522,103.52286529541016
5527,94.94434356689453
5528,94.88520812988281
5529,111.90194702148438
5532,94.93293762207031
5533,113.74415588378906
5535,103.44224548339844
5536,102.7734146118164
5540,95.33555603027344
5547,94.35875701904297
5548,112.88695526123047
5550,78.67675018310547
5551,94.24688720703125
5554,112.72504425048828
5555,94.5693130493164
5559,111.43376159667969
5560,102.12992858886719
5561,112.13797760009766
5562,94.00928497314453
5563,113.2679443359375
5565,79.17585754394531
5566,95.03203582763672
5567,103.5406723022461
5568,94.60697937011719
5572,95.21345520019531
5574,94.83417510986328
5576,94.40220642089844
5579,113.14944458007812
5580,78.38543701171875
5581,94.25283813476562
5583,94.91153717041016
5584,113.36112976074219
5586,112.71819305419922
5587,93.0309829711914
5589,102.75762939453125
5591,102.25836181640625
5592,93.86626434326172
5593,113.22340393066406
5594,95.11603546142578
5595,78.93209075927734
5596,112.07194519042969
5597,114.13092041015625
5598,115.8342514038086
5599,94.66040802001953
5602,112.41545104980469
5603,95.11603546142578
5605,93.9220962524414
5607,93.94427490234375
5608,112.73975372314453
5609,93.92578125
5610,94.80123901367188
5612,94.2511215209961
5613,111.94119262695312
5614,94.27056884765625
5616,94.63907623291016
5621,94.84114837646484
5623,94.76433563232422
5628,113.02279663085938
5629,94.45626068115234
5631,95.23399353027344
5633,98.87323760986328
5638,103.3323745727539
5639,95.2000961303711
5640,104.45569610595703
5645,95.32875061035156
5646,79.00882720947266
5649,95.58785247802734
5653,113.7239990234375
5655,116.84339904785156
5656,94.9495849609375
5658,94.72700500488281
5662,116.60777282714844
5663,93.96710205078125
5667,94.44852447509766
5670,94.66040802001953
5671,102.36163330078125
5672,95.20734405517578
5673,102.62171936035156
5674,94.40321350097656
5675,103.72379302978516
5676,95.13373565673828
5679,112.10006713867188
5683,120.45730590820312
5687,95.320556640625
5688,79.88703918457031
5690,93.73306274414062
5691,112.32550811767578
5692,94.66385650634766
5693,113.57217407226562
5694,95.08316040039062
5697,116.4722671508789
5698,93.80628204345703
5699,112.12716674804688
5704,94.89139556884766
5707,112.10006713867188
5709,103.1746826171875
5710,95.0384521484375
5714,95.3009033203125
5718,95.12582397460938
5721,95.98289489746094
5723,94.52643585205078
5724,114.46736145019531
5725,94.69564819335938
5726,113.10503387451172
5729,96.87120056152344
5730,103.81548309326172
5731,95.02982330322266
5733,78.71943664550781
5736,94.58113861083984
5741,102.50884246826172
5745,113.0898666381836
5747,95.9547119140625
5748,103.73764038085938
5750,113.78453826904297
5751,97.40572357177734
5752,94.95311737060547
5754,94.85836791992188
5755,95.79762268066406
5757,95.69984436035156
5758,116.18865203857422
5760,103.51008605957031
5762,102.54650115966797
5766,114.32144165039062
5768,96.42853546142578
5769,116.30220031738281
5770,96.41282653808594
5771,112.82744598388672
5772,95.78329467773438
5773,112.88516235351562
5774,95.04476928710938
5776,94.62217712402344
5777,112.41020965576172
5778,93.62705993652344
5780,114.41358947753906
5782,94.5904541015625
5783,79.04644775390625
5784,95.56196594238281
5786,96.13550567626953
5788,96.32530975341797
5789,113.2953109741211
5790,97.16629028320312
5791,105.83519744873047
5793,106.37171936035156
5794,95.32826232910156
5796,116.91207122802734
5797,95.36425018310547
5801,94.66078186035156
5803,95.0202407836914
5804,112.27265930175781
5805,94.48135375976562
5806,79.11251831054688
5808,112.20703887939453
5813,94.76832580566406
5815,94.88996124267578
5816,106.818359375
5822,95.87411499023438
5823,112.07581329345703
5825,104.11985778808594
5827,113.11798095703125
5829,102.22146606445312
5830,96.46471405029297
5831,113.04824829101562
5832,94.4999008178711
5833,112.20703887939453
5837,113.24271392822266
5838,95.13619995117188
5839,94.91119384765625
5842,104.3057632446289
5844,112.50588989257812
5845,113.89518737792969
5846,116.50624084472656
5848,78.97494506835938
5850,113.04414367675781
5851,93.85672760009766
5853,95.49748229980469
5854,103.85064697265625
5858,104.20327758789062
5860,112.8130111694336
5864,102.56451416015625
5866,95.1170425415039
5867,112.08590698242188
5868,93.91104125976562
5869,112.37303161621094
5870,94.3359146118164
5871,112.64883422851562
5874,113.13645935058594
5876,112.75160217285156
5877,93.37821197509766
5878,93.75984191894531
5879,112.01163482666016
5880,94.45011901855469
5884,93.61176300048828
5886,112.21614074707031
5890,105.4260025024414
5896,94.50880432128906
5897,103.13574981689453
5898,95.2511215209961
5901,104.58975982666016
5903,112.10713195800781
5906,94.44710540771484
5908,111.79811096191406
5909,93.3122329711914
5910,111.73692321777344
5911,94.50802612304688
5912,111.9539794921875
5914,113.12515258789062
5919,111.9563980102539
5924,94.75523376464844
5926,94.43155670166016
5929,103.60941314697266
5930,94.15978240966797
5932,94.86406707763672
5933,112.17030334472656
5934,93.3930892944336
5935,111.65079498291016
5936,99.93648529052734
5937,112.93807983398438
5938,94.12167358398438
5939,110.92205047607422
5942,111.7137451171875
5943,94.63101959228516
5944,104.58316040039062
5946,111.5369644165039
5951,94.139404296875
5953,102.45872497558594
5954,94.49787139892578
5957,103.58146667480469
5961,94.09122467041016
5962,105.47392272949219
5964,81.43052673339844
5965,94.56982421875
5968,113.10787963867188
5969,94.0560531616211
5974,94.67340850830078
5975,112.71724700927734
5978,79.77037048339844
5981,103.40426635742188
5982,94.6880874633789
5983,112.50935363769531
5989,110.9682846069336
5991,94.31501007080078
5992,102.20112609863281
5995,94.4689712524414
5996,103.15350341796875
5997,111.51145935058594
5998,93.67050170898438
5999,78.12731170654297
6001,111.11243438720703
6002,94.52127075195312
6003,110.81602478027344
6004,94.37677764892578
6006,111.85841369628906
6007,94.78978729248047
6011,105.713623046875
6012,103.02458953857422
6014,94.36439514160156
6015,102.8595962524414
6016,94.57368469238281
6017,112.43072509765625
6018,95.2511215209961
6024,94.62294006347656
6025,103.17352294921875
6026,113.43036651611328
6028,112.74040985107422
6029,78.56147766113281
6030,94.71166229248047
6036,112.77482604980469
6040,94.00083923339844
6041,112.25425720214844
6042,94.05050659179688
6044,94.86280822753906
6045,103.48066711425781
6047,103.44779968261719
6048,94.18132019042969
6049,111.9767837524414
6051,116.22848510742188
6052,112.2501449584961
6053,93.14849090576172
6054,112.25447082519531
6058,103.9901123046875
6059,94.34519958496094
6062,95.15550994873047
6063,116.51773071289062
6064,102.91627502441406
6065,94.01884460449219
6067,94.77516174316406
6068,112.2968978881836
6070,102.5290298461914
6071,103.21028900146484
6072,112.05101776123047
6080,112.05101776123047
6081,94.10247802734375
6084,105.57698822021484
6087,94.73710632324219
6089,103.311767578125
6092,112.05101776123047
6094,93.9472427368164
6095,111.7147445678711
6097,113.78858947753906
6100,94.32646942138672
6104,102.93757629394531
6105,94.0140609741211
6106,111.35922241210938
6107,78.47709655761719
6108,93.92832946777344
6109,112.0960922241211
6110,94.046142578125
6114,112.03858184814453
6116,93.44445037841797
6117,103.61148071289062
6118,94.95153045654297
6123,78.71633911132812
6125,111.75474548339844
6128,111.50492095947266
6130,102.87713623046875
6132,110.90225982666016
6137,79.80867004394531
6139,112.09333038330078
6140,94.65043640136719
6141,113.62818908691406
6142,104.4333724975586
6144,110.92896270751953
6145,94.71976470947266
6146,94.25674438476562
6149,93.22671508789062
6156,93.76497650146484
6159,113.14173889160156
6160,94.65043640136719
6162,103.2565689086914
6164,110.83385467529297
6165,93.87966918945312
6168,79.92646026611328
6169,111.58045196533203
6170,93.94052124023438
6171,111.78016662597656
6172,93.32745361328125
6173,113.5105972290039
6176,95.24234008789062
6177,93.04896545410156
6178,94.6463394165039
6180,94.37883758544922
6181,103.53153991699219
6182,93.63197326660156
6185,93.7538070678711
6186,111.91686248779297
6188,112.4483871459961
6189,94.70362091064453
6192,105.8310775756836
6193,94.2196273803711
6194,103.73119354248047
6195,94.29489135742188
6196,116.28898620605469
6197,93.74343872070312
6201,112.02275085449219
6202,94.18962860107422
6203,112.29459381103516
6204,93.78119659423828
6207,119.11224365234375
6209,94.4749755859375
6210,94.2636489868164
6211,112.66729736328125
6213,112.07015228271484
6216,93.08792877197266
6217,93.73793029785156
6219,94.04871368408203
6222,78.52491760253906
6223,94.79464721679688
6235,95.10843658447266
6240,94.59542846679688
6242,93.80867767333984
6247,94.15122985839844
6251,111.65139770507812
6254,111.21124267578125
6255,94.54549407958984
6260,103.1735610961914
6261,94.4276123046875
6262,103.5387954711914
6264,111.7934799194336
6269,103.49923706054688
6271,104.37610626220703
6275,112.87675476074219
6276,94.22620391845703
6278,94.87983703613281
6279,112.3849868774414
6281,112.4752426147461
6284,93.59579467773438
6286,93.7907943725586
6287,78.0786361694336
6288,94.72164916992188
6292,94.25071716308594
6293,93.90099334716797
6295,93.63886260986328
6298,111.54135131835938
6300,111.00545501708984
6304,103.195556640625
6308,110.55322265625
6310,94.92330932617188
6312,111.74259948730469
6320,94.40171813964844
6324,93.42717742919922
6325,111.82725524902344
6330,94.98677825927734
6336,111.47145080566406
6340,104.0904769897461
6341,95.70201873779297
6342,104.11601257324219
6344,94.22257232666016
6345,112.20854949951172
6347,112.85464477539062
6348,94.24063110351562
6349,111.42362976074219
6351,78.35620880126953
6353,112.53457641601562
6354,93.7684097290039
6357,93.57371520996094
6358,103.07618713378906
6360,102.46923065185547
6363,112.89610290527344
6364,93.34359741210938
6368,112.88455200195312
6370,94.22057342529297
6371,93.99747467041016
6377,95.92418670654297
6379,94.36675262451172
6381,93.99667358398438
6382,78.41194915771484
6383,112.85830688476562
6388,111.61063385009766
6390,111.55056762695312
6392,102.20538330078125
6393,94.49256896972656
6395,94.38036346435547
6398,102.35184478759766
6401,78.41712188720703
6402,93.45092010498047
6403,111.43193817138672
6405,93.56208801269531
6406,93.00328063964844
6407,111.91622924804688
6409,103.30305480957031
6411,93.89554595947266
6413,94.65457153320312
6416,104.24176025390625
6417,93.74433135986328
6418,93.46676635742188
6419,116.91570281982422
6420,112.48672485351562
6426,112.71734619140625
6429,93.75977325439453
6430,94.04236602783203
6431,111.43193817138672
6432,94.2094955444336
6434,94.31806182861328
6437,112.85404205322266
6438,94.40352630615234
6439,103.23605346679688
6440,93.92521667480469
6441,93.78079223632812
6442,110.77987670898438
6443,93.99856567382812
6445,94.28968048095703
6448,111.38294219970703
6450,110.24796295166016
6453,94.4251480102539
6455,94.173095703125
6457,93.489013671875
6458,110.84638977050781
6461,93.57077026367188
6464,112.19767761230469
6467,93.57760620117188
6469,94.42254638671875
6470,78.65052795410156
6471,94.01206970214844
6473,102.98088836669922
6474,94.0150375366211
6479,93.46794128417969
6481,93.2793960571289
6484,111.78826141357422
6495,96.26338195800781
6496,110.39421081542969
6505,110.22098541259766
6506,93.88300323486328
6508,95.04086303710938
6509,94.02021026611328
6510,103.08071899414062
6512,103.13722229003906
6513,93.68138122558594
6514,111.11585235595703
6515,92.71212005615234
6519,94.19945526123047
6521,93.39137268066406
6523,78.15695190429688
6525,105.90298461914062
6526,93.86759185791016
6528,94.2687759399414
6529,110.62938690185547
6531,103.67393493652344
6533,104.2200927734375
6534,94.50397491455078
6535,111.05921936035156
6536,93.18062591552734
6537,112.07854461669922
6540,92.55061340332031
6541,112.03070831298828
6547,95.16609954833984
6548,110.82799530029297
6551,111.699951171875
6553,110.19850158691406
6555,105.48252868652344
6556,94.50218963623047
6561,77.91609191894531
6564,93.414794921875
6565,111.23590087890625
6568,93.96516418457031
6569,110.49857330322266
6573,103.29060363769531
6574,93.4671630859375
6577,111.31970977783203
6579,112.8267822265625
6581,93.4605941772461
6582,110.43582916259766
6585,106.267822265625
6586,94.09868621826172
6589,102.22073364257812
6590,78.31939697265625
6593,93.9040298461914
6594,110.48295593261719
6595,92.84552764892578
6599,93.1265869140625
6600,92.88153076171875
6601,109.42501068115234
6602,92.39311218261719
6603,110.71411895751953
6604,93.18705749511719
6607,103.60359954833984
6608,104.42505645751953
6609,92.8951416015625
6611,93.46159362792969
6613,110.493408203125
6614,94.30289459228516
6616,93.25366973876953
6617,110.493408203125
6618,93.67745208740234
6619,102.57550811767578
6621,105.44103240966797
6627,103.52505493164062
6629,109.78018951416016
6631,78.34121704101562
6634,93.8156509399414
6636,93.63117980957031
6638,93.97663116455078
6639,110.48588562011719
6641,110.73518371582031
6642,93.7838363647461
6651,112.77751922607422
6654,78.50211334228516
6657,94.13372802734375
6663,93.40760803222656
6665,112.4139404296875
6666,93.84873962402344
6668,93.674072265625
6669,105.09977722167969
6670,93.61177062988281
6671,96.11902618408203
6673,94.06424713134766
6675,93.50437927246094
6676,78.15445709228516
6677,93.8149642944336
6679,93.59810638427734
6680,110.55436706542969
6681,102.58334350585938
6685,102.71057891845703
6688,94.73963165283203
6689,93.0799789428711
6690,109.8331298828125
6692,110.48588562011719
6693,93.9193115234375
6694,93.60894012451172
6698,114.85276794433594
6699,93.21196746826172
6700,109.96087646484375
6701,93.5254135131836
6702,110.44803619384766
6704,93.0799789428711
6707,110.06454467773438
6712,110.61060333251953
6713,92.79659271240234
6715,93.06538391113281
6721,109.51764678955078
6722,93.27925872802734
6723,111.21244049072266
6724,92.64212799072266
6725,115.33452606201172
6731,110.81271362304688
6735,89.43405151367188
6736,93.20112609863281
6737,103.71224975585938
6738,93.0968246459961
6739,101.58939361572266
6741,102.45024871826172
6743,94.14640808105469
6745,93.63670349121094
6747,109.84642028808594
6749,93.38260650634766
6750,103.19396209716797
6751,113.89962768554688
6752,93.16609954833984
6753,110.42952728271484
6755,112.67859649658203
6756,94.12837219238281
6757,103.1215591430664
6759,110.53486633300781
6761,93.02666473388672
6763,93.97230529785156
6764,118.73626708984375
6765,93.9742431640625
6766,110.61894226074219
6768,110.60955047607422
6771,92.89032745361328
6773,93.90071105957031
6774,93.48109436035156
6778,114.42206573486328
6779,93.83944702148438
6781,92.31881713867188
6784,92.99240112304688
6786,93.80602264404297
6787,110.9906005859375
6790,93.18132781982422
6793,103.58686828613281
6795,109.35248565673828
6798,111.09548950195312
6806,102.7765884399414
6807,94.5201416015625
6810,93.0705795288086
6815,110.66088104248047
6816,93.24213409423828
6817,101.65267944335938
6818,93.72985076904297
6819,102.76597595214844
6820,93.81202697753906
6822,93.134521484375
6823,114.44938659667969
6824,110.13525390625
6825,93.90572357177734
6828,78.38526916503906
6829,110.62464904785156
6831,110.3008804321289
6832,93.3218765258789
6833,109.767822265625
6834,93.97632598876953
6836,93.78020477294922
6837,110.41940307617188
6838,92.61830139160156
6840,102.0953369140625
6843,92.7913589477539
6845,92.30062103271484
6846,93.07860565185547
6847,109.5614013671875
6851,110.9859390258789
6852,92.6509017944336
6853,109.7057876586914
6858,93.86890411376953
6861,111.2125244140625
6863,109.11585998535156
6864,78.17012023925781
6865,93.85147094726562
6866,110.29509735107422
6867,94.03728485107422
6868,102.21482849121094
6869,93.69178771972656
6870,110.13525390625
6874,110.54961395263672
6875,93.37808990478516
6877,110.30801391601562
6878,92.9064712524414
6880,93.42101287841797
6883,109.70217895507812
6884,93.34089660644531
6886,93.72407531738281
6890,94.33010864257812
6893,110.57096099853516
6894,93.48527526855469
6899,110.30801391601562
6900,93.4835433959961
6904,92.748046875
6905,110.24272155761719
6906,92.86419677734375
6910,93.58546447753906
6912,103.00091552734375
6913,110.46747589111328
6920,93.22818756103516
6922,93.67383575439453
6923,109.3732681274414
6926,93.92070007324219
6927,110.02812957763672
6928,93.59378051757812
6931,111.0346450805664
6933,93.376953125
6936,92.39900207519531
6937,110.30874633789062
6939,112.59783172607422
6941,93.65672302246094
6942,110.82811737060547
6943,93.25816345214844
6944,101.29173278808594
6945,93.83228302001953
6946,115.39179992675781
6947,114.49107360839844
6949,103.18242645263672
6951,103.05409240722656
6953,112.0689697265625
6954,99.7874526977539
6955,111.13880920410156
6963,109.50275421142578
6964,93.54581451416016
6966,93.75414276123047
6968,92.90798950195312
6970,102.5518569946289
6972,111.37210083007812
6976,111.20303344726562
6978,110.29509735107422
6981,102.61532592773438
6985,103.533935546875
6986,93.0124282836914
6987,110.03347778320312
6989,110.76605224609375
6991,114.45146942138672
6993,112.76032257080078
6994,93.94292449951172
6995,109.9596176147461
6996,93.22702026367188
6997,110.31285095214844
6998,78.20393371582031
7001,109.64152526855469
7003,111.71110534667969
7006,93.81092834472656
7008,102.63860321044922
7010,92.29747009277344
7011,93.89006805419922
7012,113.07196807861328
7013,92.82368469238281
7014,110.36934661865234
7017,103.02574157714844
7018,93.63567352294922
7019,92.34518432617188
7023,93.4223861694336
7024,101.06507873535156
7025,93.00737762451172
7026,111.37378692626953
7027,92.91130828857422
7028,112.62831115722656
7030,109.42115783691406
7031,93.6168441772461
7033,110.82130432128906
7036,93.56954956054688
7037,93.51561737060547
7039,92.85540008544922
7044,92.6773452758789
7045,110.41940307617188
7046,93.80598449707031
7049,102.43762969970703
7050,93.98148345947266
7051,102.5518569946289
7054,110.58638000488281
7055,93.9924545288086
7057,93.06338500976562
7060,110.30801391601562
7061,94.40178680419922
7063,92.31645202636719
7064,110.02806854248047
7067,93.48922729492188
7071,93.50221252441406
7074,102.6242446899414
7075,93.25546264648438
7078,110.41940307617188
7079,92.626708984375
7080,115.63070678710938
7081,93.93218994140625
7082,110.55976867675781
7083,92.836181640625
7085,111.02279663085938
7092,102.63640594482422
7094,93.82479858398438
7100,92.89431762695312
7101,110.19755554199219
7102,110.29509735107422
7104,109.88105773925781
7105,94.40178680419922
7106,93.56259155273438
7107,102.68305206298828
7108,78.25935363769531
7109,92.70024871826172
7110,110.30874633789062
7112,94.00786590576172
7113,102.51626586914062
7114,93.7292709350586
7116,110.43610382080078
7117,94.54682922363281
7118,103.34259796142578
7120,93.47587585449219
7121,101.79783630371094
7123,102.48334503173828
7124,93.83000946044922
7127,106.06260681152344
7131,102.38075256347656
7132,93.67631530761719
7133,92.56795501708984
7134,110.46927642822266
7135,92.78477478027344
7136,111.00910949707031
7137,92.78434753417969
7141,93.33953857421875
7144,102.62059020996094
7147,110.1211166381836
7148,93.10716247558594
7150,91.94686126708984
7151,93.47587585449219
7152,102.22392272949219
7154,94.18346405029297
7156,93.61758422851562
7157,102.90506744384766
7159,114.59611511230469
7161,93.47990417480469
7163,93.9736557006836
7164,102.46553039550781
7167,78.83240509033203
7169,103.40828704833984
7170,93.75445556640625
7173,94.10453033447266
7174,114.60710906982422
7177,110.44740295410156
7178,103.47537231445312
7179,93.19866943359375
7180,77.7578353881836
7181,110.11460876464844
7182,93.77070617675781
7184,94.123046875
7185,110.78456115722656
7186,92.4649429321289
7187,112.95265197753906
7188,92.95588684082031
7189,110.0503158569336
7191,102.45724487304688
7193,109.79492950439453
7197,94.07933807373047
7199,91.75874328613281
7200,110.55976867675781
7201,92.7650146484375
7204,93.44419860839844
7207,109.34469604492188
7209,109.1046142578125
7210,92.82768249511719
7211,102.64555358886719
7213,91.13211822509766
7214,110.29127502441406
7216,110.31673431396484
7217,92.99422454833984
7220,109.1556625366211
7224,109.39572143554688
7225,93.48785400390625
7226,110.31673431396484
7227,92.12909698486328
7234,110.78456115722656
7236,91.13162231445312
7239,102.36814880371094
7240,93.45079803466797
7242,113.61837005615234
7244,109.92816925048828
7245,93.187255859375
7247,110.8974380493164
7248,91.62516784667969
7249,114.85554504394531
7250,111.46739959716797
7251,91.9935302734375
7252,111.47720336914062
7253,77.89529418945312
7256,93.29043579101562
7260,93.74404907226562
7261,110.2730484008789
7264,93.23311614990234
7269,110.43214416503906
7270,92.6885757446289
7273,110.6799545288086
7279,92.51282501220703
7281,112.96456909179688
7284,91.8321533203125
7285,111.28043365478516
7286,114.8100357055664
7287,92.96025085449219
7289,93.49364471435547
7292,93.44638061523438
7293,111.0937271118164
7296,92.25799560546875
7297,110.95174407958984
7298,91.89498138427734
7299,111.03469848632812
7301,102.205078125
7304,109.9303207397461
7306,113.9392318725586
7308,93.56783294677734
7309,101.49142456054688
7312,92.20478057861328
7313,77.87040710449219
7314,93.85513305664062
7316,97.29415893554688
7319,114.06328582763672
7321,94.11199951171875
7323,93.22515869140625
7324,102.0064697265625
7325,92.35816192626953
7328,101.81120300292969
7330,78.20767974853516
7334,92.35816192626953
7337,111.15726470947266
7338,93.66749572753906
7339,92.67700958251953
7341,92.13483428955078
7342,111.15726470947266
7344,110.73005676269531
7345,109.1240234375
7347,110.01451873779297
7349,112.5947494506836
7350,93.5108642578125
7353,110.78886413574219
7355,110.8095932006836
7356,93.26897430419922
7357,111.26841735839844
7358,93.96215057373047
7360,91.86902618408203
7363,101.78178405761719
7364,93.73326110839844
7366,92.68413543701172
7368,92.98927307128906
7369,110.358154296875
7370,92.4190902709961
7373,92.79268646240234
7374,109.89859771728516
7375,93.07418060302734
7377,97.33625793457031
7379,92.43917846679688
7380,119.23993682861328
7382,109.8864974975586
7383,92.45545196533203
7385,92.15318298339844
7386,102.85892486572266
7391,93.35362243652344
7394,106.4811019897461
7396,111.35425567626953
7397,92.72899627685547
7399,96.4736328125
7400,103.13456726074219
7403,77.83568572998047
7405,110.30120849609375
7408,110.46144104003906
7414,109.5553207397461
7416,103.07262420654297
7417,91.51172637939453
7419,91.88618469238281
7420,111.85151672363281
7421,92.93378448486328
7422,93.03565979003906
7423,102.4944839477539
7425,77.88368225097656
7430,92.7475357055664
7432,93.02959442138672
7433,93.49308013916016
7434,109.25994110107422
7436,109.55589294433594
7437,92.27861022949219
7438,102.00530242919922
7440,102.08393859863281
7441,92.28582763671875
7442,110.07732391357422
7445,111.18514251708984
7446,101.99744415283203
7448,110.80616760253906
7450,107.2142562866211
7451,92.47303009033203
7454,111.62300109863281
7455,92.62603759765625
7457,110.33855438232422
7459,101.96763610839844
7462,92.86619567871094
7464,92.47303009033203
7465,112.8238296508789
7466,92.57493591308594
7467,109.69346618652344
7469,111.02587890625
7472,93.13217163085938
7473,109.2004165649414
7479,92.24349975585938
7480,103.27129364013672
7484,110.2868423461914
7491,92.24923706054688
7494,102.87171173095703
7495,92.38426971435547
7501,92.08089447021484
7503,92.02413177490234
7504,102.768310546875
7505,92.02635192871094
7508,111.09439086914062
7509,92.39100646972656
7510,77.85301208496094
7511,110.00096893310547
7515,92.97291564941406
7516,102.72123718261719
7517,93.2012939453125
7518,102.74706268310547
7519,92.2842788696289
7521,92.8488998413086
7522,102.45267486572266
7524,103.60014343261719
7526,102.77725982666016
7527,92.49869537353516
7528,102.05213928222656
7529,92.82164001464844
7534,111.14762878417969
7537,110.5956039428711
7538,93.54829406738281
7540,92.09026336669922
7541,111.35877990722656
7545,112.9123306274414
7551,110.42142486572266
7553,92.38001251220703
7554,102.25157165527344
7555,93.10244750976562
7561,111.39061737060547
7562,94.18267822265625
7564,92.37446594238281
7565,101.97095489501953
7566,92.54660034179688
7567,112.91417694091797
7569,101.65897369384766
7570,92.57765197753906
7571,112.26046752929688
7572,92.8153305053711
7574,103.33767700195312
7578,110.64989471435547
7579,92.6844253540039
7586,91.9124755859375
7587,79.25912475585938
7590,92.33439636230469
7593,109.24844360351562
7594,92.78002166748047
7595,92.54660034179688
7600,91.99449157714844
7601,78.7069320678711
7602,92.71786499023438
7603,111.33790588378906
7604,92.10762023925781
7606,92.90546417236328
7608,110.02046203613281
7613,77.82173156738281
7615,109.88029479980469
7616,109.51599884033203
7617,112.24381256103516
7618,92.27198028564453
7619,102.65311431884766
7622,93.27944946289062
7623,102.09298706054688
7624,93.14535522460938
7625,102.085205078125
7626,92.51461029052734
7627,102.17534637451172
7628,77.70512390136719
7631,102.32423400878906
7632,102.71328735351562
7633,92.79470825195312
7634,116.53947448730469
7635,92.55290985107422
7636,110.39839935302734
7637,110.27115631103516
7639,91.95014953613281
7640,77.70760345458984
7644,110.70917510986328
7645,92.78123474121094
7648,102.03945922851562
7649,93.35088348388672
7650,110.28861236572266
7652,112.82660675048828
7653,92.40757751464844
7655,92.65911865234375
7659,110.77346801757812
7662,93.1612777709961
7664,93.10717010498047
7666,93.21195220947266
7668,92.90681457519531
7669,110.5641860961914
7670,93.29411315917969
7672,93.38105010986328
7673,110.30021667480469
7678,92.11300659179688
7679,77.93867492675781
7680,103.55908966064453
7683,91.66194152832031
7685,114.43903350830078
7688,92.8055419921875
7690,109.23054504394531
7692,92.13636779785156
7693,91.94049835205078
7695,110.57991027832031
7696,92.078857421875
7698,92.34254455566406
7699,109.94242858886719
7702,91.46845245361328
7703,109.94050598144531
7704,92.78710174560547
7707,109.56338500976562
7713,77.79845428466797
7715,102.61830139160156
7717,110.61058044433594
7718,92.02009582519531
7719,102.42084503173828
7721,111.39312744140625
7722,93.11372375488281
7725,100.67295837402344
7727,104.18254089355469
7730,77.63755798339844
7733,91.9426040649414
7735,102.29324340820312
7740,110.1713638305664
7741,109.72051239013672
7742,91.89704895019531
7744,110.09307861328125
7747,92.34197998046875
7750,78.1346435546875
7752,111.04649353027344
7754,110.13026428222656
7756,104.53582763671875
7757,92.23601531982422
7758,102.95906829833984
7760,103.13055419921875
7761,92.37994384765625
7763,109.04727172851562
7765,91.8708724975586
7767,110.12030029296875
7768,91.84627532958984
7771,92.13873291015625
7773,91.74130249023438
7774,115.39913940429688
7776,103.01901245117188
7779,91.50586700439453
7783,91.5551528930664
7786,122.23553466796875
7787,92.23243713378906
7789,91.8823013305664
7791,92.66021728515625
7793,91.50078582763672
7794,109.54876708984375
7795,91.78018951416016
7799,77.45793914794922
7800,108.68022918701172
7802,92.85079956054688
7805,109.97747802734375
7807,101.46730041503906
7808,92.78362274169922
7811,102.90294647216797
7817,109.13565826416016
7818,102.37284851074219
7819,92.39342498779297
7822,91.77261352539062
7823,110.23130798339844
7825,110.28107452392578
7828,91.74466705322266
7832,92.4207763671875
7833,77.80552673339844
7834,109.76727294921875
7835,92.03587341308594
7837,92.31157684326172
7840,91.64749145507812
7842,92.75691986083984
7843,111.07281494140625
7844,91.7094955444336
7846,92.30010223388672
7850,92.19994354248047
7853,110.28430938720703
7855,110.74659729003906
7858,92.46094512939453
7863,110.16783142089844
7865,110.28548431396484
7866,92.12379455566406
7868,91.1693115234375
7869,110.71798706054688
7871,78.1687240600586
7872,101.21219635009766
7874,101.78802490234375
7877,110.81033325195312
7878,92.28129577636719
7879,109.64926147460938
7881,91.5040512084961
7883,91.75542449951172
7885,101.3899917602539
7886,92.05502319335938
7889,93.60199737548828
7890,103.4522705078125
7891,92.20169830322266
7893,91.98368835449219
7894,101.84068298339844
7896,110.01856994628906
7898,101.81292724609375
7901,92.3390121459961
7902,109.42243194580078
7904,110.90638732910156
7905,92.02510070800781
7906,118.33908081054688
7909,92.40242767333984
7910,101.8008041381836
7913,92.1993179321289
7918,110.02082061767578
7919,91.73814392089844
7923,91.00849151611328
7925,92.23764038085938
7927,91.31986999511719
7930,92.52664184570312
7932,92.63809204101562
7933,91.40568542480469
7935,92.04063415527344
7939,102.49976348876953
7942,91.65299224853516
7943,111.4886245727539
7945,101.90692138671875
7946,92.36151123046875
7948,92.48780059814453
7949,108.7578353881836
7950,91.8642349243164
7951,109.96876525878906
7955,101.41238403320312
7959,92.21527099609375
7960,110.01594543457031
7961,93.17147064208984
7962,102.79180908203125
7964,102.8072509765625
7965,92.85173797607422
7966,110.27578735351562
7967,105.44518280029297
7968,92.34662628173828
7971,103.20453643798828
7974,91.75635528564453
7976,110.86722564697266
7978,110.05297088623047
7982,110.01594543457031
7983,92.25711822509766
7984,102.34132385253906
7986,91.59524536132812
7989,108.7578353881836
7991,109.42243194580078
7992,110.08964538574219
7993,91.93617248535156
7994,110.1173095703125
7995,92.27653503417969
7997,91.96852111816406
7998,102.34132385253906
7999,108.92256164550781
8002,91.52429962158203
8007,91.93949890136719
8009,92.8242416381836
8011,92.2624740600586
8013,93.32670593261719
8015,102.36744689941406
8017,110.92385864257812
8019,114.32730102539062
8023,91.9400634765625
8024,110.58059692382812
8026,110.30591583251953
8027,91.91848754882812
8029,92.55841827392578
8030,110.09333801269531
8031,92.21943664550781
8033,93.26835632324219
8035,91.7392807006836
8036,102.34722900390625
8039,103.24313354492188
8042,91.37517547607422
8044,91.92266845703125
8046,77.2499008178711
8048,110.06562042236328
8049,91.96522521972656
8050,101.6621322631836
8053,91.81358337402344
8054,92.12569427490234
8059,91.82083129882812
8061,92.81887817382812
8062,108.64278411865234
8064,109.5297622680664
8066,102.54716491699219
8067,92.8995361328125
8068,91.5255126953125
8070,92.30802917480469
8071,110.78274536132812
8072,92.01883697509766
8076,92.1126708984375
8080,91.265380859375
8081,110.84575653076172
8084,103.90328216552734
8087,109.78691101074219
8089,91.00630187988281
8090,118.99994659423828
8091,102.27933502197266
8094,118.41561889648438
8100,91.49336242675781
8101,92.66149139404297
8110,92.02772521972656
8111,109.43059539794922
8112,92.3177490234375
8115,109.86058807373047
8116,92.95579528808594
8118,109.5297622680664
8121,115.27018737792969
8125,110.8688735961914
8127,110.65013885498047
8128,92.56765747070312
8129,109.45567321777344
8131,92.40601348876953
8138,92.22465515136719
8139,101.48902130126953
8140,91.75696563720703
8141,91.4101333618164
8142,109.9642333984375
8143,109.43647766113281
8145,110.32660675048828
8146,90.85159301757812
8148,108.7211685180664
8153,110.84184265136719
8154,91.05532836914062
8155,114.79780578613281
8161,91.890869140625
8162,110.15576934814453
8163,91.94721221923828
8166,110.29888916015625
8168,110.61418151855469
8170,91.74681854248047
8172,108.9364013671875
8173,91.52303314208984
8176,101.96464538574219
8179,91.46146392822266
8181,91.82968139648438
8182,113.93360137939453
8184,109.93901062011719
8190,102.88194274902344
8191,92.42683410644531
8194,109.70573425292969
8196,111.58419799804688
8198,110.49822235107422
8199,110.28221130371094
8201,110.91529083251953
8202,91.7270278930664
8207,92.72808837890625
8208,108.93485260009766
8211,110.71087646484375
8214,109.68400573730469
8217,91.99907684326172
8218,109.43128967285156
8222,91.69322967529297
8229,102.38236999511719
8231,91.68507385253906
8233,92.28616333007812
8236,91.85848999023438
8238,111.67572784423828
8240,100.87583923339844
8243,102.26464080810547
8246,109.6731948852539
8250,91.96707153320312
8254,92.73143005371094
8256,77.48683166503906
8257,108.89179992675781
8258,91.54103088378906
8260,92.02632141113281
8261,108.96697235107422
8263,113.37308502197266
8264,91.88518524169922
8267,110.270751953125
8268,91.15078735351562
8271,91.84807586669922
8272,108.93485260009766
8275,92.68756866455078
8276,95.30384826660156
8277,114.46720123291016
8278,113.37454986572266
8279,91.95066833496094
8280,108.98625946044922
8281,92.51759338378906
8282,108.67009735107422
8287,110.6708984375
8288,91.07026672363281
8289,111.704345703125
8294,91.46464538574219
8296,91.5661849975586
8299,108.51484680175781
8302,102.10321044921875
8308,110.24862670898438
8314,102.53858947753906
8315,92.95458221435547
8316,109.28893280029297
8317,92.14998626708984
8319,110.29862976074219
8320,91.55774688720703
8321,113.9793930053711
8323,91.48530578613281
8325,91.98529815673828
8326,110.32762145996094
8328,108.89173126220703
8330,109.08541107177734
8331,91.84505462646484
8332,122.33618927001953
8334,92.04891204833984
8338,92.09093475341797
8339,92.39888000488281
8341,91.12898254394531
8345,110.1822738647461
8346,92.19950866699219
8347,102.56792449951172
8349,93.87159729003906
8351,92.00608825683594
8352,110.92610168457031
8353,108.89173126220703
8355,111.98336791992188
8358,108.7571029663086
8359,109.90484619140625
8360,92.00637817382812
8361,109.31342315673828
8363,102.60945892333984
8364,92.05360412597656
8365,92.16898345947266
8366,101.85795593261719
8370,108.87213134765625
8372,91.67498779296875
8376,92.79007720947266
8377,109.64861297607422
8379,108.90985107421875
8380,93.06536865234375
8381,111.0509262084961
8386,90.95272064208984
8388,101.11609649658203
8389,91.83525848388672
8391,110.17807006835938
8394,92.73143005371094
8396,103.29818725585938
8398,101.31436157226562
8400,111.40406799316406
8401,91.96744537353516
8404,91.12898254394531
8407,97.34849548339844
8408,111.25160217285156
8409,109.15030670166016
8410,103.36066436767578
8411,96.6309814453125
8413,97.45758056640625
8414,109.86912536621094
8416,96.62134552001953
